step,best_policy,best_ipc,l1d_prefetcher-berti_l1i_prefetcher-entangling_l2c_replacement-mockingjay_ipc,l1d_prefetcher-berti_l1i_prefetcher-entangling_l2c_replacement-mockingjay_loss,l1d_prefetcher-berti_l1i_prefetcher-entangling_l2c_replacement-mockingjay_loss_pct,l1d_prefetcher-berti_l1i_prefetcher-entangling_l2c_replacement-PACIPV_ipc,l1d_prefetcher-berti_l1i_prefetcher-entangling_l2c_replacement-PACIPV_loss,l1d_prefetcher-berti_l1i_prefetcher-entangling_l2c_replacement-PACIPV_loss_pct,l1d_prefetcher-berti_l1i_prefetcher-barca_l2c_replacement-mockingjay_ipc,l1d_prefetcher-berti_l1i_prefetcher-barca_l2c_replacement-mockingjay_loss,l1d_prefetcher-berti_l1i_prefetcher-barca_l2c_replacement-mockingjay_loss_pct,l1d_prefetcher-berti_l1i_prefetcher-barca_l2c_replacement-PACIPV_ipc,l1d_prefetcher-berti_l1i_prefetcher-barca_l2c_replacement-PACIPV_loss,l1d_prefetcher-berti_l1i_prefetcher-barca_l2c_replacement-PACIPV_loss_pct,l1d_prefetcher-gaze_l1i_prefetcher-entangling_l2c_replacement-mockingjay_ipc,l1d_prefetcher-gaze_l1i_prefetcher-entangling_l2c_replacement-mockingjay_loss,l1d_prefetcher-gaze_l1i_prefetcher-entangling_l2c_replacement-mockingjay_loss_pct,l1d_prefetcher-gaze_l1i_prefetcher-entangling_l2c_replacement-PACIPV_ipc,l1d_prefetcher-gaze_l1i_prefetcher-entangling_l2c_replacement-PACIPV_loss,l1d_prefetcher-gaze_l1i_prefetcher-entangling_l2c_replacement-PACIPV_loss_pct,l1d_prefetcher-gaze_l1i_prefetcher-barca_l2c_replacement-mockingjay_ipc,l1d_prefetcher-gaze_l1i_prefetcher-barca_l2c_replacement-mockingjay_loss,l1d_prefetcher-gaze_l1i_prefetcher-barca_l2c_replacement-mockingjay_loss_pct,l1d_prefetcher-gaze_l1i_prefetcher-barca_l2c_replacement-PACIPV_ipc,l1d_prefetcher-gaze_l1i_prefetcher-barca_l2c_replacement-PACIPV_loss,l1d_prefetcher-gaze_l1i_prefetcher-barca_l2c_replacement-PACIPV_loss_pct
0,l1d_prefetcher-gaze_l1i_prefetcher-entangling_l2c_replacement-mockingjay,1.138745,1.131465,0.007279999999999953,0.6393002823283487,1.131465,0.007279999999999953,0.6393002823283487,1.131465,0.007279999999999953,0.6393002823283487,1.131465,0.007279999999999953,0.6393002823283487,1.138745,0.0,0.0,1.138745,0.0,0.0,1.138745,0.0,0.0,1.138745,0.0,0.0
1,l1d_prefetcher-gaze_l1i_prefetcher-entangling_l2c_replacement-mockingjay,1.183649,1.180331,0.003317999999999932,0.28031958798595974,1.180331,0.003317999999999932,0.28031958798595974,1.180296,0.0033529999999999394,0.28327654566513716,1.180296,0.0033529999999999394,0.28327654566513716,1.183649,0.0,0.0,1.183649,0.0,0.0,1.183614,3.500000000000725e-05,0.002956957679177463,1.183614,3.500000000000725e-05,0.002956957679177463
2,l1d_prefetcher-gaze_l1i_prefetcher-entangling_l2c_replacement-mockingjay,1.18416,1.17111,0.013050000000000006,1.1020470206728825,1.17111,0.013050000000000006,1.1020470206728825,1.17111,0.013050000000000006,1.1020470206728825,1.17111,0.013050000000000006,1.1020470206728825,1.18416,0.0,0.0,1.18416,0.0,0.0,1.184125,3.500000000000725e-05,0.0029556816646405253,1.184125,3.500000000000725e-05,0.0029556816646405253
3,l1d_prefetcher-gaze_l1i_prefetcher-barca_l2c_replacement-mockingjay,0.542899,0.538823,0.0040759999999999685,0.7507842158486142,0.538823,0.0040759999999999685,0.7507842158486142,0.538821,0.004078000000000026,0.7511526084962444,0.538821,0.004078000000000026,0.7511526084962444,0.542799,9.999999999998899e-05,0.01841963238097491,0.542799,9.999999999998899e-05,0.01841963238097491,0.542899,0.0,0.0,0.542899,0.0,0.0
4,l1d_prefetcher-gaze_l1i_prefetcher-barca_l2c_replacement-mockingjay,0.494452,0.49097,0.003481999999999985,0.7042139580788398,0.49097,0.003481999999999985,0.7042139580788398,0.488256,0.006195999999999979,1.2531044469432784,0.488256,0.006195999999999979,1.2531044469432784,0.493081,0.001371000000000011,0.2772766618397764,0.493081,0.001371000000000011,0.2772766618397764,0.494452,0.0,0.0,0.494452,0.0,0.0
5,l1d_prefetcher-gaze_l1i_prefetcher-barca_l2c_replacement-mockingjay,0.616184,0.615558,0.0006259999999999044,0.10159303065316601,0.615558,0.0006259999999999044,0.10159303065316601,0.615567,0.0006169999999999787,0.10013242797605566,0.615567,0.0006169999999999787,0.10013242797605566,0.616178,5.999999999950489e-06,0.000973735118073577,0.616178,5.999999999950489e-06,0.000973735118073577,0.616184,0.0,0.0,0.616184,0.0,0.0
6,l1d_prefetcher-gaze_l1i_prefetcher-entangling_l2c_replacement-mockingjay,0.60505,0.601991,0.003058999999999923,0.505578051400698,0.601991,0.003058999999999923,0.505578051400698,0.601381,0.0036689999999999223,0.6063961656061354,0.601381,0.0036689999999999223,0.6063961656061354,0.60505,0.0,0.0,0.60505,0.0,0.0,0.604051,0.0009989999999999721,0.1651103214610317,0.604051,0.0009989999999999721,0.1651103214610317
7,l1d_prefetcher-berti_l1i_prefetcher-entangling_l2c_replacement-mockingjay,0.559222,0.559222,0.0,0.0,0.559222,0.0,0.0,0.556024,0.003198000000000034,0.571865913715847,0.556024,0.003198000000000034,0.571865913715847,0.555988,0.003233999999999959,0.578303428691997,0.555988,0.003233999999999959,0.578303428691997,0.556317,0.0029050000000000464,0.5194716946042979,0.556317,0.0029050000000000464,0.5194716946042979
8,l1d_prefetcher-berti_l1i_prefetcher-entangling_l2c_replacement-mockingjay,1.204296,1.204296,0.0,0.0,1.204296,0.0,0.0,1.204245,5.100000000002325e-05,0.004234839275396019,1.204245,5.100000000002325e-05,0.004234839275396019,1.204296,0.0,0.0,1.204296,0.0,0.0,1.204245,5.100000000002325e-05,0.004234839275396019,1.204245,5.100000000002325e-05,0.004234839275396019
9,l1d_prefetcher-gaze_l1i_prefetcher-entangling_l2c_replacement-mockingjay,0.591396,0.589079,0.0023170000000000135,0.39178486158175124,0.589079,0.0023170000000000135,0.39178486158175124,0.589223,0.0021729999999999805,0.36743569452616864,0.589223,0.0021729999999999805,0.36743569452616864,0.591396,0.0,0.0,0.591396,0.0,0.0,0.591384,1.2000000000012001e-05,0.0020290972546334438,0.591384,1.2000000000012001e-05,0.0020290972546334438
10,l1d_prefetcher-gaze_l1i_prefetcher-barca_l2c_replacement-mockingjay,0.601082,0.598601,0.0024809999999999555,0.4127556639526646,0.598601,0.0024809999999999555,0.4127556639526646,0.599074,0.0020080000000000098,0.33406423749172487,0.599074,0.0020080000000000098,0.33406423749172487,0.599989,0.0010930000000000106,0.1818387507860842,0.599989,0.0010930000000000106,0.1818387507860842,0.601082,0.0,0.0,0.601082,0.0,0.0
11,l1d_prefetcher-berti_l1i_prefetcher-barca_l2c_replacement-mockingjay,0.348741,0.348395,0.00034600000000001296,0.09921402989611573,0.348395,0.00034600000000001296,0.09921402989611573,0.348741,0.0,0.0,0.348741,0.0,0.0,0.348257,0.00048400000000003995,0.13878494355411033,0.348257,0.00048400000000003995,0.13878494355411033,0.348533,0.00020800000000004149,0.059643116238137034,0.348533,0.00020800000000004149,0.059643116238137034
12,l1d_prefetcher-berti_l1i_prefetcher-barca_l2c_replacement-mockingjay,0.235122,0.235068,5.3999999999998494e-05,0.022966800214356164,0.235068,5.3999999999998494e-05,0.022966800214356164,0.235122,0.0,0.0,0.235122,0.0,0.0,0.235065,5.7000000000001494e-05,0.02424273355959948,0.235065,5.7000000000001494e-05,0.02424273355959948,0.235122,0.0,0.0,0.235122,0.0,0.0
13,l1d_prefetcher-gaze_l1i_prefetcher-entangling_l2c_replacement-PACIPV,0.200128,0.199213,0.0009149999999999991,0.45720738727214544,0.199213,0.0009149999999999991,0.45720738727214544,0.197892,0.002235999999999988,1.1172849376399043,0.197898,0.0022300000000000098,1.1142868564119013,0.200074,5.3999999999998494e-05,0.026982731052125886,0.200128,0.0,0.0,0.199675,0.00045300000000000895,0.22635513271506685,0.199261,0.0008670000000000067,0.43322273744803663
14,l1d_prefetcher-gaze_l1i_prefetcher-entangling_l2c_replacement-mockingjay,0.231984,0.228893,0.0030909999999999827,1.332419477205317,0.228893,0.0030909999999999827,1.332419477205317,0.230257,0.0017270000000000063,0.7444478929581378,0.230257,0.0017270000000000063,0.7444478929581378,0.231984,0.0,0.0,0.231984,0.0,0.0,0.23059,0.0013940000000000063,0.6009035105869398,0.230594,0.0013900000000000023,0.5991792537416384
15,l1d_prefetcher-gaze_l1i_prefetcher-entangling_l2c_replacement-mockingjay,0.209652,0.207555,0.0020970000000000155,1.000228950832816,0.20796,0.001691999999999999,0.8070516856505061,0.207533,0.0021190000000000098,1.0107225306698766,0.207533,0.0021190000000000098,1.0107225306698766,0.209652,0.0,0.0,0.209652,0.0,0.0,0.209144,0.0005080000000000084,0.24230629805582987,0.209144,0.0005080000000000084,0.24230629805582987
16,l1d_prefetcher-berti_l1i_prefetcher-entangling_l2c_replacement-mockingjay,0.17337,0.17337,0.0,0.0,0.173283,8.700000000000374e-05,0.05018169233431606,0.170027,0.003342999999999985,1.9282459479725356,0.170027,0.003342999999999985,1.9282459479725356,0.171395,0.0019750000000000045,1.1391820960950594,0.171439,0.0019309999999999883,1.113802849397236,0.169504,0.0038660000000000083,2.229912903039746,0.169826,0.0035439999999999916,2.044182961296644
17,l1d_prefetcher-berti_l1i_prefetcher-entangling_l2c_replacement-mockingjay,0.196993,0.196993,0.0,0.0,0.196993,0.0,0.0,0.19432,0.0026730000000000087,1.356901006634758,0.194163,0.002829999999999999,1.436599270024823,0.19679,0.00020300000000000873,0.10304934693111366,0.196855,0.00013799999999999923,0.0700532506231182,0.193927,0.003066000000000013,1.5564004812353804,0.193926,0.003067000000000014,1.5569081134862732
18,l1d_prefetcher-gaze_l1i_prefetcher-entangling_l2c_replacement-mockingjay,0.19955,0.199251,0.0002989999999999937,0.14983713355048545,0.199386,0.00016399999999999748,0.08218491606113629,0.198873,0.0006770000000000109,0.33926334252067697,0.198956,0.0005940000000000112,0.2976697569531502,0.19955,0.0,0.0,0.199544,6.0000000000060005e-06,0.003006765221751942,0.199417,0.00013299999999999423,0.06664996241543183,0.19921,0.00034000000000000696,0.1703833625657765
19,l1d_prefetcher-gaze_l1i_prefetcher-entangling_l2c_replacement-mockingjay,0.345636,0.345438,0.00019799999999997597,0.057285699406304895,0.345438,0.00019799999999997597,0.057285699406304895,0.344523,0.0011129999999999751,0.32201506787486694,0.344523,0.0011129999999999751,0.32201506787486694,0.345636,0.0,0.0,0.345636,0.0,0.0,0.345058,0.0005780000000000229,0.1672279507921695,0.344734,0.0009020000000000139,0.26096818618431356
20,l1d_prefetcher-gaze_l1i_prefetcher-barca_l2c_replacement-mockingjay,0.305049,0.301451,0.00359799999999999,1.179482640493819,0.301451,0.00359799999999999,1.179482640493819,0.301115,0.003933999999999993,1.2896288792947994,0.301115,0.003933999999999993,1.2896288792947994,0.304698,0.0003509999999999902,0.11506348160459147,0.304698,0.0003509999999999902,0.11506348160459147,0.305049,0.0,0.0,0.305049,0.0,0.0
21,l1d_prefetcher-berti_l1i_prefetcher-entangling_l2c_replacement-mockingjay,0.219217,0.219217,0.0,0.0,0.219217,0.0,0.0,0.218867,0.0003499999999999892,0.1596591505220805,0.218631,0.0005860000000000032,0.2673150348741216,0.219142,7.499999999999174e-05,0.034212675111871683,0.219142,7.499999999999174e-05,0.034212675111871683,0.219093,0.00012399999999998523,0.05656495618496068,0.219093,0.00012399999999998523,0.05656495618496068
22,l1d_prefetcher-berti_l1i_prefetcher-barca_l2c_replacement-mockingjay,0.247442,0.246697,0.0007449999999999957,0.3010806572853419,0.246697,0.0007449999999999957,0.3010806572853419,0.247442,0.0,0.0,0.247442,0.0,0.0,0.245285,0.0021569999999999923,0.8717194332409179,0.245285,0.0021569999999999923,0.8717194332409179,0.244128,0.0033139999999999836,1.33930375603171,0.244128,0.0033139999999999836,1.33930375603171
23,l1d_prefetcher-gaze_l1i_prefetcher-entangling_l2c_replacement-mockingjay,0.199114,0.197817,0.0012970000000000204,0.6513856383780248,0.197817,0.0012970000000000204,0.6513856383780248,0.196692,0.0024220000000000075,1.2163886015046694,0.196702,0.0024120000000000252,1.2113663529435525,0.199114,0.0,0.0,0.199114,0.0,0.0,0.197694,0.0014200000000000046,0.713159295679864,0.197695,0.0014190000000000036,0.712657070823751
24,l1d_prefetcher-gaze_l1i_prefetcher-barca_l2c_replacement-mockingjay,0.275623,0.274296,0.0013270000000000226,0.48145474071468003,0.274296,0.0013270000000000226,0.48145474071468003,0.274988,0.0006349999999999967,0.2303871592719028,0.274988,0.0006349999999999967,0.2303871592719028,0.274996,0.0006269999999999887,0.22748464387949796,0.274996,0.0006269999999999887,0.22748464387949796,0.275623,0.0,0.0,0.275623,0.0,0.0
25,l1d_prefetcher-gaze_l1i_prefetcher-barca_l2c_replacement-mockingjay,0.338842,0.338747,9.499999999995623e-05,0.028036666056733297,0.338747,9.499999999995623e-05,0.028036666056733297,0.33883,1.199999999995649e-05,0.0035414736071551016,0.33883,1.199999999995649e-05,0.0035414736071551016,0.338632,0.00020999999999998797,0.06197578812543545,0.338632,0.00020999999999998797,0.06197578812543545,0.338842,0.0,0.0,0.338842,0.0,0.0
26,l1d_prefetcher-gaze_l1i_prefetcher-entangling_l2c_replacement-mockingjay,0.21047,0.208738,0.0017319999999999836,0.8229201311350709,0.208541,0.0019289999999999863,0.9165201691452398,0.207407,0.0030629999999999824,1.4553142965743253,0.207103,0.003366999999999981,1.5997529339098122,0.21047,0.0,0.0,0.21047,0.0,0.0,0.209183,0.0012869999999999826,0.611488573193321,0.209119,0.001350999999999991,0.6418967073692171
27,l1d_prefetcher-gaze_l1i_prefetcher-entangling_l2c_replacement-mockingjay,0.206027,0.205163,0.0008639999999999759,0.41936251073887204,0.205161,0.0008659999999999779,0.42033325729150933,0.205259,0.0007679999999999909,0.3727666762123367,0.205262,0.0007649999999999879,0.37131055638338084,0.206027,0.0,0.0,0.205828,0.00019899999999997697,0.09658928198730117,0.204127,0.001899999999999985,0.9222092250044824,0.204118,0.001908999999999994,0.9265775844913502
28,l1d_prefetcher-gaze_l1i_prefetcher-entangling_l2c_replacement-mockingjay,0.193429,0.19218,0.0012490000000000001,0.6457149651810226,0.19218,0.0012490000000000001,0.6457149651810226,0.191725,0.0017039999999999833,0.880943395250962,0.191725,0.0017039999999999833,0.880943395250962,0.193429,0.0,0.0,0.193429,0.0,0.0,0.192926,0.0005030000000000034,0.260043736978428,0.192926,0.0005030000000000034,0.260043736978428
29,l1d_prefetcher-gaze_l1i_prefetcher-entangling_l2c_replacement-mockingjay,0.205011,0.204201,0.0008100000000000052,0.39510075069142886,0.204201,0.0008100000000000052,0.39510075069142886,0.204149,0.0008620000000000017,0.42046524332840757,0.204153,0.0008579999999999977,0.41851412851017633,0.205011,0.0,0.0,0.204973,3.800000000001025e-05,0.018535590773183026,0.204707,0.0003039999999999987,0.14828472618542357,0.204707,0.0003039999999999987,0.14828472618542357
30,l1d_prefetcher-gaze_l1i_prefetcher-entangling_l2c_replacement-mockingjay,0.258604,0.258562,4.199999999998649e-05,0.016241048088964784,0.258562,4.199999999998649e-05,0.016241048088964784,0.257994,0.0006099999999999994,0.23588188891123085,0.257382,0.0012220000000000009,0.4725371610647944,0.258604,0.0,0.0,0.258604,0.0,0.0,0.257884,0.0007199999999999984,0.27841796723948525,0.258088,0.0005160000000000164,0.19953287652163787
31,l1d_prefetcher-gaze_l1i_prefetcher-entangling_l2c_replacement-mockingjay,0.195542,0.195249,0.0002929999999999877,0.14983993208619514,0.195249,0.0002929999999999877,0.14983993208619514,0.19314,0.0024019999999999875,1.2283806036554743,0.193126,0.0024160000000000015,1.2355401908541395,0.195542,0.0,0.0,0.195542,0.0,0.0,0.195373,0.00016900000000000248,0.08642644546951676,0.195373,0.00016900000000000248,0.08642644546951676
32,l1d_prefetcher-berti_l1i_prefetcher-barca_l2c_replacement-PACIPV,0.159478,0.159228,0.0002500000000000002,0.15676143417900915,0.159228,0.0002500000000000002,0.15676143417900915,0.158379,0.0010990000000000166,0.6891232646509341,0.159478,0.0,0.0,0.15211,0.007368000000000013,4.620072988123762,0.152038,0.007440000000000002,4.66522028116731,0.151105,0.00837300000000002,5.250253953523382,0.151188,0.00829000000000002,5.198209157375952
33,l1d_prefetcher-berti_l1i_prefetcher-barca_l2c_replacement-mockingjay,0.227902,0.227278,0.0006239999999999857,0.2738018973067308,0.227263,0.0006390000000000007,0.2803836736843032,0.227902,0.0,0.0,0.227902,0.0,0.0,0.206025,0.02187699999999998,9.599301454133785,0.206025,0.02187699999999998,9.599301454133785,0.206025,0.02187699999999998,9.599301454133785,0.206025,0.02187699999999998,9.599301454133785
34,l1d_prefetcher-berti_l1i_prefetcher-entangling_l2c_replacement-PACIPV,0.179052,0.178751,0.0003009999999999957,0.168107588856866,0.179052,0.0,0.0,0.177792,0.0012599999999999834,0.703706185912463,0.178135,0.0009170000000000011,0.5121417241918556,0.168472,0.010579999999999978,5.90889797377297,0.168443,0.01060899999999998,5.925094385988417,0.168472,0.010579999999999978,5.90889797377297,0.168443,0.01060899999999998,5.925094385988417
35,l1d_prefetcher-berti_l1i_prefetcher-entangling_l2c_replacement-mockingjay,0.210624,0.210624,0.0,0.0,0.210624,0.0,0.0,0.210624,0.0,0.0,0.210624,0.0,0.0,0.210533,9.100000000000774e-05,0.04320495290185722,0.210533,9.100000000000774e-05,0.04320495290185722,0.210232,0.00039200000000000346,0.18611364326952456,0.210232,0.00039200000000000346,0.18611364326952456
36,l1d_prefetcher-gaze_l1i_prefetcher-entangling_l2c_replacement-mockingjay,0.448565,0.446467,0.0020979999999999888,0.46771370927290107,0.446467,0.0020979999999999888,0.46771370927290107,0.448099,0.00046599999999996644,0.1038868391425917,0.448099,0.00046599999999996644,0.1038868391425917,0.448565,0.0,0.0,0.448565,0.0,0.0,0.448099,0.00046599999999996644,0.1038868391425917,0.448099,0.00046599999999996644,0.1038868391425917
37,l1d_prefetcher-berti_l1i_prefetcher-entangling_l2c_replacement-mockingjay,0.947338,0.947338,0.0,0.0,0.947338,0.0,0.0,0.947338,0.0,0.0,0.947338,0.0,0.0,0.944889,0.0024490000000000345,0.2585138567227362,0.944889,0.0024490000000000345,0.2585138567227362,0.944889,0.0024490000000000345,0.2585138567227362,0.944889,0.0024490000000000345,0.2585138567227362
38,l1d_prefetcher-berti_l1i_prefetcher-barca_l2c_replacement-mockingjay,0.525522,0.525446,7.6000000000076e-05,0.014461811303822866,0.525446,7.6000000000076e-05,0.014461811303822866,0.525522,0.0,0.0,0.525522,0.0,0.0,0.52477,0.0007520000000000859,0.1430958171113837,0.52477,0.0007520000000000859,0.1430958171113837,0.525032,0.0004899999999999904,0.09324062551139446,0.525032,0.0004899999999999904,0.09324062551139446
39,l1d_prefetcher-gaze_l1i_prefetcher-entangling_l2c_replacement-mockingjay,0.322337,0.320573,0.0017639999999999878,0.5472533404480366,0.320567,0.0017699999999999938,0.5491147463679298,0.320286,0.0020509999999999695,0.6362905902828312,0.320286,0.0020509999999999695,0.6362905902828312,0.322337,0.0,0.0,0.322324,1.2999999999985246e-05,0.004033046159759893,0.3215,0.0008369999999999767,0.2596661258248283,0.321501,0.0008360000000000034,0.2593558915048547
40,l1d_prefetcher-gaze_l1i_prefetcher-entangling_l2c_replacement-mockingjay,0.249047,0.246312,0.0027349999999999874,1.0981862861226948,0.246312,0.0027349999999999874,1.0981862861226948,0.246046,0.0030010000000000037,1.204993434974123,0.2459,0.003146999999999983,1.2636169076519628,0.249047,0.0,0.0,0.249047,0.0,0.0,0.247875,0.0011719999999999786,0.4705939039618942,0.24799,0.0010570000000000024,0.424417880962229
41,l1d_prefetcher-gaze_l1i_prefetcher-barca_l2c_replacement-PACIPV,0.325944,0.323356,0.0025880000000000347,0.7940014235574315,0.323356,0.0025880000000000347,0.7940014235574315,0.324132,0.0018120000000000358,0.5559237169575251,0.324132,0.0018120000000000358,0.5559237169575251,0.325781,0.00016300000000002424,0.0500085904327198,0.325785,0.00015900000000002024,0.04878138575952318,0.325933,1.1000000000038757e-05,0.003374812851299228,0.325944,0.0,0.0
42,l1d_prefetcher-gaze_l1i_prefetcher-barca_l2c_replacement-mockingjay,0.258684,0.258042,0.0006420000000000314,0.24817924572065972,0.258042,0.0006420000000000314,0.24817924572065972,0.257899,0.0007850000000000357,0.3034590465587495,0.257899,0.0007850000000000357,0.3034590465587495,0.258508,0.00017600000000000948,0.06803667795457372,0.258508,0.00017600000000000948,0.06803667795457372,0.258684,0.0,0.0,0.258684,0.0,0.0
43,l1d_prefetcher-gaze_l1i_prefetcher-barca_l2c_replacement-mockingjay,0.279522,0.276898,0.002624000000000015,0.9387454296978468,0.276898,0.002624000000000015,0.9387454296978468,0.276987,0.0025350000000000095,0.9069053598643432,0.276987,0.0025350000000000095,0.9069053598643432,0.279352,0.00017000000000000348,0.06081811091792541,0.279352,0.00017000000000000348,0.06081811091792541,0.279522,0.0,0.0,0.279522,0.0,0.0
44,l1d_prefetcher-gaze_l1i_prefetcher-entangling_l2c_replacement-mockingjay,0.334692,0.330615,0.004076999999999997,1.2181348822200702,0.330615,0.004076999999999997,1.2181348822200702,0.329351,0.005340999999999985,1.5957955373895956,0.329351,0.005340999999999985,1.5957955373895956,0.334692,0.0,0.0,0.334692,0.0,0.0,0.334006,0.0006859999999999644,0.20496456443535085,0.334006,0.0006859999999999644,0.20496456443535085
45,l1d_prefetcher-gaze_l1i_prefetcher-entangling_l2c_replacement-mockingjay,0.215819,0.214717,0.0011020000000000196,0.5106130600178944,0.214665,0.0011540000000000161,0.5347073241929654,0.213582,0.0022370000000000168,1.0365167107622668,0.213781,0.002038000000000012,0.9443098151691982,0.215819,0.0,0.0,0.215616,0.00020300000000000873,0.09406030052961449,0.214798,0.0010210000000000219,0.47308161005287847,0.21444,0.001379000000000019,0.6389613518735695
46,l1d_prefetcher-gaze_l1i_prefetcher-entangling_l2c_replacement-mockingjay,0.189128,0.188024,0.0011039999999999939,0.583731652637364,0.188065,0.0010629999999999806,0.5620532126390491,0.185305,0.003822999999999993,2.0213823442324736,0.185149,0.0039789999999999826,2.1038661647138355,0.189128,0.0,0.0,0.189119,8.999999999981245e-06,0.004758681950838187,0.187479,0.0016489999999999838,0.8718962818831605,0.187706,0.0014219999999999788,0.7518717482339892
47,l1d_prefetcher-gaze_l1i_prefetcher-entangling_l2c_replacement-mockingjay,0.200809,0.200021,0.0007879999999999832,0.3924126906662466,0.200021,0.0007879999999999832,0.3924126906662466,0.196234,0.004574999999999996,2.2782843398453236,0.196234,0.004574999999999996,2.2782843398453236,0.200809,0.0,0.0,0.200809,0.0,0.0,0.198363,0.002445999999999976,1.2180728951391502,0.198363,0.002445999999999976,1.2180728951391502
48,l1d_prefetcher-gaze_l1i_prefetcher-barca_l2c_replacement-mockingjay,0.332604,0.328983,0.0036209999999999853,1.08868203629541,0.328983,0.0036209999999999853,1.08868203629541,0.32884,0.0037639999999999896,1.1316761073228192,0.32884,0.0037639999999999896,1.1316761073228192,0.332395,0.00020900000000001473,0.06283748842467761,0.332395,0.00020900000000001473,0.06283748842467761,0.332604,0.0,0.0,0.332604,0.0,0.0
49,l1d_prefetcher-gaze_l1i_prefetcher-entangling_l2c_replacement-mockingjay,0.301673,0.299359,0.0023140000000000382,0.7670557192722047,0.299355,0.0023180000000000422,0.7683816582856411,0.299188,0.002485000000000015,0.8237396120965464,0.299183,0.0024900000000000477,0.8253970358633513,0.301673,0.0,0.0,0.301667,6.0000000000060005e-06,0.0019889085201546045,0.301455,0.00021800000000005149,0.07226367623222876,0.301462,0.00021100000000001673,0.06994328295870585
50,l1d_prefetcher-gaze_l1i_prefetcher-entangling_l2c_replacement-mockingjay,0.253268,0.251708,0.0015600000000000058,0.615948323515014,0.251708,0.0015600000000000058,0.615948323515014,0.251589,0.001678999999999986,0.662934125116472,0.251605,0.00166299999999997,0.6566167064137475,0.253268,0.0,0.0,0.253268,0.0,0.0,0.252174,0.0010939999999999839,0.43195350379834163,0.252171,0.0010970000000000146,0.43313801980511346
51,l1d_prefetcher-gaze_l1i_prefetcher-entangling_l2c_replacement-mockingjay,0.234637,0.231861,0.0027760000000000007,1.183104114014414,0.231861,0.0027760000000000007,1.183104114014414,0.228983,0.00565400000000002,2.409679632794495,0.228983,0.00565400000000002,2.409679632794495,0.234637,0.0,0.0,0.234637,0.0,0.0,0.231861,0.0027760000000000007,1.183104114014414,0.231861,0.0027760000000000007,1.183104114014414
52,l1d_prefetcher-gaze_l1i_prefetcher-entangling_l2c_replacement-mockingjay,0.29548,0.295429,5.100000000002325e-05,0.01726005144172981,0.295429,5.100000000002325e-05,0.01726005144172981,0.294824,0.0006560000000000454,0.222011642073929,0.294824,0.0006560000000000454,0.222011642073929,0.29548,0.0,0.0,0.29548,0.0,0.0,0.293895,0.001585000000000003,0.5364153242182222,0.293917,0.0015630000000000366,0.5289698118316084
53,l1d_prefetcher-gaze_l1i_prefetcher-entangling_l2c_replacement-mockingjay,0.147335,0.147262,7.299999999998974e-05,0.049546950826341155,0.147303,3.200000000000425e-05,0.021719211321141782,0.147174,0.00016099999999999448,0.10927478195947636,0.147174,0.00016099999999999448,0.10927478195947636,0.147335,0.0,0.0,0.147334,1.000000000001e-06,0.0006787253537862695,0.147303,3.200000000000425e-05,0.021719211321141782,0.147335,0.0,0.0
54,l1d_prefetcher-berti_l1i_prefetcher-barca_l2c_replacement-mockingjay,0.236576,0.236543,3.300000000000525e-05,0.013949005816314947,0.236545,3.100000000000325e-05,0.013103611524416359,0.236576,0.0,0.0,0.236576,0.0,0.0,0.23506,0.0015160000000000173,0.640808873258495,0.235162,0.0014139999999999986,0.5976937643717023,0.235256,0.0013200000000000156,0.5579602326525157,0.235189,0.0013869999999999993,0.5862809414310831
55,l1d_prefetcher-berti_l1i_prefetcher-barca_l2c_replacement-PACIPV,0.268581,0.268073,0.0005080000000000084,0.1891421954643137,0.267863,0.0007179999999999964,0.26733089831372897,0.268437,0.000144000000000033,0.05361511052532867,0.268581,0.0,0.0,0.26759,0.0009910000000000196,0.36897621201798325,0.26773,0.0008509999999999907,0.3168504101183593,0.268542,3.900000000001125e-05,0.014520759100610707,0.268304,0.0002770000000000272,0.103134622329959
56,l1d_prefetcher-gaze_l1i_prefetcher-entangling_l2c_replacement-mockingjay,0.294106,0.293514,0.0005919999999999814,0.20128797100364546,0.293514,0.0005919999999999814,0.20128797100364546,0.292089,0.002016999999999991,0.6858071579634524,0.292089,0.002016999999999991,0.6858071579634524,0.294106,0.0,0.0,0.294106,0.0,0.0,0.294089,1.6999999999989246e-05,0.005780228897060667,0.294089,1.6999999999989246e-05,0.005780228897060667
57,l1d_prefetcher-berti_l1i_prefetcher-entangling_l2c_replacement-mockingjay,0.297036,0.297036,0.0,0.0,0.297036,0.0,0.0,0.293966,0.003070000000000017,1.0335447555178554,0.293966,0.003070000000000017,1.0335447555178554,0.297023,1.3000000000040757e-05,0.004376573883314062,0.297023,1.3000000000040757e-05,0.004376573883314062,0.296809,0.00022700000000003273,0.07642171319302465,0.296809,0.00022700000000003273,0.07642171319302465
58,l1d_prefetcher-gaze_l1i_prefetcher-entangling_l2c_replacement-mockingjay,0.203246,0.201776,0.001469999999999999,0.7232614664003223,0.201976,0.0012700000000000211,0.6248585458016497,0.200947,0.0022990000000000232,1.1311415722818767,0.200947,0.0022990000000000232,1.1311415722818767,0.203246,0.0,0.0,0.203246,0.0,0.0,0.202409,0.0008370000000000044,0.41181622270549206,0.202544,0.0007020000000000082,0.3453942513013826
59,l1d_prefetcher-gaze_l1i_prefetcher-barca_l2c_replacement-PACIPV,0.247069,0.245652,0.0014170000000000016,0.5735239953211457,0.245647,0.0014220000000000066,0.5755477214867128,0.245456,0.0016130000000000033,0.6528540610112977,0.245439,0.0016300000000000203,0.659734729974226,0.247047,2.2000000000022002e-05,0.00890439512849528,0.247024,4.500000000001725e-05,0.018213535490092747,0.247021,4.800000000002025e-05,0.01942777118943301,0.247069,0.0,0.0
60,l1d_prefetcher-berti_l1i_prefetcher-entangling_l2c_replacement-mockingjay,0.257464,0.257464,0.0,0.0,0.257464,0.0,0.0,0.25507,0.0023940000000000072,0.9298387347357326,0.25507,0.0023940000000000072,0.9298387347357326,0.255672,0.0017920000000000158,0.6960196376969269,0.255672,0.0017920000000000158,0.6960196376969269,0.254945,0.002519000000000049,0.9783892116956346,0.254945,0.002519000000000049,0.9783892116956346
61,l1d_prefetcher-berti_l1i_prefetcher-entangling_l2c_replacement-mockingjay,0.195261,0.195261,0.0,0.0,0.195261,0.0,0.0,0.193994,0.0012669999999999904,0.6488750953851463,0.193994,0.0012669999999999904,0.6488750953851463,0.194078,0.0011829999999999896,0.6058557520446938,0.194078,0.0011829999999999896,0.6058557520446938,0.193417,0.0018439999999999845,0.9443770133308672,0.193395,0.0018659999999999788,0.9556439842057446
62,l1d_prefetcher-gaze_l1i_prefetcher-barca_l2c_replacement-mockingjay,0.37497,0.371295,0.0036750000000000393,0.9800784062725122,0.371295,0.0036750000000000393,0.9800784062725122,0.371291,0.0036790000000000433,0.9811451582793405,0.371291,0.0036790000000000433,0.9811451582793405,0.374967,3.000000000030756e-06,0.0008000640051286117,0.374967,3.000000000030756e-06,0.0008000640051286117,0.37497,0.0,0.0,0.37497,0.0,0.0
63,l1d_prefetcher-gaze_l1i_prefetcher-entangling_l2c_replacement-mockingjay,0.257516,0.255827,0.001688999999999996,0.6558815762904037,0.255827,0.001688999999999996,0.6558815762904037,0.255158,0.0023580000000000267,0.9156712592615708,0.255158,0.0023580000000000267,0.9156712592615708,0.257516,0.0,0.0,0.257516,0.0,0.0,0.257245,0.0002710000000000212,0.10523617949953447,0.257245,0.0002710000000000212,0.10523617949953447
64,l1d_prefetcher-gaze_l1i_prefetcher-entangling_l2c_replacement-mockingjay,0.540476,0.538343,0.0021329999999999405,0.3946521214632917,0.538343,0.0021329999999999405,0.3946521214632917,0.538242,0.0022339999999999582,0.4133393527187069,0.538242,0.0022339999999999582,0.4133393527187069,0.540476,0.0,0.0,0.540476,0.0,0.0,0.539885,0.0005910000000000082,0.10934805615790677,0.539885,0.0005910000000000082,0.10934805615790677
65,l1d_prefetcher-gaze_l1i_prefetcher-entangling_l2c_replacement-mockingjay,0.269613,0.267886,0.0017269999999999786,0.6405477480685199,0.267886,0.0017269999999999786,0.6405477480685199,0.268134,0.001479000000000008,0.5485640529202999,0.268134,0.001479000000000008,0.5485640529202999,0.269613,0.0,0.0,0.269613,0.0,0.0,0.268669,0.0009440000000000004,0.3501314847577826,0.268598,0.0010149999999999881,0.37646552651392484
66,l1d_prefetcher-gaze_l1i_prefetcher-entangling_l2c_replacement-mockingjay,0.224749,0.223335,0.0014139999999999986,0.6291462920858373,0.223322,0.0014270000000000116,0.6349305224939874,0.222144,0.002604999999999996,1.15907078563197,0.222582,0.0021670000000000023,0.9641867149575758,0.224749,0.0,0.0,0.22453,0.00021899999999999697,0.09744203533719704,0.22357,0.0011790000000000134,0.5245852039386218,0.223884,0.0008650000000000047,0.38487379254190435
67,l1d_prefetcher-gaze_l1i_prefetcher-barca_l2c_replacement-mockingjay,0.227577,0.226217,0.00136,0.5975999332094193,0.226217,0.00136,0.5975999332094193,0.225998,0.001578999999999997,0.6938310989247582,0.225998,0.001578999999999997,0.6938310989247582,0.22757,7.000000000007001e-06,0.0030758820091692043,0.22757,7.000000000007001e-06,0.0030758820091692043,0.227577,0.0,0.0,0.227577,0.0,0.0
68,l1d_prefetcher-gaze_l1i_prefetcher-entangling_l2c_replacement-mockingjay,0.203695,0.203238,0.0004569999999999852,0.2243550406244558,0.203571,0.00012399999999998523,0.06087532830947507,0.202839,0.0008559999999999957,0.42023613736223064,0.202836,0.0008589999999999987,0.421708927563268,0.203695,0.0,0.0,0.203667,2.8000000000000247e-05,0.013746041876334839,0.203315,0.00037999999999999146,0.18655342546453837,0.203318,0.00037699999999998846,0.18508063526350105
69,l1d_prefetcher-gaze_l1i_prefetcher-entangling_l2c_replacement-mockingjay,0.189942,0.189571,0.0003710000000000102,0.1953227827442115,0.189576,0.0003660000000000052,0.19269040022744058,0.188915,0.0010270000000000001,0.5406913689442041,0.188757,0.0011849999999999916,0.6238746564740771,0.189942,0.0,0.0,0.189942,0.0,0.0,0.189747,0.00019500000000000073,0.10266291815396317,0.189702,0.00023999999999999022,0.12635436080487214
70,l1d_prefetcher-gaze_l1i_prefetcher-entangling_l2c_replacement-mockingjay,0.225321,0.224058,0.0012629999999999864,0.5605336386754837,0.224058,0.0012629999999999864,0.5605336386754837,0.223961,0.00136,0.6035833322238052,0.223961,0.00136,0.6035833322238052,0.225321,0.0,0.0,0.225321,0.0,0.0,0.225205,0.00011600000000000499,0.051482107748503245,0.225205,0.00011600000000000499,0.051482107748503245
71,l1d_prefetcher-gaze_l1i_prefetcher-entangling_l2c_replacement-mockingjay,0.231244,0.23104,0.00020400000000000973,0.08821850512878593,0.23104,0.00020400000000000973,0.08821850512878593,0.230776,0.0004679999999999962,0.20238362941308582,0.230776,0.0004679999999999962,0.20238362941308582,0.231244,0.0,0.0,0.231244,0.0,0.0,0.231167,7.699999999999374e-05,0.03329816124958647,0.231167,7.699999999999374e-05,0.03329816124958647
72,l1d_prefetcher-gaze_l1i_prefetcher-barca_l2c_replacement-mockingjay,0.17331,0.172631,0.0006789999999999852,0.39178350931855355,0.172631,0.0006789999999999852,0.39178350931855355,0.171836,0.001474000000000003,0.8504991056488392,0.171835,0.001475000000000004,0.8510761063989408,0.17271,0.0005999999999999894,0.346200450060579,0.17271,0.0005999999999999894,0.346200450060579,0.17331,0.0,0.0,0.17331,0.0,0.0
73,l1d_prefetcher-berti_l1i_prefetcher-entangling_l2c_replacement-mockingjay,0.164432,0.164432,0.0,0.0,0.164401,3.100000000000325e-05,0.01885277804807048,0.163255,0.0011769999999999836,0.7157974116960103,0.162818,0.0016140000000000043,0.9815607667607305,0.1644,3.200000000000425e-05,0.019460932178653943,0.164348,8.400000000000074e-05,0.05108494696896026,0.163387,0.0010449999999999904,0.6355210664590776,0.162964,0.001467999999999997,0.8927702636956293
74,l1d_prefetcher-gaze_l1i_prefetcher-entangling_l2c_replacement-mockingjay,0.211643,0.208708,0.002934999999999993,1.3867692293154006,0.208708,0.002934999999999993,1.3867692293154006,0.20982,0.0018229999999999913,0.8613561516326982,0.20982,0.0018229999999999913,0.8613561516326982,0.211643,0.0,0.0,0.211643,0.0,0.0,0.210967,0.0006760000000000099,0.3194057918286973,0.210922,0.0007209999999999994,0.3406680116989456
75,l1d_prefetcher-gaze_l1i_prefetcher-barca_l2c_replacement-mockingjay,0.237498,0.236225,0.0012729999999999964,0.5360045137222192,0.236225,0.0012729999999999964,0.5360045137222192,0.235895,0.0016029999999999933,0.6749530522362266,0.235895,0.0016029999999999933,0.6749530522362266,0.236884,0.0006139999999999757,0.2585284928715087,0.236884,0.0006139999999999757,0.2585284928715087,0.237498,0.0,0.0,0.237474,2.3999999999996247e-05,0.010105348255562677
76,l1d_prefetcher-gaze_l1i_prefetcher-entangling_l2c_replacement-mockingjay,0.197529,0.194503,0.003026000000000001,1.5319269575606622,0.194503,0.003026000000000001,1.5319269575606622,0.19453,0.0029990000000000017,1.5182580785606172,0.195172,0.002356999999999998,1.1932425112261986,0.197529,0.0,0.0,0.197529,0.0,0.0,0.196655,0.0008740000000000137,0.4424666757792596,0.196688,0.0008410000000000084,0.42576026811253453
77,l1d_prefetcher-gaze_l1i_prefetcher-entangling_l2c_replacement-PACIPV,0.223436,0.220866,0.002569999999999989,1.1502175119497255,0.220877,0.0025590000000000057,1.1452944019764075,0.221005,0.0024309999999999887,1.0880073041049736,0.221015,0.0024210000000000065,1.0835317495837764,0.223433,3.0000000000030003e-06,0.001342666356362896,0.223436,0.0,0.0,0.22261,0.0008259999999999934,0.3696808034515447,0.22261,0.0008259999999999934,0.3696808034515447
78,l1d_prefetcher-gaze_l1i_prefetcher-entangling_l2c_replacement-PACIPV,0.196092,0.195597,0.0004949999999999954,0.2524325316688062,0.195597,0.0004949999999999954,0.2524325316688062,0.195006,0.0010859999999999759,0.5538216755400404,0.194795,0.0012969999999999926,0.6614242294433188,0.195723,0.00036899999999998045,0.18817697815310183,0.196092,0.0,0.0,0.194612,0.0014799999999999813,0.7547477714542059,0.195012,0.0010799999999999976,0.5507618872773993
79,l1d_prefetcher-gaze_l1i_prefetcher-barca_l2c_replacement-PACIPV,0.201607,0.199095,0.0025120000000000142,1.2459884825427758,0.199094,0.0025130000000000152,1.2464844970660816,0.1988,0.002807000000000004,1.3923127669178172,0.198759,0.002848000000000017,1.412649362373339,0.201571,3.600000000000825e-05,0.017856522838992816,0.201571,3.600000000000825e-05,0.017856522838992816,0.201488,0.00011900000000000799,0.059025728273327804,0.201607,0.0,0.0
80,l1d_prefetcher-gaze_l1i_prefetcher-barca_l2c_replacement-mockingjay,0.24679,0.244241,0.0025489999999999957,1.032861947404674,0.244241,0.0025489999999999957,1.032861947404674,0.242869,0.003921000000000008,1.588800194497349,0.242869,0.003921000000000008,1.588800194497349,0.246404,0.00038599999999999746,0.1564082823453128,0.246404,0.00038599999999999746,0.1564082823453128,0.24679,0.0,0.0,0.24679,0.0,0.0
81,l1d_prefetcher-gaze_l1i_prefetcher-entangling_l2c_replacement-mockingjay,0.22445,0.222136,0.0023140000000000105,1.030964580084656,0.222136,0.0023140000000000105,1.030964580084656,0.221128,0.0033220000000000194,1.4800623746937043,0.221128,0.0033220000000000194,1.4800623746937043,0.22445,0.0,0.0,0.224324,0.000126000000000015,0.05613722432613722,0.223011,0.0014390000000000236,0.6411227444865331,0.223011,0.0014390000000000236,0.6411227444865331
82,l1d_prefetcher-gaze_l1i_prefetcher-entangling_l2c_replacement-mockingjay,0.208585,0.205921,0.0026639999999999997,1.2771771699786656,0.205921,0.0026639999999999997,1.2771771699786656,0.206008,0.002576999999999996,1.2354675551933247,0.206008,0.002576999999999996,1.2354675551933247,0.208585,0.0,0.0,0.208585,0.0,0.0,0.207217,0.0013679999999999803,0.6558477359349811,0.207217,0.0013679999999999803,0.6558477359349811
83,l1d_prefetcher-gaze_l1i_prefetcher-entangling_l2c_replacement-mockingjay,0.231329,0.229824,0.0015050000000000063,0.6505885556934091,0.229824,0.0015050000000000063,0.6505885556934091,0.229438,0.0018910000000000038,0.8174504709742418,0.229438,0.0018910000000000038,0.8174504709742418,0.231329,0.0,0.0,0.231329,0.0,0.0,0.23057,0.0007590000000000097,0.3281041287516955,0.23057,0.0007590000000000097,0.3281041287516955
84,l1d_prefetcher-berti_l1i_prefetcher-barca_l2c_replacement-mockingjay,0.251519,0.250554,0.0009649999999999936,0.38366882819985515,0.250554,0.0009649999999999936,0.38366882819985515,0.251519,0.0,0.0,0.251519,0.0,0.0,0.250726,0.0007929999999999882,0.315284332396355,0.250844,0.0006749999999999812,0.26836938760092927,0.250021,0.0014979999999999993,0.5955812483351155,0.250021,0.0014979999999999993,0.5955812483351155
85,l1d_prefetcher-berti_l1i_prefetcher-barca_l2c_replacement-mockingjay,0.879694,0.879636,5.8000000000002494e-05,0.006593201726964432,0.879636,5.8000000000002494e-05,0.006593201726964432,0.879694,0.0,0.0,0.879694,0.0,0.0,0.874081,0.005612999999999979,0.6380627809215454,0.874081,0.005612999999999979,0.6380627809215454,0.874138,0.005556000000000005,0.6315832550864284,0.874138,0.005556000000000005,0.6315832550864284
86,l1d_prefetcher-berti_l1i_prefetcher-entangling_l2c_replacement-mockingjay,0.399963,0.399963,0.0,0.0,0.399963,0.0,0.0,0.396311,0.0036519999999999886,0.9130844603125761,0.396311,0.0036519999999999886,0.9130844603125761,0.397383,0.0025800000000000267,0.6450596680192985,0.397383,0.0025800000000000267,0.6450596680192985,0.395712,0.004251000000000005,1.062848313468997,0.395712,0.004251000000000005,1.062848313468997
87,l1d_prefetcher-gaze_l1i_prefetcher-entangling_l2c_replacement-mockingjay,1.580847,1.557312,0.02353499999999986,1.4887588741984432,1.557312,0.02353499999999986,1.4887588741984432,1.557312,0.02353499999999986,1.4887588741984432,1.557312,0.02353499999999986,1.4887588741984432,1.580847,0.0,0.0,1.580847,0.0,0.0,1.580847,0.0,0.0,1.580847,0.0,0.0
88,l1d_prefetcher-gaze_l1i_prefetcher-entangling_l2c_replacement-mockingjay,0.793975,0.789599,0.0043759999999999355,0.5511508548757751,0.789599,0.0043759999999999355,0.5511508548757751,0.789599,0.0043759999999999355,0.5511508548757751,0.789599,0.0043759999999999355,0.5511508548757751,0.793975,0.0,0.0,0.793975,0.0,0.0,0.793975,0.0,0.0,0.793975,0.0,0.0
89,l1d_prefetcher-gaze_l1i_prefetcher-barca_l2c_replacement-mockingjay,1.523693,1.518564,0.005128999999999939,0.33661636563270547,1.518564,0.005128999999999939,0.33661636563270547,1.518622,0.005071000000000048,0.3328098245512743,1.518622,0.005071000000000048,0.3328098245512743,1.523635,5.799999999989147e-05,0.0038065410814311987,1.523635,5.799999999989147e-05,0.0038065410814311987,1.523693,0.0,0.0,1.523693,0.0,0.0
90,l1d_prefetcher-berti_l1i_prefetcher-entangling_l2c_replacement-mockingjay,0.707773,0.707773,0.0,0.0,0.707773,0.0,0.0,0.706693,0.0010799999999999699,0.15259129692711787,0.706693,0.0010799999999999699,0.15259129692711787,0.701926,0.005846999999999936,0.8261123269748826,0.701926,0.005846999999999936,0.8261123269748826,0.700127,0.007645999999999931,1.0802898669488565,0.700127,0.007645999999999931,1.0802898669488565
91,l1d_prefetcher-gaze_l1i_prefetcher-entangling_l2c_replacement-mockingjay,2.122309,2.117433,0.00487599999999988,0.2297497678236242,2.117433,0.00487599999999988,0.2297497678236242,2.117433,0.00487599999999988,0.2297497678236242,2.117433,0.00487599999999988,0.2297497678236242,2.122309,0.0,0.0,2.122309,0.0,0.0,2.122309,0.0,0.0,2.122309,0.0,0.0
92,l1d_prefetcher-gaze_l1i_prefetcher-entangling_l2c_replacement-mockingjay,1.910712,1.906669,0.004043000000000019,0.21159651480704675,1.906669,0.004043000000000019,0.21159651480704675,1.906669,0.004043000000000019,0.21159651480704675,1.906669,0.004043000000000019,0.21159651480704675,1.910712,0.0,0.0,1.910712,0.0,0.0,1.910712,0.0,0.0,1.910712,0.0,0.0
93,l1d_prefetcher-berti_l1i_prefetcher-entangling_l2c_replacement-mockingjay,1.408455,1.408455,0.0,0.0,1.408455,0.0,0.0,1.408455,0.0,0.0,1.408455,0.0,0.0,1.406276,0.002178999999999931,0.15470852813898428,1.406276,0.002178999999999931,0.15470852813898428,1.406276,0.002178999999999931,0.15470852813898428,1.406276,0.002178999999999931,0.15470852813898428
94,l1d_prefetcher-gaze_l1i_prefetcher-entangling_l2c_replacement-mockingjay,1.970327,1.965931,0.0043959999999998445,0.22311017409799716,1.965931,0.0043959999999998445,0.22311017409799716,1.965931,0.0043959999999998445,0.22311017409799716,1.965931,0.0043959999999998445,0.22311017409799716,1.970327,0.0,0.0,1.970327,0.0,0.0,1.970327,0.0,0.0,1.970327,0.0,0.0
95,l1d_prefetcher-gaze_l1i_prefetcher-entangling_l2c_replacement-mockingjay,1.969153,1.964994,0.004159000000000024,0.21120755979855418,1.964994,0.004159000000000024,0.21120755979855418,1.964994,0.004159000000000024,0.21120755979855418,1.964994,0.004159000000000024,0.21120755979855418,1.969153,0.0,0.0,1.969153,0.0,0.0,1.969153,0.0,0.0,1.969153,0.0,0.0
96,l1d_prefetcher-gaze_l1i_prefetcher-entangling_l2c_replacement-mockingjay,1.453003,1.452845,0.0001580000000001025,0.01087403123050004,1.452845,0.0001580000000001025,0.01087403123050004,1.452782,0.00022100000000002673,0.015209879126197725,1.452782,0.00022100000000002673,0.015209879126197725,1.453003,0.0,0.0,1.453003,0.0,0.0,1.45294,6.300000000014627e-05,0.004335847895712966,1.45294,6.300000000014627e-05,0.004335847895712966
97,l1d_prefetcher-berti_l1i_prefetcher-entangling_l2c_replacement-mockingjay,1.070412,1.070412,0.0,0.0,1.070412,0.0,0.0,1.070412,0.0,0.0,1.070412,0.0,0.0,1.067868,0.0025439999999998797,0.23766549702356476,1.067868,0.0025439999999998797,0.23766549702356476,1.067868,0.0025439999999998797,0.23766549702356476,1.067868,0.0025439999999998797,0.23766549702356476
98,l1d_prefetcher-gaze_l1i_prefetcher-entangling_l2c_replacement-mockingjay,0.86331,0.860969,0.0023410000000000375,0.2711656299591152,0.860969,0.0023410000000000375,0.2711656299591152,0.859599,0.00371100000000002,0.4298571776071191,0.859599,0.00371100000000002,0.4298571776071191,0.86331,0.0,0.0,0.86331,0.0,0.0,0.86331,0.0,0.0,0.86331,0.0,0.0
99,l1d_prefetcher-gaze_l1i_prefetcher-entangling_l2c_replacement-mockingjay,1.746527,1.736337,0.010189999999999921,0.583443599784024,1.736337,0.010189999999999921,0.583443599784024,1.736337,0.010189999999999921,0.583443599784024,1.736337,0.010189999999999921,0.583443599784024,1.746527,0.0,0.0,1.746527,0.0,0.0,1.746527,0.0,0.0,1.746527,0.0,0.0
