benchmark,policy,avg_loss,max_loss,min_loss,std_loss,avg_loss_pct,max_loss_pct,times_best,total_steps
400.perlbench-41B,l1d_prefetcher-berti_l1i_prefetcher-barca_l2c_replacement-PACIPV,0.0024607799999999944,0.02353499999999986,0.0,0.0029951384196946935,0.6704834545724131,2.409679632794495,2,100
400.perlbench-41B,l1d_prefetcher-berti_l1i_prefetcher-barca_l2c_replacement-mockingjay,0.002465769999999994,0.02353499999999986,0.0,0.0029908447840573654,0.6745438033774454,2.409679632794495,8,100
400.perlbench-41B,l1d_prefetcher-berti_l1i_prefetcher-entangling_l2c_replacement-PACIPV,0.0019411899999999924,0.02353499999999986,0.0,0.0030102670162279284,0.4542924309269605,1.5319269575606622,1,100
400.perlbench-41B,l1d_prefetcher-berti_l1i_prefetcher-entangling_l2c_replacement-mockingjay,0.0019496999999999917,0.02353499999999986,0.0,0.0030069911721005774,0.4589400854904613,1.5319269575606622,15,100
400.perlbench-41B,l1d_prefetcher-gaze_l1i_prefetcher-barca_l2c_replacement-PACIPV,0.0012532800000000011,0.02187699999999998,0.0,0.0027207804624497854,0.4991701752531131,9.599301454133785,3,100
400.perlbench-41B,l1d_prefetcher-gaze_l1i_prefetcher-barca_l2c_replacement-mockingjay,0.0012506500000000012,0.02187699999999998,0.0,0.0027267778312339754,0.49854296691846417,9.599301454133785,16,100
400.perlbench-41B,l1d_prefetcher-gaze_l1i_prefetcher-entangling_l2c_replacement-PACIPV,0.0008313799999999971,0.02187699999999998,0.0,0.0026576406859764833,0.30826782065496905,9.599301454133785,3,100
400.perlbench-41B,l1d_prefetcher-gaze_l1i_prefetcher-entangling_l2c_replacement-mockingjay,0.000830129999999998,0.02187699999999998,0.0,0.002656569853583692,0.30751789381872396,9.599301454133785,52,100
401.bzip2-226B,l1d_prefetcher-berti_l1i_prefetcher-barca_l2c_replacement-PACIPV,0.02691082999999999,0.06300300000000014,0.0,0.016907835795690735,1.341977646000637,3.1968498817486624,0,100
401.bzip2-226B,l1d_prefetcher-berti_l1i_prefetcher-barca_l2c_replacement-mockingjay,0.02691082999999999,0.06300300000000014,0.0,0.016907835795690735,1.341977646000637,3.1968498817486624,0,100
401.bzip2-226B,l1d_prefetcher-berti_l1i_prefetcher-entangling_l2c_replacement-PACIPV,0.02691082999999999,0.06300300000000014,0.0,0.016907835795690735,1.341977646000637,3.1968498817486624,0,100
401.bzip2-226B,l1d_prefetcher-berti_l1i_prefetcher-entangling_l2c_replacement-mockingjay,0.02691082999999999,0.06300300000000014,0.0,0.016907835795690735,1.341977646000637,3.1968498817486624,12,100
401.bzip2-226B,l1d_prefetcher-gaze_l1i_prefetcher-barca_l2c_replacement-PACIPV,0.0020402199999999993,0.05371900000000007,0.0,0.007425838671241995,0.13575704300075656,3.71852743018806,0,100
401.bzip2-226B,l1d_prefetcher-gaze_l1i_prefetcher-barca_l2c_replacement-mockingjay,0.0020402199999999993,0.05371900000000007,0.0,0.007425838671241995,0.13575704300075656,3.71852743018806,0,100
401.bzip2-226B,l1d_prefetcher-gaze_l1i_prefetcher-entangling_l2c_replacement-PACIPV,0.0020402199999999993,0.05371900000000007,0.0,0.007425838671241995,0.13575704300075656,3.71852743018806,0,100
401.bzip2-226B,l1d_prefetcher-gaze_l1i_prefetcher-entangling_l2c_replacement-mockingjay,0.0020402199999999993,0.05371900000000007,0.0,0.007425838671241995,0.13575704300075656,3.71852743018806,88,100
403.gcc-16B,l1d_prefetcher-berti_l1i_prefetcher-barca_l2c_replacement-PACIPV,0.0005718600000000001,0.005913999999999975,0.0,0.0012147035970502716,0.10822571635416431,0.9732928699796546,0,100
403.gcc-16B,l1d_prefetcher-berti_l1i_prefetcher-barca_l2c_replacement-mockingjay,0.000601759999999989,0.00591699999999995,0.0,0.001182737290091819,0.11270181598671777,0.9737865931128834,0,100
403.gcc-16B,l1d_prefetcher-berti_l1i_prefetcher-entangling_l2c_replacement-PACIPV,0.0005723000000000012,0.005913999999999975,0.0,0.0012161103294246523,0.10832613256024332,0.9732928699796546,52,100
403.gcc-16B,l1d_prefetcher-berti_l1i_prefetcher-entangling_l2c_replacement-mockingjay,0.0006037099999999895,0.00591699999999995,0.0,0.0011850175832561589,0.11304714986299576,0.9737865931128834,23,100
403.gcc-16B,l1d_prefetcher-gaze_l1i_prefetcher-barca_l2c_replacement-PACIPV,0.00026026000000000104,0.009544999999999915,0.0,0.0011847963266982072,0.03387850765138856,0.8184176116267532,1,100
403.gcc-16B,l1d_prefetcher-gaze_l1i_prefetcher-barca_l2c_replacement-mockingjay,0.0003149599999999897,0.009611000000000036,0.0,0.0011800672461578425,0.042409817161102606,0.824076654305377,0,100
403.gcc-16B,l1d_prefetcher-gaze_l1i_prefetcher-entangling_l2c_replacement-PACIPV,0.00025606999999999936,0.009544999999999915,0.0,0.001179150989337901,0.032837604106259695,0.8184176116267532,13,100
403.gcc-16B,l1d_prefetcher-gaze_l1i_prefetcher-entangling_l2c_replacement-mockingjay,0.0002939699999999901,0.009611000000000036,0.0,0.0011634910760033362,0.03877101934583787,0.824076654305377,11,100
410.bwaves-1963B,l1d_prefetcher-berti_l1i_prefetcher-barca_l2c_replacement-PACIPV,0.002186439999999994,0.02509399999999995,0.0,0.005124882473784256,0.12124214879257451,1.3999106297589485,0,100
410.bwaves-1963B,l1d_prefetcher-berti_l1i_prefetcher-barca_l2c_replacement-mockingjay,0.0034793200000000036,0.03750699999999996,0.0,0.007366447300833662,0.19326956567305253,2.107349118084477,0,100
410.bwaves-1963B,l1d_prefetcher-berti_l1i_prefetcher-entangling_l2c_replacement-PACIPV,0.002186439999999994,0.02509399999999995,0.0,0.005124882473784256,0.12124214879257451,1.3999106297589485,35,100
410.bwaves-1963B,l1d_prefetcher-berti_l1i_prefetcher-entangling_l2c_replacement-mockingjay,0.0034793200000000036,0.03750699999999996,0.0,0.007366447300833662,0.19326956567305253,2.107349118084477,65,100
410.bwaves-1963B,l1d_prefetcher-gaze_l1i_prefetcher-barca_l2c_replacement-PACIPV,0.41684859,0.50194,0.3455679999999999,0.031157136692751598,23.16277939253112,26.96495694492421,0,100
410.bwaves-1963B,l1d_prefetcher-gaze_l1i_prefetcher-barca_l2c_replacement-mockingjay,0.4175588499999999,0.50194,0.3455679999999999,0.03069878952714289,23.202971920357296,26.96495694492421,0,100
410.bwaves-1963B,l1d_prefetcher-gaze_l1i_prefetcher-entangling_l2c_replacement-PACIPV,0.41684859,0.50194,0.3455679999999999,0.031157136692751598,23.16277939253112,26.96495694492421,0,100
410.bwaves-1963B,l1d_prefetcher-gaze_l1i_prefetcher-entangling_l2c_replacement-mockingjay,0.4175588499999999,0.50194,0.3455679999999999,0.03069878952714289,23.202971920357296,26.96495694492421,0,100
416.gamess-875B,l1d_prefetcher-berti_l1i_prefetcher-barca_l2c_replacement-PACIPV,0.0016919800000000029,0.012745000000000006,0.0,0.0026778097524475207,0.16988490725018862,1.2922542815745535,0,100
416.gamess-875B,l1d_prefetcher-berti_l1i_prefetcher-barca_l2c_replacement-mockingjay,0.0016919800000000029,0.012745000000000006,0.0,0.0026778097524475207,0.16988490725018862,1.2922542815745535,24,100
416.gamess-875B,l1d_prefetcher-berti_l1i_prefetcher-entangling_l2c_replacement-PACIPV,0.001442409999999994,0.012930000000000108,0.0,0.0025484774146992796,0.14143998459923013,1.3110119937825897,0,100
416.gamess-875B,l1d_prefetcher-berti_l1i_prefetcher-entangling_l2c_replacement-mockingjay,0.001442409999999994,0.012930000000000108,0.0,0.0025484774146992796,0.14143998459923013,1.3110119937825897,40,100
416.gamess-875B,l1d_prefetcher-gaze_l1i_prefetcher-barca_l2c_replacement-PACIPV,0.0034126300000000033,0.02255499999999999,0.0,0.0046746979368843785,0.3563930916124379,2.527422902676008,0,100
416.gamess-875B,l1d_prefetcher-gaze_l1i_prefetcher-barca_l2c_replacement-mockingjay,0.0034126300000000033,0.02255499999999999,0.0,0.0046746979368843785,0.3563930916124379,2.527422902676008,19,100
416.gamess-875B,l1d_prefetcher-gaze_l1i_prefetcher-entangling_l2c_replacement-PACIPV,0.0032847200000000066,0.022127000000000008,0.0,0.0046750962461437175,0.3418648142586796,2.4794629380408812,0,100
416.gamess-875B,l1d_prefetcher-gaze_l1i_prefetcher-entangling_l2c_replacement-mockingjay,0.0032847200000000066,0.022127000000000008,0.0,0.0046750962461437175,0.3418648142586796,2.4794629380408812,17,100
429.mcf-184B,l1d_prefetcher-berti_l1i_prefetcher-barca_l2c_replacement-PACIPV,2.6469999999999965e-05,0.0004220000000000057,0.0,6.469234963278233e-05,0.049909360112616465,0.7538394705236082,0,100
429.mcf-184B,l1d_prefetcher-berti_l1i_prefetcher-barca_l2c_replacement-mockingjay,7.191999999999969e-05,0.00038699999999999846,0.0,6.51625287378808e-05,0.1286548892781623,0.8407226637364958,0,100
429.mcf-184B,l1d_prefetcher-berti_l1i_prefetcher-entangling_l2c_replacement-PACIPV,2.6469999999999965e-05,0.0004220000000000057,0.0,6.469234963278233e-05,0.049909360112616465,0.7538394705236082,60,100
429.mcf-184B,l1d_prefetcher-berti_l1i_prefetcher-entangling_l2c_replacement-mockingjay,7.191999999999969e-05,0.00038699999999999846,0.0,6.51625287378808e-05,0.1286548892781623,0.8407226637364958,6,100
429.mcf-184B,l1d_prefetcher-gaze_l1i_prefetcher-barca_l2c_replacement-PACIPV,4.428999999999933e-05,0.001466999999999996,0.0,0.00014980352755755388,0.07861641850816657,2.2673529002642865,0,100
429.mcf-184B,l1d_prefetcher-gaze_l1i_prefetcher-barca_l2c_replacement-mockingjay,8.861999999999995e-05,0.0014799999999999952,0.0,0.00015126502129265228,0.15585693738181758,2.287445325420002,0,100
429.mcf-184B,l1d_prefetcher-gaze_l1i_prefetcher-entangling_l2c_replacement-PACIPV,4.428999999999933e-05,0.001466999999999996,0.0,0.00014980352755755388,0.07861641850816657,2.2673529002642865,29,100
429.mcf-184B,l1d_prefetcher-gaze_l1i_prefetcher-entangling_l2c_replacement-mockingjay,8.861999999999995e-05,0.0014799999999999952,0.0,0.00015126502129265228,0.15585693738181758,2.287445325420002,5,100
433.milc-127B,l1d_prefetcher-berti_l1i_prefetcher-barca_l2c_replacement-PACIPV,0.001901959999999997,0.02931399999999995,0.0,0.004205124574284624,0.40171271382091417,4.848919935091887,0,100
433.milc-127B,l1d_prefetcher-berti_l1i_prefetcher-barca_l2c_replacement-mockingjay,0.0019007099999999977,0.03170899999999999,0.0,0.004379646783172529,0.3930556443378675,5.245084335874629,0,100
433.milc-127B,l1d_prefetcher-berti_l1i_prefetcher-entangling_l2c_replacement-PACIPV,0.001901959999999997,0.02931399999999995,0.0,0.004205124574284624,0.40171271382091417,4.848919935091887,31,100
433.milc-127B,l1d_prefetcher-berti_l1i_prefetcher-entangling_l2c_replacement-mockingjay,0.0019007099999999977,0.03170899999999999,0.0,0.004379646783172529,0.3930556443378675,5.245084335874629,39,100
433.milc-127B,l1d_prefetcher-gaze_l1i_prefetcher-barca_l2c_replacement-PACIPV,0.0011188399999999999,0.005427000000000015,0.0,0.0011221374870299906,0.39809383885843874,1.3424562619088865,0,100
433.milc-127B,l1d_prefetcher-gaze_l1i_prefetcher-barca_l2c_replacement-mockingjay,0.0011483599999999993,0.005427000000000015,0.0,0.0010856032863590366,0.4038054183149664,1.3424562619088865,0,100
433.milc-127B,l1d_prefetcher-gaze_l1i_prefetcher-entangling_l2c_replacement-PACIPV,0.0011188399999999999,0.005427000000000015,0.0,0.0011221374870299906,0.39809383885843874,1.3424562619088865,7,100
433.milc-127B,l1d_prefetcher-gaze_l1i_prefetcher-entangling_l2c_replacement-mockingjay,0.0011483599999999993,0.005427000000000015,0.0,0.0010856032863590366,0.4038054183149664,1.3424562619088865,23,100
434.zeusmp-10B,l1d_prefetcher-berti_l1i_prefetcher-barca_l2c_replacement-PACIPV,0.0007938299999999965,0.006796999999999942,0.0,0.0015529649586282566,0.1512515149712083,1.3008313684661676,0,100
434.zeusmp-10B,l1d_prefetcher-berti_l1i_prefetcher-barca_l2c_replacement-mockingjay,0.0007980599999999971,0.006796999999999942,0.0,0.001590425683566976,0.15209806052905345,1.3008313684661676,0,100
434.zeusmp-10B,l1d_prefetcher-berti_l1i_prefetcher-entangling_l2c_replacement-PACIPV,0.0007938299999999965,0.006796999999999942,0.0,0.0015529649586282566,0.1512515149712083,1.3008313684661676,2,100
434.zeusmp-10B,l1d_prefetcher-berti_l1i_prefetcher-entangling_l2c_replacement-mockingjay,0.0007980599999999971,0.006796999999999942,0.0,0.001590425683566976,0.15209806052905345,1.3008313684661676,68,100
434.zeusmp-10B,l1d_prefetcher-gaze_l1i_prefetcher-barca_l2c_replacement-PACIPV,0.01898873,0.12138899999999997,0.0,0.029795714055512734,1.2497020749281575,6.847431162696506,0,100
434.zeusmp-10B,l1d_prefetcher-gaze_l1i_prefetcher-barca_l2c_replacement-mockingjay,0.01899201,0.12138899999999997,0.0,0.029794356921971625,1.2503187948333598,6.847431162696506,0,100
434.zeusmp-10B,l1d_prefetcher-gaze_l1i_prefetcher-entangling_l2c_replacement-PACIPV,0.01898873,0.12138899999999997,0.0,0.029795714055512734,1.2497020749281575,6.847431162696506,1,100
434.zeusmp-10B,l1d_prefetcher-gaze_l1i_prefetcher-entangling_l2c_replacement-mockingjay,0.01899201,0.12138899999999997,0.0,0.029794356921971625,1.2503187948333598,6.847431162696506,29,100
435.gromacs-111B,l1d_prefetcher-berti_l1i_prefetcher-barca_l2c_replacement-PACIPV,0.0009544199999999997,0.007863999999999982,0.0,0.0016528251979412408,0.12929644840781132,1.0612413446888653,0,100
435.gromacs-111B,l1d_prefetcher-berti_l1i_prefetcher-barca_l2c_replacement-mockingjay,0.0009451999999999999,0.007863999999999982,0.0,0.0016555278934710245,0.12751700520532153,1.0612413446888653,22,100
435.gromacs-111B,l1d_prefetcher-berti_l1i_prefetcher-entangling_l2c_replacement-PACIPV,0.0010252600000000018,0.007863999999999982,0.0,0.0016541318551867123,0.1433126689375141,1.0612413446888653,1,100
435.gromacs-111B,l1d_prefetcher-berti_l1i_prefetcher-entangling_l2c_replacement-mockingjay,0.0010254500000000015,0.007863999999999982,0.0,0.0016540139873054349,0.14334996083889073,1.0612413446888653,39,100
435.gromacs-111B,l1d_prefetcher-gaze_l1i_prefetcher-barca_l2c_replacement-PACIPV,0.00847523,0.031043000000000043,0.0,0.01073139492270085,1.6609702087346871,6.04853165819747,0,100
435.gromacs-111B,l1d_prefetcher-gaze_l1i_prefetcher-barca_l2c_replacement-mockingjay,0.0084755,0.031043000000000043,0.0,0.010731655311613061,1.661025021830705,6.04853165819747,0,100
435.gromacs-111B,l1d_prefetcher-gaze_l1i_prefetcher-entangling_l2c_replacement-PACIPV,0.008455600000000002,0.031043000000000043,0.0,0.010713799982294148,1.6568974035776356,6.04853165819747,0,100
435.gromacs-111B,l1d_prefetcher-gaze_l1i_prefetcher-entangling_l2c_replacement-mockingjay,0.008456040000000003,0.031043000000000043,0.0,0.010714010244233269,1.6569933153128047,6.04853165819747,38,100
436.cactusADM-1804B,l1d_prefetcher-berti_l1i_prefetcher-barca_l2c_replacement-PACIPV,0.0036193500000000034,0.04094700000000007,0.0,0.006678984776441656,0.29086288532170934,3.2543489871437887,0,100
436.cactusADM-1804B,l1d_prefetcher-berti_l1i_prefetcher-barca_l2c_replacement-mockingjay,0.0037003600000000037,0.04094700000000007,0.0,0.00668262325030033,0.30076462234969237,3.2543489871437887,0,100
436.cactusADM-1804B,l1d_prefetcher-berti_l1i_prefetcher-entangling_l2c_replacement-PACIPV,0.0036193500000000034,0.04094700000000007,0.0,0.006678984776441656,0.29086288532170934,3.2543489871437887,4,100
436.cactusADM-1804B,l1d_prefetcher-berti_l1i_prefetcher-entangling_l2c_replacement-mockingjay,0.0037003600000000037,0.04094700000000007,0.0,0.00668262325030033,0.30076462234969237,3.2543489871437887,58,100
436.cactusADM-1804B,l1d_prefetcher-gaze_l1i_prefetcher-barca_l2c_replacement-PACIPV,0.010303250000000007,0.04727199999999998,0.0,0.012346925552275527,0.9904121936849752,6.582774030325658,0,100
436.cactusADM-1804B,l1d_prefetcher-gaze_l1i_prefetcher-barca_l2c_replacement-mockingjay,0.010151980000000005,0.04727199999999998,0.0,0.012178665686296912,0.9691279528426087,6.738241412210528,0,100
436.cactusADM-1804B,l1d_prefetcher-gaze_l1i_prefetcher-entangling_l2c_replacement-PACIPV,0.010303250000000007,0.04727199999999998,0.0,0.012346925552275527,0.9904121936849752,6.582774030325658,0,100
436.cactusADM-1804B,l1d_prefetcher-gaze_l1i_prefetcher-entangling_l2c_replacement-mockingjay,0.010151980000000005,0.04727199999999998,0.0,0.012178665686296912,0.9691279528426087,6.738241412210528,38,100
437.leslie3d-134B,l1d_prefetcher-berti_l1i_prefetcher-barca_l2c_replacement-PACIPV,0.010158459999999998,0.05402700000000005,0.0,0.012759163952076158,0.8240338705230107,4.462986872984918,0,100
437.leslie3d-134B,l1d_prefetcher-berti_l1i_prefetcher-barca_l2c_replacement-mockingjay,0.010087249999999999,0.05402700000000005,0.0,0.012850628076758429,0.8175500462265543,4.462986872984918,0,100
437.leslie3d-134B,l1d_prefetcher-berti_l1i_prefetcher-entangling_l2c_replacement-PACIPV,0.010158459999999998,0.05402700000000005,0.0,0.012759163952076158,0.8240338705230107,4.462986872984918,1,100
437.leslie3d-134B,l1d_prefetcher-berti_l1i_prefetcher-entangling_l2c_replacement-mockingjay,0.010087249999999999,0.05402700000000005,0.0,0.012850628076758429,0.8175500462265543,4.462986872984918,41,100
437.leslie3d-134B,l1d_prefetcher-gaze_l1i_prefetcher-barca_l2c_replacement-PACIPV,0.012971599999999998,0.08323799999999992,0.0,0.02080641051175908,1.2038411103867528,7.93516758137518,0,100
437.leslie3d-134B,l1d_prefetcher-gaze_l1i_prefetcher-barca_l2c_replacement-mockingjay,0.01274177,0.08323799999999992,0.0,0.02066776733767688,1.1832129121423065,7.93516758137518,0,100
437.leslie3d-134B,l1d_prefetcher-gaze_l1i_prefetcher-entangling_l2c_replacement-PACIPV,0.012971599999999998,0.08323799999999992,0.0,0.02080641051175908,1.2038411103867528,7.93516758137518,1,100
437.leslie3d-134B,l1d_prefetcher-gaze_l1i_prefetcher-entangling_l2c_replacement-mockingjay,0.01274177,0.08323799999999992,0.0,0.02066776733767688,1.1832129121423065,7.93516758137518,57,100
444.namd-120B,l1d_prefetcher-berti_l1i_prefetcher-barca_l2c_replacement-PACIPV,0.022608750000000004,0.09229200000000004,0.0,0.02369470289282591,1.2748482381171726,4.856727281912466,0,100
444.namd-120B,l1d_prefetcher-berti_l1i_prefetcher-barca_l2c_replacement-mockingjay,0.022608750000000004,0.09229200000000004,0.0,0.02369470289282591,1.2748482381171726,4.856727281912466,0,100
444.namd-120B,l1d_prefetcher-berti_l1i_prefetcher-entangling_l2c_replacement-PACIPV,0.022608750000000004,0.09229200000000004,0.0,0.02369470289282591,1.2748482381171726,4.856727281912466,0,100
444.namd-120B,l1d_prefetcher-berti_l1i_prefetcher-entangling_l2c_replacement-mockingjay,0.022608750000000004,0.09229200000000004,0.0,0.02369470289282591,1.2748482381171726,4.856727281912466,25,100
444.namd-120B,l1d_prefetcher-gaze_l1i_prefetcher-barca_l2c_replacement-PACIPV,0.004625810000000001,0.0660940000000001,0.0,0.011616167640857522,0.2887978290658623,3.5592562256288685,0,100
444.namd-120B,l1d_prefetcher-gaze_l1i_prefetcher-barca_l2c_replacement-mockingjay,0.004625810000000001,0.0660940000000001,0.0,0.011616167640857522,0.2887978290658623,3.5592562256288685,0,100
444.namd-120B,l1d_prefetcher-gaze_l1i_prefetcher-entangling_l2c_replacement-PACIPV,0.004625810000000001,0.0660940000000001,0.0,0.011616167640857522,0.2887978290658623,3.5592562256288685,0,100
444.namd-120B,l1d_prefetcher-gaze_l1i_prefetcher-entangling_l2c_replacement-mockingjay,0.004625810000000001,0.0660940000000001,0.0,0.011616167640857522,0.2887978290658623,3.5592562256288685,75,100
445.gobmk-17B,l1d_prefetcher-berti_l1i_prefetcher-barca_l2c_replacement-PACIPV,0.00479854,0.015171000000000046,0.0,0.003418943502772685,0.7704010821827117,2.3364802636645123,1,100
445.gobmk-17B,l1d_prefetcher-berti_l1i_prefetcher-barca_l2c_replacement-mockingjay,0.004807819999999999,0.015171000000000046,0.0,0.003406906168951598,0.7725051884832271,2.3364802636645123,4,100
445.gobmk-17B,l1d_prefetcher-berti_l1i_prefetcher-entangling_l2c_replacement-PACIPV,0.004223620000000003,0.01389499999999999,0.0,0.0034470348985055498,0.6684757940148294,1.9062543571961146,2,100
445.gobmk-17B,l1d_prefetcher-berti_l1i_prefetcher-entangling_l2c_replacement-mockingjay,0.004253240000000003,0.01389499999999999,0.0,0.003422638698283812,0.675957635065931,1.9062543571961146,16,100
445.gobmk-17B,l1d_prefetcher-gaze_l1i_prefetcher-barca_l2c_replacement-PACIPV,0.0029334199999999934,0.053344,0.0,0.008616637989730135,0.6161250776088728,13.468598350763264,0,100
445.gobmk-17B,l1d_prefetcher-gaze_l1i_prefetcher-barca_l2c_replacement-mockingjay,0.002926679999999993,0.052727000000000024,0.0,0.008577863118186457,0.614419160294289,13.312814660330963,38,100
445.gobmk-17B,l1d_prefetcher-gaze_l1i_prefetcher-entangling_l2c_replacement-PACIPV,0.0029106400000000004,0.05171600000000004,0.0,0.008419098460001048,0.599330611811772,13.057551595457287,0,100
445.gobmk-17B,l1d_prefetcher-gaze_l1i_prefetcher-entangling_l2c_replacement-mockingjay,0.0029101900000000004,0.05171600000000004,0.0,0.008417123600792033,0.599213706224724,13.057551595457287,39,100
447.dealII-3B,l1d_prefetcher-berti_l1i_prefetcher-barca_l2c_replacement-PACIPV,0.011484429999999997,0.054645000000000055,0.0,0.01076553610093364,0.909561739445204,4.0588961466298095,0,100
447.dealII-3B,l1d_prefetcher-berti_l1i_prefetcher-barca_l2c_replacement-mockingjay,0.011484429999999997,0.054645000000000055,0.0,0.01076553610093364,0.909561739445204,4.0588961466298095,0,100
447.dealII-3B,l1d_prefetcher-berti_l1i_prefetcher-entangling_l2c_replacement-PACIPV,0.011501409999999998,0.054645000000000055,0.0,0.010742798741948043,0.9114541716317696,4.0588961466298095,0,100
447.dealII-3B,l1d_prefetcher-berti_l1i_prefetcher-entangling_l2c_replacement-mockingjay,0.011501409999999998,0.054645000000000055,0.0,0.010742798741948043,0.9114541716317696,4.0588961466298095,7,100
447.dealII-3B,l1d_prefetcher-gaze_l1i_prefetcher-barca_l2c_replacement-PACIPV,0.0003206900000000024,0.011574000000000084,0.0,0.001644487146084272,0.028812186424235272,1.2057619042162167,0,100
447.dealII-3B,l1d_prefetcher-gaze_l1i_prefetcher-barca_l2c_replacement-mockingjay,0.0003206900000000024,0.011574000000000084,0.0,0.001644487146084272,0.028812186424235272,1.2057619042162167,5,100
447.dealII-3B,l1d_prefetcher-gaze_l1i_prefetcher-entangling_l2c_replacement-PACIPV,0.000320670000000004,0.011574000000000084,0.0,0.0016444800907240845,0.02881455144429306,1.2057619042162167,0,100
447.dealII-3B,l1d_prefetcher-gaze_l1i_prefetcher-entangling_l2c_replacement-mockingjay,0.000320670000000004,0.011574000000000084,0.0,0.0016444800907240845,0.02881455144429306,1.2057619042162167,88,100
450.soplex-247B,l1d_prefetcher-berti_l1i_prefetcher-barca_l2c_replacement-PACIPV,0.008792519999999998,0.09462799999999993,0.0,0.017618134670339604,0.7833409127845745,8.454114264732022,0,100
450.soplex-247B,l1d_prefetcher-berti_l1i_prefetcher-barca_l2c_replacement-mockingjay,0.009028180000000002,0.099545,0.0,0.01776972620559524,0.8250186824145359,8.893401577574815,1,100
450.soplex-247B,l1d_prefetcher-berti_l1i_prefetcher-entangling_l2c_replacement-PACIPV,0.008774649999999998,0.09462799999999993,0.0,0.017622660328624643,0.7783403533776937,8.454114264732022,35,100
450.soplex-247B,l1d_prefetcher-berti_l1i_prefetcher-entangling_l2c_replacement-mockingjay,0.009007540000000003,0.099545,0.0,0.017775650182269676,0.8197637488757128,8.893401577574815,24,100
450.soplex-247B,l1d_prefetcher-gaze_l1i_prefetcher-barca_l2c_replacement-PACIPV,0.02651974000000001,0.32213400000000003,0.0,0.05652676748242843,4.869825715489368,37.60054252988409,0,100
450.soplex-247B,l1d_prefetcher-gaze_l1i_prefetcher-barca_l2c_replacement-mockingjay,0.026555610000000004,0.32213400000000003,0.0,0.056581487103882035,4.8733013898505515,37.60054252988409,1,100
450.soplex-247B,l1d_prefetcher-gaze_l1i_prefetcher-entangling_l2c_replacement-PACIPV,0.026519970000000007,0.32213400000000003,0.0,0.056526614329934464,4.867951014810489,37.60054252988409,10,100
450.soplex-247B,l1d_prefetcher-gaze_l1i_prefetcher-entangling_l2c_replacement-mockingjay,0.02655336,0.32213400000000003,0.0,0.05658241586340936,4.871188933528408,37.60054252988409,29,100
453.povray-252B,l1d_prefetcher-berti_l1i_prefetcher-barca_l2c_replacement-PACIPV,0.003760000000000001,0.012546999999999975,0.0,0.002725227252131012,0.6765985535998286,2.129490395484057,0,100
453.povray-252B,l1d_prefetcher-berti_l1i_prefetcher-barca_l2c_replacement-mockingjay,0.003762230000000001,0.012546999999999975,0.0,0.0027244007768737464,0.6770126451795982,2.129490395484057,5,100
453.povray-252B,l1d_prefetcher-berti_l1i_prefetcher-entangling_l2c_replacement-PACIPV,0.003698490000000001,0.01155600000000001,0.0,0.002706517739204069,0.6649970738884019,1.9612968048309427,0,100
453.povray-252B,l1d_prefetcher-berti_l1i_prefetcher-entangling_l2c_replacement-mockingjay,0.0036983100000000002,0.01155600000000001,0.0,0.0027064465901535124,0.6649631933570006,1.9612968048309427,7,100
453.povray-252B,l1d_prefetcher-gaze_l1i_prefetcher-barca_l2c_replacement-PACIPV,0.00038599999999999854,0.0036920000000000286,0.0,0.0006708407208326525,0.07014296657925152,0.6915761454932403,0,100
453.povray-252B,l1d_prefetcher-gaze_l1i_prefetcher-barca_l2c_replacement-mockingjay,0.00037930999999999826,0.0036920000000000286,0.0,0.0006652352313507627,0.06888784375003945,0.6915761454932403,54,100
453.povray-252B,l1d_prefetcher-gaze_l1i_prefetcher-entangling_l2c_replacement-PACIPV,0.0005878999999999968,0.0037679999999999936,0.0,0.0007779994352260887,0.10696889519651644,0.7207855184854309,0,100
453.povray-252B,l1d_prefetcher-gaze_l1i_prefetcher-entangling_l2c_replacement-mockingjay,0.0005872499999999959,0.0037679999999999936,0.0,0.000777695317959258,0.1068469041971661,0.7207855184854309,34,100
454.calculix-104B,l1d_prefetcher-berti_l1i_prefetcher-barca_l2c_replacement-PACIPV,0.004868740000000007,0.034351999999999716,0.0,0.009411923875745496,0.16691287385108156,1.1675323236381017,0,100
454.calculix-104B,l1d_prefetcher-berti_l1i_prefetcher-barca_l2c_replacement-mockingjay,0.004868740000000007,0.034351999999999716,0.0,0.009411923875745496,0.16691287385108156,1.1675323236381017,0,100
454.calculix-104B,l1d_prefetcher-berti_l1i_prefetcher-entangling_l2c_replacement-PACIPV,0.004868740000000007,0.034351999999999716,0.0,0.009411923875745496,0.16691287385108156,1.1675323236381017,0,100
454.calculix-104B,l1d_prefetcher-berti_l1i_prefetcher-entangling_l2c_replacement-mockingjay,0.004868740000000007,0.034351999999999716,0.0,0.009411923875745496,0.16691287385108156,1.1675323236381017,57,100
454.calculix-104B,l1d_prefetcher-gaze_l1i_prefetcher-barca_l2c_replacement-PACIPV,0.006507020000000021,0.04858299999999982,0.0,0.00910147561793351,0.22938140069961876,1.674534447506684,0,100
454.calculix-104B,l1d_prefetcher-gaze_l1i_prefetcher-barca_l2c_replacement-mockingjay,0.006507020000000021,0.04858299999999982,0.0,0.00910147561793351,0.22938140069961876,1.674534447506684,0,100
454.calculix-104B,l1d_prefetcher-gaze_l1i_prefetcher-entangling_l2c_replacement-PACIPV,0.006507020000000021,0.04858299999999982,0.0,0.00910147561793351,0.22938140069961876,1.674534447506684,0,100
454.calculix-104B,l1d_prefetcher-gaze_l1i_prefetcher-entangling_l2c_replacement-mockingjay,0.006507020000000021,0.04858299999999982,0.0,0.00910147561793351,0.22938140069961876,1.674534447506684,43,100
456.hmmer-191B,l1d_prefetcher-berti_l1i_prefetcher-barca_l2c_replacement-PACIPV,0.0013435200000000002,0.02268300000000001,0.0,0.004394906033125172,0.07545521517984001,1.2772153630713985,0,100
456.hmmer-191B,l1d_prefetcher-berti_l1i_prefetcher-barca_l2c_replacement-mockingjay,0.0013435200000000002,0.02268300000000001,0.0,0.004394906033125172,0.07545521517984001,1.2772153630713985,0,100
456.hmmer-191B,l1d_prefetcher-berti_l1i_prefetcher-entangling_l2c_replacement-PACIPV,0.0013435200000000002,0.02268300000000001,0.0,0.004394906033125172,0.07545521517984001,1.2772153630713985,0,100
456.hmmer-191B,l1d_prefetcher-berti_l1i_prefetcher-entangling_l2c_replacement-mockingjay,0.0013435200000000002,0.02268300000000001,0.0,0.004394906033125172,0.07545521517984001,1.2772153630713985,87,100
456.hmmer-191B,l1d_prefetcher-gaze_l1i_prefetcher-barca_l2c_replacement-PACIPV,0.03522848000000001,0.11288799999999988,0.0,0.02452226969799104,1.999208455769281,6.263277590340316,0,100
456.hmmer-191B,l1d_prefetcher-gaze_l1i_prefetcher-barca_l2c_replacement-mockingjay,0.03522848000000001,0.11288799999999988,0.0,0.02452226969799104,1.999208455769281,6.263277590340316,0,100
456.hmmer-191B,l1d_prefetcher-gaze_l1i_prefetcher-entangling_l2c_replacement-PACIPV,0.03522848000000001,0.11288799999999988,0.0,0.02452226969799104,1.999208455769281,6.263277590340316,0,100
456.hmmer-191B,l1d_prefetcher-gaze_l1i_prefetcher-entangling_l2c_replacement-mockingjay,0.03522848000000001,0.11288799999999988,0.0,0.02452226969799104,1.999208455769281,6.263277590340316,13,100
458.sjeng-1088B,l1d_prefetcher-berti_l1i_prefetcher-barca_l2c_replacement-PACIPV,0.0008274999999999954,0.007774999999999976,0.0,0.001662047006713482,0.11078784468435146,0.9835061900804357,0,100
458.sjeng-1088B,l1d_prefetcher-berti_l1i_prefetcher-barca_l2c_replacement-mockingjay,0.0008274999999999954,0.007774999999999976,0.0,0.001662047006713482,0.11078784468435146,0.9835061900804357,34,100
458.sjeng-1088B,l1d_prefetcher-berti_l1i_prefetcher-entangling_l2c_replacement-PACIPV,0.0009253699999999998,0.00776599999999994,0.0,0.0016924895992399271,0.12436493234791669,0.9823677263234248,0,100
458.sjeng-1088B,l1d_prefetcher-berti_l1i_prefetcher-entangling_l2c_replacement-mockingjay,0.0009253699999999998,0.00776599999999994,0.0,0.0016924895992399271,0.12436493234791669,0.9823677263234248,31,100
458.sjeng-1088B,l1d_prefetcher-gaze_l1i_prefetcher-barca_l2c_replacement-PACIPV,0.0011643699999999947,0.008483999999999936,0.0,0.0018270636576736656,0.1594103990231406,1.1962674009484426,0,100
458.sjeng-1088B,l1d_prefetcher-gaze_l1i_prefetcher-barca_l2c_replacement-mockingjay,0.0011643699999999947,0.008483999999999936,0.0,0.0018270636576736656,0.1594103990231406,1.1962674009484426,22,100
458.sjeng-1088B,l1d_prefetcher-gaze_l1i_prefetcher-entangling_l2c_replacement-PACIPV,0.001307990000000001,0.009471000000000007,0.0,0.0018497120960524734,0.17963535152657412,1.2890940816820982,0,100
458.sjeng-1088B,l1d_prefetcher-gaze_l1i_prefetcher-entangling_l2c_replacement-mockingjay,0.001307990000000001,0.009471000000000007,0.0,0.0018497120960524734,0.17963535152657412,1.2890940816820982,13,100
459.GemsFDTD-1169B,l1d_prefetcher-berti_l1i_prefetcher-barca_l2c_replacement-PACIPV,0.01723785,0.19247100000000006,0.0,0.03659513862878649,1.6978085510831653,14.10007493425202,0,100
459.GemsFDTD-1169B,l1d_prefetcher-berti_l1i_prefetcher-barca_l2c_replacement-mockingjay,0.016948789999999995,0.19257600000000008,0.0,0.035836848431198665,1.6758402745037504,13.996418559946603,0,100
459.GemsFDTD-1169B,l1d_prefetcher-berti_l1i_prefetcher-entangling_l2c_replacement-PACIPV,0.01723785,0.19247100000000006,0.0,0.03659513862878649,1.6978085510831653,14.10007493425202,1,100
459.GemsFDTD-1169B,l1d_prefetcher-berti_l1i_prefetcher-entangling_l2c_replacement-mockingjay,0.016948789999999995,0.19257600000000008,0.0,0.035836848431198665,1.6758402745037504,13.996418559946603,10,100
459.GemsFDTD-1169B,l1d_prefetcher-gaze_l1i_prefetcher-barca_l2c_replacement-PACIPV,0.000641280000000009,0.011150999999999911,0.0,0.0019949420541950586,0.0592633029874139,0.5057145150632681,0,100
459.GemsFDTD-1169B,l1d_prefetcher-gaze_l1i_prefetcher-barca_l2c_replacement-mockingjay,0.0006298600000000063,0.011150999999999911,0.0,0.0020071220515197824,0.05825967392595073,0.5057145150632681,0,100
459.GemsFDTD-1169B,l1d_prefetcher-gaze_l1i_prefetcher-entangling_l2c_replacement-PACIPV,0.000641280000000009,0.011150999999999911,0.0,0.0019949420541950586,0.0592633029874139,0.5057145150632681,20,100
459.GemsFDTD-1169B,l1d_prefetcher-gaze_l1i_prefetcher-entangling_l2c_replacement-mockingjay,0.0006298600000000063,0.011150999999999911,0.0,0.0020071220515197824,0.05825967392595073,0.5057145150632681,69,100
462.libquantum-1343B,l1d_prefetcher-berti_l1i_prefetcher-barca_l2c_replacement-PACIPV,0.1324922,0.16660199999999992,0.08712799999999987,0.015318512767039077,9.116492504590536,11.414262175466476,0,100
462.libquantum-1343B,l1d_prefetcher-berti_l1i_prefetcher-barca_l2c_replacement-mockingjay,0.13109066,0.176709,0.08218799999999993,0.017043423289309738,9.020396341445412,12.106714533826164,0,100
462.libquantum-1343B,l1d_prefetcher-berti_l1i_prefetcher-entangling_l2c_replacement-PACIPV,0.1324922,0.16660199999999992,0.08712799999999987,0.015318512767039077,9.116492504590536,11.414262175466476,0,100
462.libquantum-1343B,l1d_prefetcher-berti_l1i_prefetcher-entangling_l2c_replacement-mockingjay,0.13109066,0.176709,0.08218799999999993,0.017043423289309738,9.020396341445412,12.106714533826164,0,100
462.libquantum-1343B,l1d_prefetcher-gaze_l1i_prefetcher-barca_l2c_replacement-PACIPV,0.00038010999999999574,0.007006000000000068,0.0,0.0010029797312573825,0.026103762212342705,0.47967377253905774,0,100
462.libquantum-1343B,l1d_prefetcher-gaze_l1i_prefetcher-barca_l2c_replacement-mockingjay,0.0009421099999999894,0.009848999999999997,0.0,0.0018223404581344037,0.06481312606035733,0.6797007632744888,0,100
462.libquantum-1343B,l1d_prefetcher-gaze_l1i_prefetcher-entangling_l2c_replacement-PACIPV,0.00038010999999999574,0.007006000000000068,0.0,0.0010029797312573825,0.026103762212342705,0.47967377253905774,47,100
462.libquantum-1343B,l1d_prefetcher-gaze_l1i_prefetcher-entangling_l2c_replacement-mockingjay,0.0009421099999999894,0.009848999999999997,0.0,0.0018223404581344037,0.06481312606035733,0.6797007632744888,53,100
464.h264ref-30B,l1d_prefetcher-berti_l1i_prefetcher-barca_l2c_replacement-PACIPV,0.015511400000000009,0.136347,0.0,0.02655450750376811,0.9026301924525968,8.08857945758163,0,100
464.h264ref-30B,l1d_prefetcher-berti_l1i_prefetcher-barca_l2c_replacement-mockingjay,0.015534410000000007,0.136347,0.0,0.02657948335685009,0.9043774055389909,8.08857945758163,0,100
464.h264ref-30B,l1d_prefetcher-berti_l1i_prefetcher-entangling_l2c_replacement-PACIPV,0.015511400000000009,0.136347,0.0,0.02655450750376811,0.9026301924525968,8.08857945758163,0,100
464.h264ref-30B,l1d_prefetcher-berti_l1i_prefetcher-entangling_l2c_replacement-mockingjay,0.015534410000000007,0.136347,0.0,0.02657948335685009,0.9043774055389909,8.08857945758163,48,100
464.h264ref-30B,l1d_prefetcher-gaze_l1i_prefetcher-barca_l2c_replacement-PACIPV,0.010862740000000004,0.06354700000000024,0.0,0.01636395805496479,0.6274203682625922,4.191061847447809,0,100
464.h264ref-30B,l1d_prefetcher-gaze_l1i_prefetcher-barca_l2c_replacement-mockingjay,0.010862740000000004,0.06354700000000024,0.0,0.01636395805496479,0.6274203682625922,4.191061847447809,0,100
464.h264ref-30B,l1d_prefetcher-gaze_l1i_prefetcher-entangling_l2c_replacement-PACIPV,0.010862740000000004,0.06354700000000024,0.0,0.01636395805496479,0.6274203682625922,4.191061847447809,0,100
464.h264ref-30B,l1d_prefetcher-gaze_l1i_prefetcher-entangling_l2c_replacement-mockingjay,0.010862740000000004,0.06354700000000024,0.0,0.01636395805496479,0.6274203682625922,4.191061847447809,52,100
465.tonto-1914B,l1d_prefetcher-berti_l1i_prefetcher-barca_l2c_replacement-PACIPV,0.007875260000000009,0.09771299999999994,0.0,0.013994305952902217,0.8025899086865634,7.573142404962728,1,100
465.tonto-1914B,l1d_prefetcher-berti_l1i_prefetcher-barca_l2c_replacement-mockingjay,0.00787456000000001,0.09784100000000007,0.0,0.013999164686711023,0.8023647731348805,7.583062909172364,18,100
465.tonto-1914B,l1d_prefetcher-berti_l1i_prefetcher-entangling_l2c_replacement-PACIPV,0.007962590000000014,0.09771299999999994,0.0,0.014076635095003313,0.8085560400887747,7.573142404962728,0,100
465.tonto-1914B,l1d_prefetcher-berti_l1i_prefetcher-entangling_l2c_replacement-mockingjay,0.007977850000000014,0.09784100000000007,0.0,0.01413061436637532,0.8100173334130755,7.583062909172364,30,100
465.tonto-1914B,l1d_prefetcher-gaze_l1i_prefetcher-barca_l2c_replacement-PACIPV,0.00836189,0.06877700000000009,0.0,0.012909430469559217,0.9001826202434035,5.5916797421555655,0,100
465.tonto-1914B,l1d_prefetcher-gaze_l1i_prefetcher-barca_l2c_replacement-mockingjay,0.00836112,0.06877700000000009,0.0,0.012909852746838386,0.9000951222319946,5.5916797421555655,11,100
465.tonto-1914B,l1d_prefetcher-gaze_l1i_prefetcher-entangling_l2c_replacement-PACIPV,0.00806513,0.06877700000000009,0.0,0.013091721197467591,0.866071704414224,5.466912604465208,0,100
465.tonto-1914B,l1d_prefetcher-gaze_l1i_prefetcher-entangling_l2c_replacement-mockingjay,0.00806436,0.06877700000000009,0.0,0.013092198027154276,0.8659842064028151,5.466912604465208,40,100
470.lbm-1274B,l1d_prefetcher-berti_l1i_prefetcher-barca_l2c_replacement-PACIPV,0.17818656000000005,0.230448,0.11963999999999997,0.0232688483054278,12.13184655520565,15.81467741072127,0,100
470.lbm-1274B,l1d_prefetcher-berti_l1i_prefetcher-barca_l2c_replacement-mockingjay,0.18050769000000003,0.23383500000000002,0.12483700000000009,0.023544293699578684,12.286075175571465,15.734593102006093,0,100
470.lbm-1274B,l1d_prefetcher-berti_l1i_prefetcher-entangling_l2c_replacement-PACIPV,0.17818656000000005,0.230448,0.11963999999999997,0.0232688483054278,12.13184655520565,15.81467741072127,0,100
470.lbm-1274B,l1d_prefetcher-berti_l1i_prefetcher-entangling_l2c_replacement-mockingjay,0.18050769000000003,0.23383500000000002,0.12483700000000009,0.023544293699578684,12.286075175571465,15.734593102006093,0,100
470.lbm-1274B,l1d_prefetcher-gaze_l1i_prefetcher-barca_l2c_replacement-PACIPV,0.0010046500000000002,0.009570999999999996,0.0,0.0018980391603021381,0.06817140378025185,0.6427963623004733,0,100
470.lbm-1274B,l1d_prefetcher-gaze_l1i_prefetcher-barca_l2c_replacement-mockingjay,0.0014035900000000012,0.013113999999999848,0.0,0.002298558503462194,0.09776263641948374,0.8750250216854506,0,100
470.lbm-1274B,l1d_prefetcher-gaze_l1i_prefetcher-entangling_l2c_replacement-PACIPV,0.0010046500000000002,0.009570999999999996,0.0,0.0018980391603021381,0.06817140378025185,0.6427963623004733,58,100
470.lbm-1274B,l1d_prefetcher-gaze_l1i_prefetcher-entangling_l2c_replacement-mockingjay,0.0014035900000000012,0.013113999999999848,0.0,0.002298558503462194,0.09776263641948374,0.8750250216854506,42,100
471.omnetpp-188B,l1d_prefetcher-berti_l1i_prefetcher-barca_l2c_replacement-PACIPV,0.0014289699999999986,0.008195000000000008,0.0,0.0018432104592451474,0.674426895411897,3.2322347930375668,9,100
471.omnetpp-188B,l1d_prefetcher-berti_l1i_prefetcher-barca_l2c_replacement-mockingjay,0.0014374199999999985,0.008156999999999998,0.0,0.001871673869653428,0.6780646301689007,3.2322347930375668,13,100
471.omnetpp-188B,l1d_prefetcher-berti_l1i_prefetcher-entangling_l2c_replacement-PACIPV,0.001486520000000001,0.009577000000000002,0.0,0.0019238749118286346,0.706050451462212,3.759873741735895,7,100
471.omnetpp-188B,l1d_prefetcher-berti_l1i_prefetcher-entangling_l2c_replacement-mockingjay,0.0014791100000000005,0.009451999999999988,0.0,0.001925336475355239,0.7009354801225172,3.710799478635024,10,100
471.omnetpp-188B,l1d_prefetcher-gaze_l1i_prefetcher-barca_l2c_replacement-PACIPV,0.000424219999999999,0.0020970000000000155,0.0,0.0004665645468353075,0.2510949580102348,1.2832516384865438,8,100
471.omnetpp-188B,l1d_prefetcher-gaze_l1i_prefetcher-barca_l2c_replacement-mockingjay,0.00039057000000000057,0.0019399999999999973,0.0,0.0004646176065357708,0.2327218082963364,1.1871760508649847,21,100
471.omnetpp-188B,l1d_prefetcher-gaze_l1i_prefetcher-entangling_l2c_replacement-PACIPV,0.0004948699999999983,0.0020970000000000155,0.0,0.0005477697970918622,0.28719356059457435,1.2832516384865438,13,100
471.omnetpp-188B,l1d_prefetcher-gaze_l1i_prefetcher-entangling_l2c_replacement-mockingjay,0.0005090699999999986,0.0020860000000000045,0.0,0.0005372122627533023,0.2958834747541146,1.2519129782445637,19,100
473.astar-153B,l1d_prefetcher-berti_l1i_prefetcher-barca_l2c_replacement-PACIPV,5.270000000000552e-06,0.0005230000000000512,0.0,5.229748917240586e-05,0.0006434854602651574,0.0636630992608813,0,100
473.astar-153B,l1d_prefetcher-berti_l1i_prefetcher-barca_l2c_replacement-mockingjay,9.580000000000144e-06,0.0005230000000000512,0.0,6.367407223311569e-05,0.0013009219818672342,0.0636630992608813,0,100
473.astar-153B,l1d_prefetcher-berti_l1i_prefetcher-entangling_l2c_replacement-PACIPV,5.270000000000552e-06,0.0005230000000000512,0.0,5.229748917240586e-05,0.0006434854602651574,0.0636630992608813,3,100
473.astar-153B,l1d_prefetcher-berti_l1i_prefetcher-entangling_l2c_replacement-mockingjay,9.580000000000144e-06,0.0005230000000000512,0.0,6.367407223311569e-05,0.0013009219818672342,0.0636630992608813,96,100
473.astar-153B,l1d_prefetcher-gaze_l1i_prefetcher-barca_l2c_replacement-PACIPV,0.007365299999999998,0.020963999999999983,0.0,0.004048413904409255,1.1347379012728103,3.70301678227554,0,100
473.astar-153B,l1d_prefetcher-gaze_l1i_prefetcher-barca_l2c_replacement-mockingjay,0.007365019999999999,0.020963999999999983,0.0,0.0040487449058600015,1.134692727741918,3.70301678227554,0,100
473.astar-153B,l1d_prefetcher-gaze_l1i_prefetcher-entangling_l2c_replacement-PACIPV,0.007365299999999998,0.020963999999999983,0.0,0.004048413904409255,1.1347379012728103,3.70301678227554,0,100
473.astar-153B,l1d_prefetcher-gaze_l1i_prefetcher-entangling_l2c_replacement-mockingjay,0.007365019999999999,0.020963999999999983,0.0,0.0040487449058600015,1.134692727741918,3.70301678227554,1,100
481.wrf-1170B,l1d_prefetcher-berti_l1i_prefetcher-barca_l2c_replacement-PACIPV,0.0019003799999999982,0.016598,0.0,0.003385792782086987,0.19890078334582528,1.7337767879899557,0,100
481.wrf-1170B,l1d_prefetcher-berti_l1i_prefetcher-barca_l2c_replacement-mockingjay,0.0019003799999999982,0.016598,0.0,0.003385792782086987,0.19890078334582528,1.7337767879899557,34,100
481.wrf-1170B,l1d_prefetcher-berti_l1i_prefetcher-entangling_l2c_replacement-PACIPV,0.0019762500000000006,0.019777999999999962,0.0,0.003623712802116387,0.20807949849682025,2.0659499525765317,0,100
481.wrf-1170B,l1d_prefetcher-berti_l1i_prefetcher-entangling_l2c_replacement-mockingjay,0.0019762500000000006,0.019777999999999962,0.0,0.003623712802116387,0.20807949849682025,2.0659499525765317,35,100
481.wrf-1170B,l1d_prefetcher-gaze_l1i_prefetcher-barca_l2c_replacement-PACIPV,0.0054909300000000015,0.032293000000000016,0.0,0.0062538260664810625,0.5718600465383618,3.27974243870732,0,100
481.wrf-1170B,l1d_prefetcher-gaze_l1i_prefetcher-barca_l2c_replacement-mockingjay,0.0054909300000000015,0.032293000000000016,0.0,0.0062538260664810625,0.5718600465383618,3.27974243870732,18,100
481.wrf-1170B,l1d_prefetcher-gaze_l1i_prefetcher-entangling_l2c_replacement-PACIPV,0.005675580000000002,0.03231100000000009,0.0,0.006163682131467992,0.590389613010979,3.281570555138032,0,100
481.wrf-1170B,l1d_prefetcher-gaze_l1i_prefetcher-entangling_l2c_replacement-mockingjay,0.005675580000000002,0.03231100000000009,0.0,0.006163682131467992,0.590389613010979,3.281570555138032,13,100
482.sphinx3-1100B,l1d_prefetcher-berti_l1i_prefetcher-barca_l2c_replacement-PACIPV,0.013420900000000003,0.112838,0.0,0.024081515208503258,0.7344843723293967,5.251935882798396,0,100
482.sphinx3-1100B,l1d_prefetcher-berti_l1i_prefetcher-barca_l2c_replacement-mockingjay,0.013523570000000006,0.112838,0.0,0.024035713413545285,0.7467546401946317,5.251935882798396,0,100
482.sphinx3-1100B,l1d_prefetcher-berti_l1i_prefetcher-entangling_l2c_replacement-PACIPV,0.013420900000000003,0.112838,0.0,0.024081515208503258,0.7344843723293967,5.251935882798396,11,100
482.sphinx3-1100B,l1d_prefetcher-berti_l1i_prefetcher-entangling_l2c_replacement-mockingjay,0.013523570000000006,0.112838,0.0,0.024035713413545285,0.7467546401946317,5.251935882798396,54,100
482.sphinx3-1100B,l1d_prefetcher-gaze_l1i_prefetcher-barca_l2c_replacement-PACIPV,0.032545489999999996,0.36038499999999996,0.0,0.07955701780122314,3.149940890978262,26.267392766986262,0,100
482.sphinx3-1100B,l1d_prefetcher-gaze_l1i_prefetcher-barca_l2c_replacement-mockingjay,0.032569030000000006,0.36038499999999996,0.0,0.07954983759939428,3.1530509240014477,26.267392766986262,0,100
482.sphinx3-1100B,l1d_prefetcher-gaze_l1i_prefetcher-entangling_l2c_replacement-PACIPV,0.032545489999999996,0.36038499999999996,0.0,0.07955701780122314,3.149940890978262,26.267392766986262,0,100
482.sphinx3-1100B,l1d_prefetcher-gaze_l1i_prefetcher-entangling_l2c_replacement-mockingjay,0.032569030000000006,0.36038499999999996,0.0,0.07954983759939428,3.1530509240014477,26.267392766986262,35,100
483.xalancbmk-127B,l1d_prefetcher-berti_l1i_prefetcher-barca_l2c_replacement-PACIPV,0.00871661,0.012108000000000008,0.0,0.0025386871453807014,4.050750257742699,5.6184311268880105,0,100
483.xalancbmk-127B,l1d_prefetcher-berti_l1i_prefetcher-barca_l2c_replacement-mockingjay,0.008742800000000002,0.012108000000000008,0.0,0.002493602541778387,4.065376676757506,5.6184311268880105,1,100
483.xalancbmk-127B,l1d_prefetcher-berti_l1i_prefetcher-entangling_l2c_replacement-PACIPV,0.00866768,0.012108000000000008,7.400000000000462e-05,0.00263682521792761,4.023581060699803,5.6184311268880105,0,100
483.xalancbmk-127B,l1d_prefetcher-berti_l1i_prefetcher-entangling_l2c_replacement-mockingjay,0.00867088,0.012108000000000008,8.800000000000474e-05,0.0026340748295515005,4.02522372996569,5.6184311268880105,0,100
483.xalancbmk-127B,l1d_prefetcher-gaze_l1i_prefetcher-barca_l2c_replacement-PACIPV,7.862999999999994e-05,0.0019830000000000125,0.0,0.0003041163604725517,0.04352836912367623,1.1383075209809148,0,100
483.xalancbmk-127B,l1d_prefetcher-gaze_l1i_prefetcher-barca_l2c_replacement-mockingjay,9.083000000000008e-05,0.0020869999999999778,0.0,0.0003180114684101871,0.04918047056741729,1.1664351400066622,1,100
483.xalancbmk-127B,l1d_prefetcher-gaze_l1i_prefetcher-entangling_l2c_replacement-PACIPV,2.6189999999999964e-05,0.0010959999999999859,0.0,0.00011989959562193166,0.014305531652313668,0.6086285311283428,15,100
483.xalancbmk-127B,l1d_prefetcher-gaze_l1i_prefetcher-entangling_l2c_replacement-mockingjay,3.3640000000000335e-05,0.0005979999999999874,0.0,0.00010477503750821894,0.017736819776575093,0.35099458247491533,83,100
600.perlbench_s-1273B,l1d_prefetcher-berti_l1i_prefetcher-barca_l2c_replacement-PACIPV,0.0008834699999999884,0.011343000000000103,0.0,0.0018989084714459766,0.06721087520967997,1.1031871932016586,0,100
600.perlbench_s-1273B,l1d_prefetcher-berti_l1i_prefetcher-barca_l2c_replacement-mockingjay,0.0008834699999999884,0.011343000000000103,0.0,0.0018989084714459766,0.06721087520967997,1.1031871932016586,5,100
600.perlbench_s-1273B,l1d_prefetcher-berti_l1i_prefetcher-entangling_l2c_replacement-PACIPV,0.0008764899999999876,0.011343000000000103,0.0,0.00189584239156011,0.0662039222698842,1.1002625187764095,0,100
600.perlbench_s-1273B,l1d_prefetcher-berti_l1i_prefetcher-entangling_l2c_replacement-mockingjay,0.0008764899999999876,0.011343000000000103,0.0,0.00189584239156011,0.0662039222698842,1.1002625187764095,55,100
600.perlbench_s-1273B,l1d_prefetcher-gaze_l1i_prefetcher-barca_l2c_replacement-PACIPV,0.001348930000000007,0.011870000000000047,0.0,0.002757930757970095,0.08090379135443244,0.8280571143151366,0,100
600.perlbench_s-1273B,l1d_prefetcher-gaze_l1i_prefetcher-barca_l2c_replacement-mockingjay,0.001348930000000007,0.011870000000000047,0.0,0.002757930757970095,0.08090379135443244,0.8280571143151366,6,100
600.perlbench_s-1273B,l1d_prefetcher-gaze_l1i_prefetcher-entangling_l2c_replacement-PACIPV,0.0013453200000000066,0.011870000000000047,0.0,0.0027593393986183735,0.08044920942122587,0.8280571143151366,0,100
600.perlbench_s-1273B,l1d_prefetcher-gaze_l1i_prefetcher-entangling_l2c_replacement-mockingjay,0.0013453200000000066,0.011870000000000047,0.0,0.0027593393986183735,0.08044920942122587,0.8280571143151366,34,100
602.gcc_s-1850B,l1d_prefetcher-berti_l1i_prefetcher-barca_l2c_replacement-PACIPV,0.06726735,0.1089,0.008680000000000021,0.017426443029896904,7.222187082967627,11.649575630243111,0,100
602.gcc_s-1850B,l1d_prefetcher-berti_l1i_prefetcher-barca_l2c_replacement-mockingjay,0.06698667,0.11291099999999998,0.00206699999999993,0.017610005215731226,7.191671180137036,12.078652286376306,0,100
602.gcc_s-1850B,l1d_prefetcher-berti_l1i_prefetcher-entangling_l2c_replacement-PACIPV,0.06726735,0.1089,0.008680000000000021,0.017426443029896904,7.222187082967627,11.649575630243111,0,100
602.gcc_s-1850B,l1d_prefetcher-berti_l1i_prefetcher-entangling_l2c_replacement-mockingjay,0.06698667,0.11291099999999998,0.00206699999999993,0.017610005215731226,7.191671180137036,12.078652286376306,0,100
602.gcc_s-1850B,l1d_prefetcher-gaze_l1i_prefetcher-barca_l2c_replacement-PACIPV,2.951000000000037e-05,0.0018839999999999968,0.0,0.00020348005114045244,0.0031931341910139198,0.2079304955897541,0,100
602.gcc_s-1850B,l1d_prefetcher-gaze_l1i_prefetcher-barca_l2c_replacement-mockingjay,5.7599999999990995e-06,0.00021999999999999797,0.0,3.022378486750386e-05,0.0005972898812870714,0.02273380164964711,0,100
602.gcc_s-1850B,l1d_prefetcher-gaze_l1i_prefetcher-entangling_l2c_replacement-PACIPV,2.951000000000037e-05,0.0018839999999999968,0.0,0.00020348005114045244,0.0031931341910139198,0.2079304955897541,5,100
602.gcc_s-1850B,l1d_prefetcher-gaze_l1i_prefetcher-entangling_l2c_replacement-mockingjay,5.7599999999990995e-06,0.00021999999999999797,0.0,3.022378486750386e-05,0.0005972898812870714,0.02273380164964711,95,100
603.bwaves_s-1080B,l1d_prefetcher-berti_l1i_prefetcher-barca_l2c_replacement-PACIPV,0.023436500000000013,0.08348900000000015,0.0,0.01814008330001029,1.2103400323498965,4.19112649231292,0,100
603.bwaves_s-1080B,l1d_prefetcher-berti_l1i_prefetcher-barca_l2c_replacement-mockingjay,0.023436500000000013,0.08348900000000015,0.0,0.01814008330001029,1.2103400323498965,4.19112649231292,6,100
603.bwaves_s-1080B,l1d_prefetcher-berti_l1i_prefetcher-entangling_l2c_replacement-PACIPV,0.023494790000000005,0.08348900000000015,0.0,0.018100793773707335,1.2141835672109504,4.19112649231292,0,100
603.bwaves_s-1080B,l1d_prefetcher-berti_l1i_prefetcher-entangling_l2c_replacement-mockingjay,0.023494790000000005,0.08348900000000015,0.0,0.018100793773707335,1.2141835672109504,4.19112649231292,3,100
603.bwaves_s-1080B,l1d_prefetcher-gaze_l1i_prefetcher-barca_l2c_replacement-PACIPV,0.0002807000000000115,0.014140000000000041,0.0,0.00155308514404282,0.015869629701038362,0.8550667847070061,0,100
603.bwaves_s-1080B,l1d_prefetcher-gaze_l1i_prefetcher-barca_l2c_replacement-mockingjay,0.0002807000000000115,0.014140000000000041,0.0,0.00155308514404282,0.015869629701038362,0.8550667847070061,15,100
603.bwaves_s-1080B,l1d_prefetcher-gaze_l1i_prefetcher-entangling_l2c_replacement-PACIPV,0.0003471800000000114,0.01420700000000008,0.0,0.0016621354123202258,0.02061742559777734,0.8591183741394957,0,100
603.bwaves_s-1080B,l1d_prefetcher-gaze_l1i_prefetcher-entangling_l2c_replacement-mockingjay,0.0003471800000000114,0.01420700000000008,0.0,0.0016621354123202258,0.02061742559777734,0.8591183741394957,76,100
605.mcf_s-1152B,l1d_prefetcher-berti_l1i_prefetcher-barca_l2c_replacement-PACIPV,0.0001277099999999999,0.004469000000000001,0.0,0.0005682630152002168,0.06213795290534198,1.033304354259924,6,100
605.mcf_s-1152B,l1d_prefetcher-berti_l1i_prefetcher-barca_l2c_replacement-mockingjay,0.00016312999999999953,0.004469000000000001,0.0,0.0005660998708155415,0.10024762494221343,1.033304354259924,2,100
605.mcf_s-1152B,l1d_prefetcher-berti_l1i_prefetcher-entangling_l2c_replacement-PACIPV,0.0001277099999999999,0.004469000000000001,0.0,0.0005682645794189707,0.06213806152255669,1.033304354259924,38,100
605.mcf_s-1152B,l1d_prefetcher-berti_l1i_prefetcher-entangling_l2c_replacement-mockingjay,0.00016312999999999953,0.004469000000000001,0.0,0.0005660967304108169,0.10024787230299351,1.033304354259924,42,100
605.mcf_s-1152B,l1d_prefetcher-gaze_l1i_prefetcher-barca_l2c_replacement-PACIPV,0.0006725900000000006,0.006500000000000006,0.0,0.0009217597585185863,0.4512196054908217,1.507253366972138,0,100
605.mcf_s-1152B,l1d_prefetcher-gaze_l1i_prefetcher-barca_l2c_replacement-mockingjay,0.0007256500000000009,0.006500000000000006,0.0,0.000908345875643183,0.5140666613796209,1.507253366972138,0,100
605.mcf_s-1152B,l1d_prefetcher-gaze_l1i_prefetcher-entangling_l2c_replacement-PACIPV,0.0006726000000000004,0.006500000000000006,0.0,0.0009217538399237308,0.45123251771353146,1.507253366972138,4,100
605.mcf_s-1152B,l1d_prefetcher-gaze_l1i_prefetcher-entangling_l2c_replacement-mockingjay,0.0007256500000000009,0.006500000000000006,0.0,0.000908345875643183,0.5140666613796209,1.507253366972138,8,100
607.cactuBSSN_s-2421B,l1d_prefetcher-berti_l1i_prefetcher-barca_l2c_replacement-PACIPV,0.01285735,0.07913400000000004,0.0,0.014087571488081912,1.207965235921848,7.200880113635851,11,100
607.cactuBSSN_s-2421B,l1d_prefetcher-berti_l1i_prefetcher-barca_l2c_replacement-mockingjay,0.01293858,0.08406599999999997,0.0,0.014601285523991769,1.2164223397408442,7.649672550773509,24,100
607.cactuBSSN_s-2421B,l1d_prefetcher-berti_l1i_prefetcher-entangling_l2c_replacement-PACIPV,0.016017759999999992,0.09226500000000004,0.0,0.014987279778330012,1.5053616814125772,8.395749029299816,6,100
607.cactuBSSN_s-2421B,l1d_prefetcher-berti_l1i_prefetcher-entangling_l2c_replacement-mockingjay,0.017151389999999992,0.09533599999999987,0.0,0.015151603310764426,1.61167942439225,8.675197848125789,10,100
607.cactuBSSN_s-2421B,l1d_prefetcher-gaze_l1i_prefetcher-barca_l2c_replacement-PACIPV,0.015221299999999995,0.07343299999999997,0.0,0.013639903809385645,1.4463223007100452,7.034694966513995,12,100
607.cactuBSSN_s-2421B,l1d_prefetcher-gaze_l1i_prefetcher-barca_l2c_replacement-mockingjay,0.015365909999999998,0.0782409999999999,0.0,0.013726413351522984,1.4619123562537877,7.495289159846676,17,100
607.cactuBSSN_s-2421B,l1d_prefetcher-gaze_l1i_prefetcher-entangling_l2c_replacement-PACIPV,0.018194260000000007,0.07004699999999997,0.0,0.013793166576770738,1.7134632396808802,6.373999157376728,6,100
607.cactuBSSN_s-2421B,l1d_prefetcher-gaze_l1i_prefetcher-entangling_l2c_replacement-mockingjay,0.017536870000000003,0.07186000000000003,0.0,0.014004127792381561,1.6495901689313974,6.5389749660812315,14,100
619.lbm_s-2676B,l1d_prefetcher-berti_l1i_prefetcher-barca_l2c_replacement-PACIPV,0.12297496,0.292168,0.07239800000000007,0.03226493204263037,12.189341624975507,18.99112415458466,0,100
619.lbm_s-2676B,l1d_prefetcher-berti_l1i_prefetcher-barca_l2c_replacement-mockingjay,0.12338277000000002,0.22290699999999997,0.07731299999999997,0.029234506037379798,12.26160383038476,16.362769954204463,0,100
619.lbm_s-2676B,l1d_prefetcher-berti_l1i_prefetcher-entangling_l2c_replacement-PACIPV,0.12297496,0.292168,0.07239800000000007,0.03226493204263037,12.189341624975507,18.99112415458466,0,100
619.lbm_s-2676B,l1d_prefetcher-berti_l1i_prefetcher-entangling_l2c_replacement-mockingjay,0.12338277000000002,0.22290699999999997,0.07731299999999997,0.029234506037379798,12.26160383038476,16.362769954204463,0,100
619.lbm_s-2676B,l1d_prefetcher-gaze_l1i_prefetcher-barca_l2c_replacement-PACIPV,0.001716310000000002,0.01627500000000004,0.0,0.0031163328639750563,0.17217952469386014,1.483986621780824,0,100
619.lbm_s-2676B,l1d_prefetcher-gaze_l1i_prefetcher-barca_l2c_replacement-mockingjay,0.002814930000000002,0.01568499999999995,0.0,0.003830041108661942,0.28789326473637794,1.606873659865728,0,100
619.lbm_s-2676B,l1d_prefetcher-gaze_l1i_prefetcher-entangling_l2c_replacement-PACIPV,0.001716310000000002,0.01627500000000004,0.0,0.0031163328639750563,0.17217952469386014,1.483986621780824,58,100
619.lbm_s-2676B,l1d_prefetcher-gaze_l1i_prefetcher-entangling_l2c_replacement-mockingjay,0.002814930000000002,0.01568499999999995,0.0,0.003830041108661942,0.28789326473637794,1.606873659865728,42,100
620.omnetpp_s-141B,l1d_prefetcher-berti_l1i_prefetcher-barca_l2c_replacement-PACIPV,0.0002048300000000007,0.0007729999999999959,0.0,0.00019249447348750656,0.15079493810904895,0.6224133210944135,9,100
620.omnetpp_s-141B,l1d_prefetcher-berti_l1i_prefetcher-barca_l2c_replacement-mockingjay,0.00021111000000000046,0.0009520000000000084,0.0,0.00020080660050924833,0.15491597115685368,0.7095528773412698,13,100
620.omnetpp_s-141B,l1d_prefetcher-berti_l1i_prefetcher-entangling_l2c_replacement-PACIPV,0.000197620000000001,0.0008120000000000072,0.0,0.0002044434070021989,0.1444074539603006,0.6052068659675537,6,100
620.omnetpp_s-141B,l1d_prefetcher-berti_l1i_prefetcher-entangling_l2c_replacement-mockingjay,0.00019966000000000165,0.0008120000000000072,0.0,0.00020688513477265473,0.14617615706456377,0.6052068659675537,20,100
620.omnetpp_s-141B,l1d_prefetcher-gaze_l1i_prefetcher-barca_l2c_replacement-PACIPV,0.00021827000000000123,0.0008809999999999929,0.0,0.00020372004235363116,0.1589089218845009,0.6283835350675052,12,100
620.omnetpp_s-141B,l1d_prefetcher-gaze_l1i_prefetcher-barca_l2c_replacement-mockingjay,0.00022358000000000114,0.0008819999999999939,0.0,0.0001987392677999391,0.16242933195579068,0.6290967967418164,9,100
620.omnetpp_s-141B,l1d_prefetcher-gaze_l1i_prefetcher-entangling_l2c_replacement-PACIPV,0.00017771000000000147,0.0008789999999999909,0.0,0.0001971977572249366,0.12986992110518852,0.6269570117188829,10,100
620.omnetpp_s-141B,l1d_prefetcher-gaze_l1i_prefetcher-entangling_l2c_replacement-mockingjay,0.00018219000000000235,0.0008380000000000054,0.0,0.00019243499204047077,0.13358159320419968,0.5977132830721645,21,100
621.wrf_s-575B,l1d_prefetcher-berti_l1i_prefetcher-barca_l2c_replacement-PACIPV,0.0006293399999999971,0.00843499999999997,0.0,0.0013913947963076208,0.05415971902632275,0.7035667219317221,0,100
621.wrf_s-575B,l1d_prefetcher-berti_l1i_prefetcher-barca_l2c_replacement-mockingjay,0.0006293399999999971,0.00843499999999997,0.0,0.0013913947963076208,0.05415971902632275,0.7035667219317221,5,100
621.wrf_s-575B,l1d_prefetcher-berti_l1i_prefetcher-entangling_l2c_replacement-PACIPV,0.0006148800000000066,0.00843499999999997,0.0,0.0013940440284048944,0.052952512313704306,0.7039918377757901,0,100
621.wrf_s-575B,l1d_prefetcher-berti_l1i_prefetcher-entangling_l2c_replacement-mockingjay,0.0006148800000000066,0.00843499999999997,0.0,0.0013940440284048944,0.052952512313704306,0.7039918377757901,67,100
621.wrf_s-575B,l1d_prefetcher-gaze_l1i_prefetcher-barca_l2c_replacement-PACIPV,0.0012633499999999986,0.011241000000000057,0.0,0.002270336807545725,0.1031009476371965,0.8725540467340538,0,100
621.wrf_s-575B,l1d_prefetcher-gaze_l1i_prefetcher-barca_l2c_replacement-mockingjay,0.0012633499999999986,0.011241000000000057,0.0,0.002270336807545725,0.1031009476371965,0.8725540467340538,3,100
621.wrf_s-575B,l1d_prefetcher-gaze_l1i_prefetcher-entangling_l2c_replacement-PACIPV,0.0012454299999999962,0.011241000000000057,0.0,0.0022725718899631007,0.10160621772295322,0.873149298495794,0,100
621.wrf_s-575B,l1d_prefetcher-gaze_l1i_prefetcher-entangling_l2c_replacement-mockingjay,0.0012454299999999962,0.011241000000000057,0.0,0.0022725718899631007,0.10160621772295322,0.873149298495794,25,100
623.xalancbmk_s-10B,l1d_prefetcher-berti_l1i_prefetcher-barca_l2c_replacement-PACIPV,0.00178678,0.008644000000000013,0.0,0.002479577491624269,0.7766709516787488,4.065870488572389,3,100
623.xalancbmk_s-10B,l1d_prefetcher-berti_l1i_prefetcher-barca_l2c_replacement-mockingjay,0.001788679999999999,0.008922000000000013,0.0,0.002469111617443396,0.7815460175652649,4.196633097992001,0,100
623.xalancbmk_s-10B,l1d_prefetcher-berti_l1i_prefetcher-entangling_l2c_replacement-PACIPV,0.0016225200000000016,0.00865100000000002,0.0,0.0023280861150721905,0.7094276560743579,4.069163072262814,9,100
623.xalancbmk_s-10B,l1d_prefetcher-berti_l1i_prefetcher-entangling_l2c_replacement-mockingjay,0.0016150600000000008,0.00865100000000002,0.0,0.002307845656044012,0.707410360805935,4.069163072262814,43,100
623.xalancbmk_s-10B,l1d_prefetcher-gaze_l1i_prefetcher-barca_l2c_replacement-PACIPV,0.0006205399999999996,0.003033999999999981,0.0,0.0005653440075464561,0.39516209521860035,1.1684250031274757,1,100
623.xalancbmk_s-10B,l1d_prefetcher-gaze_l1i_prefetcher-barca_l2c_replacement-mockingjay,0.0006082399999999989,0.003033999999999981,0.0,0.0005754813553044361,0.38874087519766964,1.1184226987264452,6,100
623.xalancbmk_s-10B,l1d_prefetcher-gaze_l1i_prefetcher-entangling_l2c_replacement-PACIPV,0.00042176000000000046,0.003033999999999981,0.0,0.0004699397580133165,0.3145067715989326,1.1684250031274757,11,100
623.xalancbmk_s-10B,l1d_prefetcher-gaze_l1i_prefetcher-entangling_l2c_replacement-mockingjay,0.00040465000000000027,0.003033999999999981,0.0,0.0004703570828142527,0.30610855591214853,1.1184226987264452,27,100
625.x264_s-12B,l1d_prefetcher-berti_l1i_prefetcher-barca_l2c_replacement-PACIPV,0.002288669999999995,0.06137999999999977,0.0,0.00826346176273242,0.107110520126975,2.408619230968446,0,100
625.x264_s-12B,l1d_prefetcher-berti_l1i_prefetcher-barca_l2c_replacement-mockingjay,0.002288669999999995,0.06137999999999977,0.0,0.00826346176273242,0.107110520126975,2.408619230968446,23,100
625.x264_s-12B,l1d_prefetcher-berti_l1i_prefetcher-entangling_l2c_replacement-PACIPV,0.0028699599999999982,0.06137999999999977,0.0,0.008621719370721483,0.14136739219905195,2.408619230968446,0,100
625.x264_s-12B,l1d_prefetcher-berti_l1i_prefetcher-entangling_l2c_replacement-mockingjay,0.0028699599999999982,0.06137999999999977,0.0,0.008621719370721483,0.14136739219905195,2.408619230968446,68,100
625.x264_s-12B,l1d_prefetcher-gaze_l1i_prefetcher-barca_l2c_replacement-PACIPV,0.059989040000000014,0.2536749999999999,0.0,0.06636563891019193,2.6697246562224084,10.076276629592213,0,100
625.x264_s-12B,l1d_prefetcher-gaze_l1i_prefetcher-barca_l2c_replacement-mockingjay,0.059989040000000014,0.2536749999999999,0.0,0.06636563891019193,2.6697246562224084,10.076276629592213,2,100
625.x264_s-12B,l1d_prefetcher-gaze_l1i_prefetcher-entangling_l2c_replacement-PACIPV,0.05977811,0.2536749999999999,0.0,0.06645619116089967,2.6571466883212467,10.076276629592213,0,100
625.x264_s-12B,l1d_prefetcher-gaze_l1i_prefetcher-entangling_l2c_replacement-mockingjay,0.05977811,0.2536749999999999,0.0,0.06645619116089967,2.6571466883212467,10.076276629592213,7,100
627.cam4_s-490B,l1d_prefetcher-berti_l1i_prefetcher-barca_l2c_replacement-PACIPV,0.02433144000000001,0.09980100000000003,0.0,0.024307589554414043,2.1192817822868353,10.227262046231218,0,100
627.cam4_s-490B,l1d_prefetcher-berti_l1i_prefetcher-barca_l2c_replacement-mockingjay,0.02451803000000001,0.10328899999999996,0.0,0.02422481630683918,2.140419943216243,10.20322665109066,0,100
627.cam4_s-490B,l1d_prefetcher-berti_l1i_prefetcher-entangling_l2c_replacement-PACIPV,0.02433144000000001,0.09980100000000003,0.0,0.024307589554414043,2.1192817822868353,10.227262046231218,5,100
627.cam4_s-490B,l1d_prefetcher-berti_l1i_prefetcher-entangling_l2c_replacement-mockingjay,0.02451803000000001,0.10328899999999996,0.0,0.02422481630683918,2.140419943216243,10.20322665109066,22,100
627.cam4_s-490B,l1d_prefetcher-gaze_l1i_prefetcher-barca_l2c_replacement-PACIPV,0.008437899999999996,0.10337399999999985,0.0,0.018611146024722268,0.6410138827410247,5.9548504201990395,0,100
627.cam4_s-490B,l1d_prefetcher-gaze_l1i_prefetcher-barca_l2c_replacement-mockingjay,0.008646939999999997,0.10337399999999985,0.0,0.018751067869830502,0.6638129025276149,6.65904645912037,0,100
627.cam4_s-490B,l1d_prefetcher-gaze_l1i_prefetcher-entangling_l2c_replacement-PACIPV,0.008437899999999996,0.10337399999999985,0.0,0.018611146024722268,0.6410138827410247,5.9548504201990395,12,100
627.cam4_s-490B,l1d_prefetcher-gaze_l1i_prefetcher-entangling_l2c_replacement-mockingjay,0.008646939999999997,0.10337399999999985,0.0,0.018751067869830502,0.6638129025276149,6.65904645912037,61,100
628.pop2_s-17B,l1d_prefetcher-berti_l1i_prefetcher-barca_l2c_replacement-PACIPV,0.007396689999999996,0.058141,0.0,0.009621893117549971,0.9514575509524569,6.0617781952809855,1,100
628.pop2_s-17B,l1d_prefetcher-berti_l1i_prefetcher-barca_l2c_replacement-mockingjay,0.007347359999999997,0.058141,0.0,0.009561141232461245,0.9393170329439462,6.0617781952809855,0,100
628.pop2_s-17B,l1d_prefetcher-berti_l1i_prefetcher-entangling_l2c_replacement-PACIPV,0.007381979999999997,0.058141,0.0,0.009638156484714194,0.9495398434208758,6.0617781952809855,13,100
628.pop2_s-17B,l1d_prefetcher-berti_l1i_prefetcher-entangling_l2c_replacement-mockingjay,0.007332779999999996,0.058141,0.0,0.009596959054962469,0.9384737043877319,6.0617781952809855,29,100
628.pop2_s-17B,l1d_prefetcher-gaze_l1i_prefetcher-barca_l2c_replacement-PACIPV,0.008219519999999992,0.062303999999999915,0.0,0.013884003656181037,0.9269424386783583,6.217693576995692,1,100
628.pop2_s-17B,l1d_prefetcher-gaze_l1i_prefetcher-barca_l2c_replacement-mockingjay,0.008256099999999995,0.06258300000000006,0.0,0.013854196766702324,0.9360090456391112,6.217693576995692,3,100
628.pop2_s-17B,l1d_prefetcher-gaze_l1i_prefetcher-entangling_l2c_replacement-PACIPV,0.008240309999999994,0.062303999999999915,0.0,0.013877376383407905,0.9300657439518968,6.217693576995692,13,100
628.pop2_s-17B,l1d_prefetcher-gaze_l1i_prefetcher-entangling_l2c_replacement-mockingjay,0.008231819999999996,0.06258300000000006,0.0,0.013867564998130482,0.931588845287993,6.217693576995692,40,100
631.deepsjeng_s-928B,l1d_prefetcher-berti_l1i_prefetcher-barca_l2c_replacement-PACIPV,0.0033247599999999965,0.015124999999999944,0.0,0.0038753267287997047,0.4328202234585121,1.920326681546772,0,100
631.deepsjeng_s-928B,l1d_prefetcher-berti_l1i_prefetcher-barca_l2c_replacement-mockingjay,0.0033247599999999965,0.015124999999999944,0.0,0.0038753267287997047,0.4328202234585121,1.920326681546772,16,100
631.deepsjeng_s-928B,l1d_prefetcher-berti_l1i_prefetcher-entangling_l2c_replacement-PACIPV,0.0037686600000000005,0.01787799999999995,0.0,0.004016181482629249,0.4937426020280931,2.1192332448640125,0,100
631.deepsjeng_s-928B,l1d_prefetcher-berti_l1i_prefetcher-entangling_l2c_replacement-mockingjay,0.0037686600000000005,0.01787799999999995,0.0,0.004016181482629249,0.4937426020280931,2.1192332448640125,16,100
631.deepsjeng_s-928B,l1d_prefetcher-gaze_l1i_prefetcher-barca_l2c_replacement-PACIPV,0.0008986699999999981,0.009126999999999996,0.0,0.0016665222122550292,0.11710478279841242,0.9955822197981998,0,100
631.deepsjeng_s-928B,l1d_prefetcher-gaze_l1i_prefetcher-barca_l2c_replacement-mockingjay,0.0008986699999999981,0.009126999999999996,0.0,0.0016665222122550292,0.11710478279841242,0.9955822197981998,40,100
631.deepsjeng_s-928B,l1d_prefetcher-gaze_l1i_prefetcher-entangling_l2c_replacement-PACIPV,0.0012715399999999987,0.007797000000000054,0.0,0.0018341913827861162,0.16926256943850568,1.1942104457037912,0,100
631.deepsjeng_s-928B,l1d_prefetcher-gaze_l1i_prefetcher-entangling_l2c_replacement-mockingjay,0.0012715399999999987,0.007797000000000054,0.0,0.0018341913827861162,0.16926256943850568,1.1942104457037912,28,100
638.imagick_s-10316B,l1d_prefetcher-berti_l1i_prefetcher-barca_l2c_replacement-PACIPV,0.0,0.0,0.0,0.0,0.0,0.0,0,100
638.imagick_s-10316B,l1d_prefetcher-berti_l1i_prefetcher-barca_l2c_replacement-mockingjay,0.0,0.0,0.0,0.0,0.0,0.0,0,100
638.imagick_s-10316B,l1d_prefetcher-berti_l1i_prefetcher-entangling_l2c_replacement-PACIPV,0.0,0.0,0.0,0.0,0.0,0.0,0,100
638.imagick_s-10316B,l1d_prefetcher-berti_l1i_prefetcher-entangling_l2c_replacement-mockingjay,0.0,0.0,0.0,0.0,0.0,0.0,100,100
638.imagick_s-10316B,l1d_prefetcher-gaze_l1i_prefetcher-barca_l2c_replacement-PACIPV,0.12266495999999999,0.16239099999999995,0.07944299999999993,0.016922836646378173,9.897307784468785,12.881858848035725,0,100
638.imagick_s-10316B,l1d_prefetcher-gaze_l1i_prefetcher-barca_l2c_replacement-mockingjay,0.12266495999999999,0.16239099999999995,0.07944299999999993,0.016922836646378173,9.897307784468785,12.881858848035725,0,100
638.imagick_s-10316B,l1d_prefetcher-gaze_l1i_prefetcher-entangling_l2c_replacement-PACIPV,0.12266495999999999,0.16239099999999995,0.07944299999999993,0.016922836646378173,9.897307784468785,12.881858848035725,0,100
638.imagick_s-10316B,l1d_prefetcher-gaze_l1i_prefetcher-entangling_l2c_replacement-mockingjay,0.12266495999999999,0.16239099999999995,0.07944299999999993,0.016922836646378173,9.897307784468785,12.881858848035725,0,100
641.leela_s-1052B,l1d_prefetcher-berti_l1i_prefetcher-barca_l2c_replacement-PACIPV,0.0011411199999999976,0.011074000000000028,0.0,0.002320059322125582,0.14537353120881702,1.4503648832007079,0,100
641.leela_s-1052B,l1d_prefetcher-berti_l1i_prefetcher-barca_l2c_replacement-mockingjay,0.0011411199999999976,0.011074000000000028,0.0,0.002320059322125582,0.14537353120881702,1.4503648832007079,56,100
641.leela_s-1052B,l1d_prefetcher-berti_l1i_prefetcher-entangling_l2c_replacement-PACIPV,0.0018386899999999961,0.01114499999999996,0.0,0.0027054684304537407,0.23607377427523407,1.4596637730966038,0,100
641.leela_s-1052B,l1d_prefetcher-berti_l1i_prefetcher-entangling_l2c_replacement-mockingjay,0.0018386899999999961,0.01114499999999996,0.0,0.0027054684304537407,0.23607377427523407,1.4596637730966038,14,100
641.leela_s-1052B,l1d_prefetcher-gaze_l1i_prefetcher-barca_l2c_replacement-PACIPV,0.0030925999999999974,0.018276999999999988,0.0,0.004938192813431469,0.5845110329402496,3.5974239161670494,0,100
641.leela_s-1052B,l1d_prefetcher-gaze_l1i_prefetcher-barca_l2c_replacement-mockingjay,0.0030925999999999974,0.018276999999999988,0.0,0.004938192813431469,0.5845110329402496,3.5974239161670494,28,100
641.leela_s-1052B,l1d_prefetcher-gaze_l1i_prefetcher-entangling_l2c_replacement-PACIPV,0.003584230000000001,0.01829200000000003,0.0,0.004819670397915757,0.6473264163262246,3.6003763349853815,0,100
641.leela_s-1052B,l1d_prefetcher-gaze_l1i_prefetcher-entangling_l2c_replacement-mockingjay,0.003584230000000001,0.01829200000000003,0.0,0.004819670397915757,0.6473264163262246,3.6003763349853815,2,100
644.nab_s-12459B,l1d_prefetcher-berti_l1i_prefetcher-barca_l2c_replacement-PACIPV,0.003114220000000003,0.05731799999999998,0.0,0.010169497133639955,0.14081091031755252,2.4959539684670724,0,100
644.nab_s-12459B,l1d_prefetcher-berti_l1i_prefetcher-barca_l2c_replacement-mockingjay,0.003114220000000003,0.05731799999999998,0.0,0.010169497133639955,0.14081091031755252,2.4959539684670724,0,100
644.nab_s-12459B,l1d_prefetcher-berti_l1i_prefetcher-entangling_l2c_replacement-PACIPV,0.003114220000000003,0.05731799999999998,0.0,0.010169497133639955,0.14081091031755252,2.4959539684670724,0,100
644.nab_s-12459B,l1d_prefetcher-berti_l1i_prefetcher-entangling_l2c_replacement-mockingjay,0.003114220000000003,0.05731799999999998,0.0,0.010169497133639955,0.14081091031755252,2.4959539684670724,85,100
644.nab_s-12459B,l1d_prefetcher-gaze_l1i_prefetcher-barca_l2c_replacement-PACIPV,0.04783033,0.17259099999999972,0.0,0.03805476941267171,5.453547011606767,12.584583793808148,0,100
644.nab_s-12459B,l1d_prefetcher-gaze_l1i_prefetcher-barca_l2c_replacement-mockingjay,0.04783033,0.17259099999999972,0.0,0.03805476941267171,5.453547011606767,12.584583793808148,0,100
644.nab_s-12459B,l1d_prefetcher-gaze_l1i_prefetcher-entangling_l2c_replacement-PACIPV,0.04783033,0.17259099999999972,0.0,0.03805476941267171,5.453547011606767,12.584583793808148,0,100
644.nab_s-12459B,l1d_prefetcher-gaze_l1i_prefetcher-entangling_l2c_replacement-mockingjay,0.04783033,0.17259099999999972,0.0,0.03805476941267171,5.453547011606767,12.584583793808148,15,100
648.exchange2_s-1227B,l1d_prefetcher-berti_l1i_prefetcher-barca_l2c_replacement-PACIPV,0.015389939999999998,0.07271200000000011,0.0,0.01628629548803646,0.7623160214248155,3.9107401212290767,0,100
648.exchange2_s-1227B,l1d_prefetcher-berti_l1i_prefetcher-barca_l2c_replacement-mockingjay,0.015389939999999998,0.07271200000000011,0.0,0.01628629548803646,0.7623160214248155,3.9107401212290767,2,100
648.exchange2_s-1227B,l1d_prefetcher-berti_l1i_prefetcher-entangling_l2c_replacement-PACIPV,0.015481309999999996,0.07258500000000012,0.0,0.016427031403181504,0.7664495385192179,3.903909556873867,0,100
648.exchange2_s-1227B,l1d_prefetcher-berti_l1i_prefetcher-entangling_l2c_replacement-mockingjay,0.015481309999999996,0.07258500000000012,0.0,0.016427031403181504,0.7664495385192179,3.903909556873867,17,100
648.exchange2_s-1227B,l1d_prefetcher-gaze_l1i_prefetcher-barca_l2c_replacement-PACIPV,0.003729570000000002,0.08872599999999986,0.0,0.012708537901785208,0.17859993787150208,3.84672746790419,0,100
648.exchange2_s-1227B,l1d_prefetcher-gaze_l1i_prefetcher-barca_l2c_replacement-mockingjay,0.003729570000000002,0.08872599999999986,0.0,0.012708537901785208,0.17859993787150208,3.84672746790419,31,100
648.exchange2_s-1227B,l1d_prefetcher-gaze_l1i_prefetcher-entangling_l2c_replacement-PACIPV,0.004011159999999991,0.08872599999999986,0.0,0.012654950226961332,0.1921323570669888,3.84672746790419,0,100
648.exchange2_s-1227B,l1d_prefetcher-gaze_l1i_prefetcher-entangling_l2c_replacement-mockingjay,0.004011159999999991,0.08872599999999986,0.0,0.012654950226961332,0.1921323570669888,3.84672746790419,50,100
649.fotonik3d_s-10881B,l1d_prefetcher-berti_l1i_prefetcher-barca_l2c_replacement-PACIPV,0.0016235199999999994,0.008735999999999966,0.0,0.00239483433762055,0.2654003461422712,1.4399517378813071,0,100
649.fotonik3d_s-10881B,l1d_prefetcher-berti_l1i_prefetcher-barca_l2c_replacement-mockingjay,0.001364270000000003,0.00923700000000005,0.0,0.002088647616463247,0.22337657600121427,1.5169978650024718,0,100
649.fotonik3d_s-10881B,l1d_prefetcher-berti_l1i_prefetcher-entangling_l2c_replacement-PACIPV,0.0016235199999999994,0.008735999999999966,0.0,0.00239483433762055,0.2654003461422712,1.4399517378813071,50,100
649.fotonik3d_s-10881B,l1d_prefetcher-berti_l1i_prefetcher-entangling_l2c_replacement-mockingjay,0.001364270000000003,0.00923700000000005,0.0,0.002088647616463247,0.22337657600121427,1.5169978650024718,50,100
649.fotonik3d_s-10881B,l1d_prefetcher-gaze_l1i_prefetcher-barca_l2c_replacement-PACIPV,0.07226587999999999,0.08527600000000002,0.056319999999999926,0.005566644870724891,11.812882569694596,13.462427992049724,0,100
649.fotonik3d_s-10881B,l1d_prefetcher-gaze_l1i_prefetcher-barca_l2c_replacement-mockingjay,0.07211164,0.08715400000000006,0.056319999999999926,0.005700582912813267,11.787818471085536,13.758905779106692,0,100
649.fotonik3d_s-10881B,l1d_prefetcher-gaze_l1i_prefetcher-entangling_l2c_replacement-PACIPV,0.07226587999999999,0.08527600000000002,0.056319999999999926,0.005566644870724891,11.812882569694596,13.462427992049724,0,100
649.fotonik3d_s-10881B,l1d_prefetcher-gaze_l1i_prefetcher-entangling_l2c_replacement-mockingjay,0.07211164,0.08715400000000006,0.056319999999999926,0.005700582912813267,11.787818471085536,13.758905779106692,0,100
654.roms_s-1007B,l1d_prefetcher-berti_l1i_prefetcher-barca_l2c_replacement-PACIPV,0.001496499999999994,0.020863999999999994,0.0,0.0037400749857442518,0.129412719331654,1.796410794651751,0,100
654.roms_s-1007B,l1d_prefetcher-berti_l1i_prefetcher-barca_l2c_replacement-mockingjay,0.001496499999999994,0.020863999999999994,0.0,0.0037400749857442518,0.129412719331654,1.796410794651751,0,100
654.roms_s-1007B,l1d_prefetcher-berti_l1i_prefetcher-entangling_l2c_replacement-PACIPV,0.001496499999999994,0.020863999999999994,0.0,0.0037400749857442518,0.129412719331654,1.796410794651751,0,100
654.roms_s-1007B,l1d_prefetcher-berti_l1i_prefetcher-entangling_l2c_replacement-mockingjay,0.001496499999999994,0.020863999999999994,0.0,0.0037400749857442518,0.129412719331654,1.796410794651751,76,100
654.roms_s-1007B,l1d_prefetcher-gaze_l1i_prefetcher-barca_l2c_replacement-PACIPV,0.009980419999999997,0.025444000000000022,0.0,0.007177319835693428,0.861737752886894,2.184548125481875,0,100
654.roms_s-1007B,l1d_prefetcher-gaze_l1i_prefetcher-barca_l2c_replacement-mockingjay,0.009980419999999997,0.025444000000000022,0.0,0.007177319835693428,0.861737752886894,2.184548125481875,0,100
654.roms_s-1007B,l1d_prefetcher-gaze_l1i_prefetcher-entangling_l2c_replacement-PACIPV,0.009980419999999997,0.025444000000000022,0.0,0.007177319835693428,0.861737752886894,2.184548125481875,0,100
654.roms_s-1007B,l1d_prefetcher-gaze_l1i_prefetcher-entangling_l2c_replacement-mockingjay,0.009980419999999997,0.025444000000000022,0.0,0.007177319835693428,0.861737752886894,2.184548125481875,24,100
657.xz_s-2302B,l1d_prefetcher-berti_l1i_prefetcher-barca_l2c_replacement-PACIPV,0.0005647000000000029,0.00724600000000003,0.0,0.0008888933819330916,0.18153281084869208,2.543009356421407,0,100
657.xz_s-2302B,l1d_prefetcher-berti_l1i_prefetcher-barca_l2c_replacement-mockingjay,0.0005669900000000028,0.006834000000000007,0.0,0.0008615617660195164,0.1822161504354354,2.3984164976240465,15,100
657.xz_s-2302B,l1d_prefetcher-berti_l1i_prefetcher-entangling_l2c_replacement-PACIPV,0.0006231400000000015,0.00724600000000003,0.0,0.0008964276128335784,0.1979541786753588,2.543009356421407,0,100
657.xz_s-2302B,l1d_prefetcher-berti_l1i_prefetcher-entangling_l2c_replacement-mockingjay,0.0006254400000000015,0.006834000000000007,0.0,0.0008692594586569917,0.1986410572136669,2.3984164976240465,23,100
657.xz_s-2302B,l1d_prefetcher-gaze_l1i_prefetcher-barca_l2c_replacement-PACIPV,0.0001562600000000003,0.001489000000000018,0.0,0.0003105440524061753,0.04821685728387964,0.4423319717786908,0,100
657.xz_s-2302B,l1d_prefetcher-gaze_l1i_prefetcher-barca_l2c_replacement-mockingjay,0.00015634000000000036,0.001489000000000018,0.0,0.0003105046794487915,0.04824173716072428,0.4423319717786908,17,100
657.xz_s-2302B,l1d_prefetcher-gaze_l1i_prefetcher-entangling_l2c_replacement-PACIPV,0.00017936000000000286,0.001489000000000018,0.0,0.0003136877595716034,0.05491089153833108,0.4423319717786908,1,100
657.xz_s-2302B,l1d_prefetcher-gaze_l1i_prefetcher-entangling_l2c_replacement-mockingjay,0.00017612000000000294,0.001489000000000018,0.0,0.0003137685011648457,0.05375546545996336,0.4423319717786908,44,100
