policy,benchmark,median_loss,mean_loss,std_loss,min_loss,max_loss,q25_loss,q75_loss,iqr_loss,num_steps
berti/barca/PACIPV,400.perlbench-41B,0.6151354110401063,0.6704834545724131,0.5506353253548651,0.0,2.409679632794495,0.22283554109198012,0.9888512077380169,0.7660156666460368,100
berti/barca/PACIPV,401.bzip2-226B,1.3434178858021757,1.341977646000637,0.8361009000111009,0.0,3.1968498817486624,0.7887509827728814,1.8452858581431764,1.056534875370295,100
berti/barca/PACIPV,403.gcc-16B,0.0,0.10822571635416431,0.22634961238129828,0.0,0.9732928699796546,0.0,0.011289297170312042,0.011289297170312042,100
berti/barca/PACIPV,410.bwaves-1963B,0.0,0.12124214879257451,0.2818697389956286,0.0,1.3999106297589485,0.0,0.0806668196506475,0.0806668196506475,100
berti/barca/PACIPV,416.gamess-875B,0.02021219140589972,0.16988490725018862,0.2615016285647413,0.0,1.2922542815745535,0.0,0.2523216501979185,0.2523216501979185,100
berti/barca/PACIPV,429.mcf-184B,0.0,0.049909360112616465,0.1246645088603193,0.0,0.7538394705236082,0.0,0.03407747858423569,0.03407747858423569,100
berti/barca/PACIPV,433.milc-127B,0.19992868681074644,0.40171271382091417,0.6485191906147052,0.0,4.848919935091887,0.0,0.539930257526335,0.539930257526335,100
berti/barca/PACIPV,434.zeusmp-10B,0.0,0.1512515149712083,0.2946952763426683,0.0,1.3008313684661676,0.0,0.12557890906229074,0.12557890906229074,100
berti/barca/PACIPV,435.gromacs-111B,0.0,0.12929644840781132,0.2204205246295185,0.0,1.0612413446888653,0.0,0.1947275583418746,0.1947275583418746,100
berti/barca/PACIPV,436.cactusADM-1804B,0.0,0.29086288532170934,0.523504495567562,0.0,3.2543489871437887,0.0,0.38538476708712865,0.38538476708712865,100
berti/barca/PACIPV,437.leslie3d-134B,0.4202011064016157,0.8240338705230107,1.0112047437062097,0.0,4.462986872984918,0.0,1.4991817536148244,1.4991817536148244,100
berti/barca/PACIPV,444.namd-120B,0.9919434715021551,1.2748482381171726,1.2087223765864359,0.0,4.856727281912466,0.015324099185507617,2.016204019743779,2.0008799205582717,100
berti/barca/PACIPV,445.gobmk-17B,0.7842100100775782,0.7704010821827117,0.5382589631241598,0.0,2.3364802636645123,0.2860037477629956,1.1421813910826009,0.8561776433196053,100
berti/barca/PACIPV,447.dealII-3B,0.7178072698815867,0.909561739445204,0.824730472004435,0.0,4.0588961466298095,0.44491764885939306,1.1622573396930322,0.7173396908336391,100
berti/barca/PACIPV,450.soplex-247B,0.1787536060073139,0.7833409127845745,1.2643098402895572,0.0,8.454114264732022,0.0,1.2416067537421867,1.2416067537421867,100
berti/barca/PACIPV,453.povray-252B,0.6153565818587181,0.6765985535998286,0.48148298897092784,0.0,2.129490395484057,0.2864602806731337,0.9560175870634717,0.669557306390338,100
berti/barca/PACIPV,454.calculix-104B,0.0,0.16691287385108156,0.31749463931368443,0.0,1.1675323236381017,0.0,0.14928798774076157,0.14928798774076157,100
berti/barca/PACIPV,456.hmmer-191B,0.0,0.07545521517984001,0.2450963140627258,0.0,1.2772153630713985,0.0,0.0,0.0,100
berti/barca/PACIPV,458.sjeng-1088B,0.001982939821283459,0.11078784468435146,0.21833838293630634,0.0,0.9835061900804357,0.0,0.12570128536936884,0.12570128536936884,100
berti/barca/PACIPV,459.GemsFDTD-1169B,0.8449941051509,1.6978085510831653,2.6786012897155365,0.0,14.10007493425202,0.2129311201738712,1.8334856883172734,1.6205545681434022,100
berti/barca/PACIPV,462.libquantum-1343B,9.147240861727745,9.116492504590536,1.0251237738337917,6.030186924167249,11.414262175466476,8.32635499699641,9.80340359803286,1.4770486010364507,100
berti/barca/PACIPV,464.h264ref-30B,0.1403784241988285,0.9026301924525968,1.5995805607992009,0.0,8.08857945758163,0.0,1.0463787818235408,1.0463787818235408,100
berti/barca/PACIPV,465.tonto-1914B,0.33903956344004016,0.8025899086865634,1.238271182773569,0.0,7.573142404962728,0.0,1.0675647636641927,1.0675647636641927,100
berti/barca/PACIPV,470.lbm-1274B,12.204804117988221,12.13184655520565,1.4825097081784693,8.032867345561677,15.81467741072127,11.154133749039588,13.1781820832398,2.024048334200213,100
berti/barca/PACIPV,471.omnetpp-188B,0.351692405296176,0.674426895411897,0.7986171865637474,0.0,3.2322347930375668,0.027576966181567956,1.2534224349099847,1.2258454687284168,100
berti/barca/PACIPV,473.astar-153B,0.0,0.0006434854602651574,0.006334076642267662,0.0,0.0636630992608813,0.0,0.0,0.0,100
berti/barca/PACIPV,481.wrf-1170B,0.019480432863857346,0.19890078334582528,0.3505657482406745,0.0,1.7337767879899557,0.0,0.2530533216542068,0.2530533216542068,100
berti/barca/PACIPV,482.sphinx3-1100B,0.0,0.7344843723293967,1.2082322448696512,0.0,5.251935882798396,0.0,1.2849126938552198,1.2849126938552198,100
berti/barca/PACIPV,483.xalancbmk-127B,4.3029402219620465,4.050750257742699,1.0830577376695318,0.0,5.6184311268880105,3.7568731052287303,4.656255263042937,0.8993821578142063,100
berti/barca/PACIPV,600.perlbench_s-1273B,0.0,0.06721087520967997,0.15102650926662559,0.0,1.1031871932016586,0.0,0.04979791103718933,0.04979791103718933,100
berti/barca/PACIPV,602.gcc_s-1850B,7.320052319085762,7.222187082967627,1.7919745375869411,1.1816050770902051,11.649575630243111,6.178403919085512,8.265024419561255,2.0866205004757434,100
berti/barca/PACIPV,603.bwaves_s-1080B,1.0639400483296035,1.2103400323498965,0.9156583049242957,0.0,4.19112649231292,0.6217895366329561,1.7020133627292353,1.080223826096279,100
berti/barca/PACIPV,605.mcf_s-1152B,0.0,0.06213795290534198,0.15968335228171496,0.0,1.033304354259924,0.0,0.04153274785990576,0.04153274785990576,100
berti/barca/PACIPV,607.cactuBSSN_s-2421B,0.908192202889216,1.207965235921848,1.298657173478791,0.0,7.200880113635851,0.1775638817933114,1.6950977717793252,1.5175338899860138,100
berti/barca/PACIPV,619.lbm_s-2676B,12.239479821971546,12.189341624975507,2.1267367852279797,6.94882604717878,18.99112415458466,10.96851759831372,13.64920398016464,2.6806863818509186,100
berti/barca/PACIPV,620.omnetpp_s-141B,0.12556781446488985,0.15079493810904895,0.14203488097483538,0.0,0.6224133210944135,0.023532151292040913,0.2428818841254916,0.2193497328334507,100
berti/barca/PACIPV,621.wrf_s-575B,0.0018220175450853768,0.05415971902632275,0.12421363742245205,0.0,0.7035667219317221,0.0004365693796114367,0.05868534687999963,0.05824877750038819,100
berti/barca/PACIPV,623.xalancbmk_s-10B,0.07447055539000791,0.7766709516787488,1.0678422579627032,0.0,4.065870488572389,0.0,1.7090960683746301,1.7090960683746301,100
berti/barca/PACIPV,625.x264_s-12B,0.0,0.107110520126975,0.35883558053039305,0.0,2.408619230968446,0.0,0.002628341043510617,0.002628341043510617,100
berti/barca/PACIPV,627.cam4_s-490B,1.4013685949275836,2.1192817822868353,2.4103842202453625,0.0,10.227262046231218,0.18103889711015467,3.142100987737192,2.9610620906270375,100
berti/barca/PACIPV,628.pop2_s-17B,0.5079467799507781,0.9514575509524569,1.0948062721261203,0.0,6.0617781952809855,0.0,1.634155715351164,1.634155715351164,100
berti/barca/PACIPV,631.deepsjeng_s-928B,0.299080279231675,0.4328202234585121,0.4977178123507437,0.0,1.920326681546772,0.01859576697906236,0.7003990755071443,0.6818033085280819,100
berti/barca/PACIPV,638.imagick_s-10316B,0.0,0.0,0.0,0.0,0.0,0.0,0.0,0.0,100
berti/barca/PACIPV,641.leela_s-1052B,0.0,0.14537353120881702,0.2817363844079202,0.0,1.4503648832007079,0.0,0.14994235755229282,0.14994235755229282,100
berti/barca/PACIPV,644.nab_s-12459B,0.0,0.14081091031755252,0.4586774657765718,0.0,2.4959539684670724,0.0,0.0,0.0,100
berti/barca/PACIPV,648.exchange2_s-1227B,0.47096187168369863,0.7623160214248155,0.8034776998491661,0.0,3.9107401212290767,0.14442798273329785,1.1145684679316294,0.9701404851983316,100
berti/barca/PACIPV,649.fotonik3d_s-10881B,0.004190315933390676,0.2654003461422712,0.389448472085311,0.0,1.4399517378813071,0.0,0.43222388308583426,0.43222388308583426,100
berti/barca/PACIPV,654.roms_s-1007B,0.0,0.129412719331654,0.3219878485633105,0.0,1.796410794651751,0.0,0.0,0.0,100
berti/barca/PACIPV,657.xz_s-2302B,0.11235665353686089,0.18153281084869208,0.2993029062798119,0.0,2.543009356421407,0.0,0.26719348786466224,0.26719348786466224,100
berti/barca/mockingjay,400.perlbench-41B,0.6213433779444832,0.6745438033774454,0.5467945810368726,0.0,2.409679632794495,0.22283554109198012,1.0342877443289582,0.8114522032369781,100
berti/barca/mockingjay,401.bzip2-226B,1.3434178858021757,1.341977646000637,0.8361009000111009,0.0,3.1968498817486624,0.7887509827728814,1.8452858581431764,1.056534875370295,100
berti/barca/mockingjay,403.gcc-16B,0.0036524555474785328,0.11270181598671777,0.22434608074100862,0.0,0.9737865931128834,0.0007405487532528242,0.03480466195982009,0.03406411320656727,100
berti/barca/mockingjay,410.bwaves-1963B,0.0,0.19326956567305253,0.4082546311753008,0.0,2.107349118084477,0.0,0.15874044900353879,0.15874044900353879,100
berti/barca/mockingjay,416.gamess-875B,0.02021219140589972,0.16988490725018862,0.2615016285647413,0.0,1.2922542815745535,0.0,0.2523216501979185,0.2523216501979185,100
berti/barca/mockingjay,429.mcf-184B,0.10517724071439688,0.1286548892781623,0.12480889064580471,0.0,0.8407226637364958,0.04360903540966553,0.16809955096564833,0.1244905155559828,100
berti/barca/mockingjay,433.milc-127B,0.11233727697853554,0.3930556443378675,0.6811323366786124,0.0,5.245084335874629,0.0,0.5746724467950015,0.5746724467950015,100
berti/barca/mockingjay,434.zeusmp-10B,0.0,0.15209806052905345,0.30190878382306996,0.0,1.3008313684661676,0.0,0.11462798305374941,0.11462798305374941,100
berti/barca/mockingjay,435.gromacs-111B,0.0,0.12751700520532153,0.2207250836244287,0.0,1.0612413446888653,0.0,0.1947275583418746,0.1947275583418746,100
berti/barca/mockingjay,436.cactusADM-1804B,0.0,0.30076462234969237,0.529381107987135,0.0,3.2543489871437887,0.0,0.40751022969783457,0.40751022969783457,100
berti/barca/mockingjay,437.leslie3d-134B,0.38299490335968817,0.8175500462265543,1.019252135373955,0.0,4.462986872984918,0.0,1.4991817536148244,1.4991817536148244,100
berti/barca/mockingjay,444.namd-120B,0.9919434715021551,1.2748482381171726,1.2087223765864359,0.0,4.856727281912466,0.015324099185507617,2.016204019743779,2.0008799205582717,100
berti/barca/mockingjay,445.gobmk-17B,0.7842100100775782,0.7725051884832271,0.5356056361497008,0.0,2.3364802636645123,0.2860037477629956,1.1421813910826009,0.8561776433196053,100
berti/barca/mockingjay,447.dealII-3B,0.7178072698815867,0.909561739445204,0.824730472004435,0.0,4.0588961466298095,0.44491764885939306,1.1622573396930322,0.7173396908336391,100
berti/barca/mockingjay,450.soplex-247B,0.267865616291342,0.8250186824145359,1.271187806049143,0.0,8.893401577574815,0.007381339304390399,1.2228451314826763,1.2154637921782858,100
berti/barca/mockingjay,453.povray-252B,0.6153565818587181,0.6770126451795982,0.4813412627097196,0.0,2.129490395484057,0.2864602806731337,0.9560175870634717,0.669557306390338,100
berti/barca/mockingjay,454.calculix-104B,0.0,0.16691287385108156,0.31749463931368443,0.0,1.1675323236381017,0.0,0.14928798774076157,0.14928798774076157,100
berti/barca/mockingjay,456.hmmer-191B,0.0,0.07545521517984001,0.2450963140627258,0.0,1.2772153630713985,0.0,0.0,0.0,100
berti/barca/mockingjay,458.sjeng-1088B,0.001982939821283459,0.11078784468435146,0.21833838293630634,0.0,0.9835061900804357,0.0,0.12570128536936884,0.12570128536936884,100
berti/barca/mockingjay,459.GemsFDTD-1169B,0.8973178131189775,1.6758402745037504,2.6120691607800963,0.0,13.996418559946603,0.2129311201738712,1.7148602864717275,1.5019291662978562,100
berti/barca/mockingjay,462.libquantum-1343B,9.019877529536194,9.020396341445412,1.1473034624450245,5.688286233167961,12.106714533826164,8.366461371208104,9.837591204828557,1.471129833620454,100
berti/barca/mockingjay,464.h264ref-30B,0.1403784241988285,0.9043774055389909,1.6021747540227427,0.0,8.08857945758163,0.0,1.0463787818235408,1.0463787818235408,100
berti/barca/mockingjay,465.tonto-1914B,0.33903956344004016,0.8023647731348805,1.23800452698809,0.0,7.583062909172364,0.0,1.0675647636641927,1.0675647636641927,100
berti/barca/mockingjay,470.lbm-1274B,12.324633330580482,12.286075175571465,1.4620422382280356,8.499401541693963,15.734593102006093,11.140786088956665,13.312189069335144,2.1714029803784793,100
berti/barca/mockingjay,471.omnetpp-188B,0.35137209819077636,0.6780646301689007,0.8124180121291996,0.0,3.2322347930375668,0.03854008979654015,1.2160107366906365,1.1774706468940963,100
berti/barca/mockingjay,473.astar-153B,0.0,0.0013009219818672342,0.008419479683376176,0.0,0.0636630992608813,0.0,0.0,0.0,100
berti/barca/mockingjay,481.wrf-1170B,0.019480432863857346,0.19890078334582528,0.3505657482406745,0.0,1.7337767879899557,0.0,0.2530533216542068,0.2530533216542068,100
berti/barca/mockingjay,482.sphinx3-1100B,0.0,0.7467546401946317,1.2047989545344124,0.0,5.251935882798396,0.0,1.2849126938552198,1.2849126938552198,100
berti/barca/mockingjay,483.xalancbmk-127B,4.314748378147694,4.065376676757506,1.0602532638867264,0.0,5.6184311268880105,3.7568731052287303,4.7263701907294475,0.9694970855007172,100
berti/barca/mockingjay,600.perlbench_s-1273B,0.0,0.06721087520967997,0.15102650926662559,0.0,1.1031871932016586,0.0,0.04979791103718933,0.04979791103718933,100
berti/barca/mockingjay,602.gcc_s-1850B,7.295164841127153,7.191671180137036,1.8242823985515153,0.28137991870338314,12.078652286376306,6.136353354392932,8.398766417370148,2.262413062977216,100
berti/barca/mockingjay,603.bwaves_s-1080B,1.0639400483296035,1.2103400323498965,0.9156583049242957,0.0,4.19112649231292,0.6217895366329561,1.7020133627292353,1.080223826096279,100
berti/barca/mockingjay,605.mcf_s-1152B,0.023158603494961003,0.10024762494221343,0.1676402979645931,0.0,1.033304354259924,0.0,0.13925972098212686,0.13925972098212686,100
berti/barca/mockingjay,607.cactuBSSN_s-2421B,0.9545344702593095,1.2164223397408442,1.3455088845504586,0.0,7.649672550773509,0.06174104662824384,1.5673938668408545,1.5056528202126107,100
berti/barca/mockingjay,619.lbm_s-2676B,12.235940959721537,12.26160383038476,1.9381762143260681,6.552114727239637,16.362769954204463,11.100729653307344,13.584678464937321,2.4839488116299773,100
berti/barca/mockingjay,620.omnetpp_s-141B,0.13701578075475612,0.15491597115685368,0.14678633375365996,0.0,0.7095528773412698,0.02468866549300796,0.25838903407719543,0.23370036858418747,100
berti/barca/mockingjay,621.wrf_s-575B,0.0018220175450853768,0.05415971902632275,0.12421363742245205,0.0,0.7035667219317221,0.0004365693796114367,0.05868534687999963,0.05824877750038819,100
berti/barca/mockingjay,623.xalancbmk_s-10B,0.09800478512975212,0.7815460175652649,1.0639166864687943,0.0,4.196633097992001,0.0,1.749055092394446,1.749055092394446,100
berti/barca/mockingjay,625.x264_s-12B,0.0,0.107110520126975,0.35883558053039305,0.0,2.408619230968446,0.0,0.002628341043510617,0.002628341043510617,100
berti/barca/mockingjay,627.cam4_s-490B,1.419330675777804,2.140419943216243,2.4119776915969653,0.0,10.20322665109066,0.1389231359242868,3.142100987737192,3.0031778518129055,100
berti/barca/mockingjay,628.pop2_s-17B,0.5552326032508874,0.9393170329439462,1.0776102289828098,0.0,6.0617781952809855,0.0,1.55468135657613,1.55468135657613,100
berti/barca/mockingjay,631.deepsjeng_s-928B,0.299080279231675,0.4328202234585121,0.4977178123507437,0.0,1.920326681546772,0.01859576697906236,0.7003990755071443,0.6818033085280819,100
berti/barca/mockingjay,638.imagick_s-10316B,0.0,0.0,0.0,0.0,0.0,0.0,0.0,0.0,100
berti/barca/mockingjay,641.leela_s-1052B,0.0,0.14537353120881702,0.2817363844079202,0.0,1.4503648832007079,0.0,0.14994235755229282,0.14994235755229282,100
berti/barca/mockingjay,644.nab_s-12459B,0.0,0.14081091031755252,0.4586774657765718,0.0,2.4959539684670724,0.0,0.0,0.0,100
berti/barca/mockingjay,648.exchange2_s-1227B,0.47096187168369863,0.7623160214248155,0.8034776998491661,0.0,3.9107401212290767,0.14442798273329785,1.1145684679316294,0.9701404851983316,100
berti/barca/mockingjay,649.fotonik3d_s-10881B,0.007046143329889759,0.22337657600121427,0.34025568860161753,0.0,1.5169978650024718,0.0,0.3639600982200096,0.3639600982200096,100
berti/barca/mockingjay,654.roms_s-1007B,0.0,0.129412719331654,0.3219878485633105,0.0,1.796410794651751,0.0,0.0,0.0,100
berti/barca/mockingjay,657.xz_s-2302B,0.11235665353686089,0.1822161504354354,0.2892259528478643,0.0,2.3984164976240465,0.0,0.2711992001762094,0.2711992001762094,100
berti/entangling/PACIPV,400.perlbench-41B,0.3920987761239989,0.4542924309269605,0.4176817270741888,0.0,1.5319269575606622,0.05550969763830769,0.650787826364563,0.5952781287262553,100
berti/entangling/PACIPV,401.bzip2-226B,1.3434178858021757,1.341977646000637,0.8361009000111009,0.0,3.1968498817486624,0.7887509827728814,1.8452858581431764,1.056534875370295,100
berti/entangling/PACIPV,403.gcc-16B,0.0,0.10832613256024332,0.22656971341751914,0.0,0.9732928699796546,0.0,0.011289297170312042,0.011289297170312042,100
berti/entangling/PACIPV,410.bwaves-1963B,0.0,0.12124214879257451,0.2818697389956286,0.0,1.3999106297589485,0.0,0.0806668196506475,0.0806668196506475,100
berti/entangling/PACIPV,416.gamess-875B,0.004320636286488032,0.14143998459923013,0.2425053282173927,0.0,1.3110119937825897,0.0,0.16987640642197424,0.16987640642197424,100
berti/entangling/PACIPV,429.mcf-184B,0.0,0.049909360112616465,0.1246645088603193,0.0,0.7538394705236082,0.0,0.03407747858423569,0.03407747858423569,100
berti/entangling/PACIPV,433.milc-127B,0.19992868681074644,0.40171271382091417,0.6485191906147052,0.0,4.848919935091887,0.0,0.539930257526335,0.539930257526335,100
berti/entangling/PACIPV,434.zeusmp-10B,0.0,0.1512515149712083,0.2946952763426683,0.0,1.3008313684661676,0.0,0.12557890906229074,0.12557890906229074,100
berti/entangling/PACIPV,435.gromacs-111B,0.0022090227665117167,0.1433126689375141,0.22438970863412708,0.0,1.0612413446888653,0.0,0.23666720240635036,0.23666720240635036,100
berti/entangling/PACIPV,436.cactusADM-1804B,0.0,0.29086288532170934,0.523504495567562,0.0,3.2543489871437887,0.0,0.38538476708712865,0.38538476708712865,100
berti/entangling/PACIPV,437.leslie3d-134B,0.4202011064016157,0.8240338705230107,1.0112047437062097,0.0,4.462986872984918,0.0,1.4991817536148244,1.4991817536148244,100
berti/entangling/PACIPV,444.namd-120B,0.9919434715021551,1.2748482381171726,1.2087223765864359,0.0,4.856727281912466,0.015324099185507617,2.016204019743779,2.0008799205582717,100
berti/entangling/PACIPV,445.gobmk-17B,0.6260048192814596,0.6684757940148294,0.5364591521790527,0.0,1.9062543571961146,0.1584814218560306,1.0809072244248674,0.9224258025688368,100
berti/entangling/PACIPV,447.dealII-3B,0.7178072698815867,0.9114541716317696,0.8216456994126397,0.0,4.0588961466298095,0.445924129325347,1.1622573396930322,0.7163332103676853,100
berti/entangling/PACIPV,450.soplex-247B,0.17863956635166153,0.7783403533776937,1.2634636555032972,0.0,8.454114264732022,0.0,1.203766887974032,1.203766887974032,100
berti/entangling/PACIPV,453.povray-252B,0.6353010838237715,0.6649970738884019,0.4763710703552366,0.0,1.9612968048309427,0.23977463695065743,0.990535248873232,0.7507606119225745,100
berti/entangling/PACIPV,454.calculix-104B,0.0,0.16691287385108156,0.31749463931368443,0.0,1.1675323236381017,0.0,0.14928798774076157,0.14928798774076157,100
berti/entangling/PACIPV,456.hmmer-191B,0.0,0.07545521517984001,0.2450963140627258,0.0,1.2772153630713985,0.0,0.0,0.0,100
berti/entangling/PACIPV,458.sjeng-1088B,0.005744706366730317,0.12436493234791669,0.22340040055929722,0.0,0.9823677263234248,0.0,0.1440936861546065,0.1440936861546065,100
berti/entangling/PACIPV,459.GemsFDTD-1169B,0.8449941051509,1.6978085510831653,2.6786012897155365,0.0,14.10007493425202,0.2129311201738712,1.8334856883172734,1.6205545681434022,100
berti/entangling/PACIPV,462.libquantum-1343B,9.147240861727745,9.116492504590536,1.0251237738337917,6.030186924167249,11.414262175466476,8.32635499699641,9.80340359803286,1.4770486010364507,100
berti/entangling/PACIPV,464.h264ref-30B,0.1403784241988285,0.9026301924525968,1.5995805607992009,0.0,8.08857945758163,0.0,1.0463787818235408,1.0463787818235408,100
berti/entangling/PACIPV,465.tonto-1914B,0.21400660146848086,0.8085560400887747,1.2324689573736372,0.0,7.573142404962728,0.0,1.0112117408860426,1.0112117408860426,100
berti/entangling/PACIPV,470.lbm-1274B,12.204804117988221,12.13184655520565,1.4825097081784693,8.032867345561677,15.81467741072127,11.154133749039588,13.1781820832398,2.024048334200213,100
berti/entangling/PACIPV,471.omnetpp-188B,0.3615438558499407,0.706050451462212,0.8244664004045757,0.0,3.759873741735895,0.12972372210414468,1.147399739385997,1.0176760172818522,100
berti/entangling/PACIPV,473.astar-153B,0.0,0.0006434854602651574,0.006334076642267662,0.0,0.0636630992608813,0.0,0.0,0.0,100
berti/entangling/PACIPV,481.wrf-1170B,0.02598865529886952,0.20807949849682025,0.37987384236866234,0.0,2.0659499525765317,0.0,0.23758796104855984,0.23758796104855984,100
berti/entangling/PACIPV,482.sphinx3-1100B,0.0,0.7344843723293967,1.2082322448696512,0.0,5.251935882798396,0.0,1.2849126938552198,1.2849126938552198,100
berti/entangling/PACIPV,483.xalancbmk-127B,4.3029402219620465,4.023581060699803,1.131824383740993,0.07042521603411304,5.6184311268880105,3.7526518770589354,4.656255263042937,0.9036033859840011,100
berti/entangling/PACIPV,600.perlbench_s-1273B,0.0,0.0662039222698842,0.1494330561090927,0.0,1.1002625187764095,0.0,0.049837981246790036,0.049837981246790036,100
berti/entangling/PACIPV,602.gcc_s-1850B,7.320052319085762,7.222187082967627,1.7919745375869411,1.1816050770902051,11.649575630243111,6.178403919085512,8.265024419561255,2.0866205004757434,100
berti/entangling/PACIPV,603.bwaves_s-1080B,1.080025491561062,1.2141835672109504,0.9139442199824582,0.0,4.19112649231292,0.6223020365048324,1.7020133627292353,1.079711326224403,100
berti/entangling/PACIPV,605.mcf_s-1152B,0.0,0.06213806152255669,0.15969249871376998,0.0,1.033304354259924,0.0,0.04153274785990576,0.04153274785990576,100
berti/entangling/PACIPV,607.cactuBSSN_s-2421B,1.440372422564121,1.5053616814125772,1.3800977869364366,0.0,8.395749029299816,0.34179218424369195,2.0000467763686816,1.6582545921249896,100
berti/entangling/PACIPV,619.lbm_s-2676B,12.239479821971546,12.189341624975507,2.1267367852279797,6.94882604717878,18.99112415458466,10.96851759831372,13.64920398016464,2.6806863818509186,100
berti/entangling/PACIPV,620.omnetpp_s-141B,0.10523742231771632,0.1444074539603006,0.14722571835163073,0.0,0.6052068659675537,0.017701451502052188,0.21722304279453078,0.1995215912924786,100
berti/entangling/PACIPV,621.wrf_s-575B,0.0,0.052952512313704306,0.12444667634071123,0.0,0.7039918377757901,0.0,0.05818185998888532,0.05818185998888532,100
berti/entangling/PACIPV,623.xalancbmk_s-10B,0.05054188604742507,0.7094276560743579,1.0018991243060795,0.0,4.069163072262814,0.0,1.5649012117418195,1.5649012117418195,100
berti/entangling/PACIPV,625.x264_s-12B,0.0,0.14136739219905195,0.3894890360811901,0.0,2.408619230968446,0.0,0.006082365328775651,0.006082365328775651,100
berti/entangling/PACIPV,627.cam4_s-490B,1.4013685949275836,2.1192817822868353,2.4103842202453625,0.0,10.227262046231218,0.18103889711015467,3.142100987737192,2.9610620906270375,100
berti/entangling/PACIPV,628.pop2_s-17B,0.5079467799507781,0.9495398434208758,1.0963231803450304,0.0,6.0617781952809855,0.0,1.634155715351164,1.634155715351164,100
berti/entangling/PACIPV,631.deepsjeng_s-928B,0.37798778630110974,0.4937426020280931,0.5175300053745587,0.0,2.1192332448640125,0.038916666952896944,0.788171320740257,0.74925465378736,100
berti/entangling/PACIPV,638.imagick_s-10316B,0.0,0.0,0.0,0.0,0.0,0.0,0.0,0.0,100
berti/entangling/PACIPV,641.leela_s-1052B,0.0795533606226369,0.23607377427523407,0.33507486414871046,0.0,1.4596637730966038,0.0038292776207762055,0.3317225080473854,0.3278932304266092,100
berti/entangling/PACIPV,644.nab_s-12459B,0.0,0.14081091031755252,0.4586774657765718,0.0,2.4959539684670724,0.0,0.0,0.0,100
berti/entangling/PACIPV,648.exchange2_s-1227B,0.466772806818579,0.7664495385192179,0.8089296680811112,0.0,3.903909556873867,0.1603435384216667,1.1367595244486526,0.9764159860269859,100
berti/entangling/PACIPV,649.fotonik3d_s-10881B,0.004190315933390676,0.2654003461422712,0.389448472085311,0.0,1.4399517378813071,0.0,0.43222388308583426,0.43222388308583426,100
berti/entangling/PACIPV,654.roms_s-1007B,0.0,0.129412719331654,0.3219878485633105,0.0,1.796410794651751,0.0,0.0,0.0,100
berti/entangling/PACIPV,657.xz_s-2302B,0.13225183234810894,0.1979541786753588,0.3000302253141319,0.0,2.543009356421407,0.0006369626020213603,0.3043679525851401,0.30373098998311876,100
berti/entangling/mockingjay,400.perlbench-41B,0.3920987761239989,0.4589400854904613,0.41697633515811083,0.0,1.5319269575606622,0.08048530369816567,0.6525096228561195,0.5720243191579538,100
berti/entangling/mockingjay,401.bzip2-226B,1.3434178858021757,1.341977646000637,0.8361009000111009,0.0,3.1968498817486624,0.7887509827728814,1.8452858581431764,1.056534875370295,100
berti/entangling/mockingjay,403.gcc-16B,0.00394697506681825,0.11304714986299576,0.22475464641920748,0.0,0.9737865931128834,0.0007405487532528242,0.03480466195982009,0.03406411320656727,100
berti/entangling/mockingjay,410.bwaves-1963B,0.0,0.19326956567305253,0.4082546311753008,0.0,2.107349118084477,0.0,0.15874044900353879,0.15874044900353879,100
berti/entangling/mockingjay,416.gamess-875B,0.004320636286488032,0.14143998459923013,0.2425053282173927,0.0,1.3110119937825897,0.0,0.16987640642197424,0.16987640642197424,100
berti/entangling/mockingjay,429.mcf-184B,0.10517724071439688,0.1286548892781623,0.12480889064580471,0.0,0.8407226637364958,0.04360903540966553,0.16809955096564833,0.1244905155559828,100
berti/entangling/mockingjay,433.milc-127B,0.11233727697853554,0.3930556443378675,0.6811323366786124,0.0,5.245084335874629,0.0,0.5746724467950015,0.5746724467950015,100
berti/entangling/mockingjay,434.zeusmp-10B,0.0,0.15209806052905345,0.30190878382306996,0.0,1.3008313684661676,0.0,0.11462798305374941,0.11462798305374941,100
berti/entangling/mockingjay,435.gromacs-111B,0.002449120913383172,0.14334996083889073,0.22436619668519872,0.0,1.0612413446888653,0.0,0.23666720240635036,0.23666720240635036,100
berti/entangling/mockingjay,436.cactusADM-1804B,0.0,0.30076462234969237,0.529381107987135,0.0,3.2543489871437887,0.0,0.40751022969783457,0.40751022969783457,100
berti/entangling/mockingjay,437.leslie3d-134B,0.38299490335968817,0.8175500462265543,1.019252135373955,0.0,4.462986872984918,0.0,1.4991817536148244,1.4991817536148244,100
berti/entangling/mockingjay,444.namd-120B,0.9919434715021551,1.2748482381171726,1.2087223765864359,0.0,4.856727281912466,0.015324099185507617,2.016204019743779,2.0008799205582717,100
berti/entangling/mockingjay,445.gobmk-17B,0.6510854272171049,0.675957635065931,0.5321268139749028,0.0,1.9062543571961146,0.16934165001859897,1.0809072244248674,0.9115655744062685,100
berti/entangling/mockingjay,447.dealII-3B,0.7178072698815867,0.9114541716317696,0.8216456994126397,0.0,4.0588961466298095,0.445924129325347,1.1622573396930322,0.7163332103676853,100
berti/entangling/mockingjay,450.soplex-247B,0.267865616291342,0.8197637488757128,1.2705466074032374,0.0,8.893401577574815,0.007381339304390399,1.1587232889322234,1.151341949627833,100
berti/entangling/mockingjay,453.povray-252B,0.6353010838237715,0.6649631933570006,0.4763562813543227,0.0,1.9612968048309427,0.23977463695065743,0.990535248873232,0.7507606119225745,100
berti/entangling/mockingjay,454.calculix-104B,0.0,0.16691287385108156,0.31749463931368443,0.0,1.1675323236381017,0.0,0.14928798774076157,0.14928798774076157,100
berti/entangling/mockingjay,456.hmmer-191B,0.0,0.07545521517984001,0.2450963140627258,0.0,1.2772153630713985,0.0,0.0,0.0,100
berti/entangling/mockingjay,458.sjeng-1088B,0.005744706366730317,0.12436493234791669,0.22340040055929722,0.0,0.9823677263234248,0.0,0.1440936861546065,0.1440936861546065,100
berti/entangling/mockingjay,459.GemsFDTD-1169B,0.8973178131189775,1.6758402745037504,2.6120691607800963,0.0,13.996418559946603,0.2129311201738712,1.7148602864717275,1.5019291662978562,100
berti/entangling/mockingjay,462.libquantum-1343B,9.019877529536194,9.020396341445412,1.1473034624450245,5.688286233167961,12.106714533826164,8.366461371208104,9.837591204828557,1.471129833620454,100
berti/entangling/mockingjay,464.h264ref-30B,0.1403784241988285,0.9043774055389909,1.6021747540227427,0.0,8.08857945758163,0.0,1.0463787818235408,1.0463787818235408,100
berti/entangling/mockingjay,465.tonto-1914B,0.21400660146848086,0.8100173334130755,1.2395566390209094,0.0,7.583062909172364,0.0,1.0112117408860426,1.0112117408860426,100
berti/entangling/mockingjay,470.lbm-1274B,12.324633330580482,12.286075175571465,1.4620422382280356,8.499401541693963,15.734593102006093,11.140786088956665,13.312189069335144,2.1714029803784793,100
berti/entangling/mockingjay,471.omnetpp-188B,0.3662306342980117,0.7009354801225172,0.8282616397432121,0.0,3.710799478635024,0.10332976942832167,1.1626791888070969,1.0593494193787751,100
berti/entangling/mockingjay,473.astar-153B,0.0,0.0013009219818672342,0.008419479683376176,0.0,0.0636630992608813,0.0,0.0,0.0,100
berti/entangling/mockingjay,481.wrf-1170B,0.02598865529886952,0.20807949849682025,0.37987384236866234,0.0,2.0659499525765317,0.0,0.23758796104855984,0.23758796104855984,100
berti/entangling/mockingjay,482.sphinx3-1100B,0.0,0.7467546401946317,1.2047989545344124,0.0,5.251935882798396,0.0,1.2849126938552198,1.2849126938552198,100
berti/entangling/mockingjay,483.xalancbmk-127B,4.314748378147694,4.02522372996569,1.130066141081915,0.0861511953478401,5.6184311268880105,3.7526518770589354,4.7263701907294475,0.9737183136705121,100
berti/entangling/mockingjay,600.perlbench_s-1273B,0.0,0.0662039222698842,0.1494330561090927,0.0,1.1002625187764095,0.0,0.049837981246790036,0.049837981246790036,100
berti/entangling/mockingjay,602.gcc_s-1850B,7.295164841127153,7.191671180137036,1.8242823985515153,0.28137991870338314,12.078652286376306,6.136353354392932,8.398766417370148,2.262413062977216,100
berti/entangling/mockingjay,603.bwaves_s-1080B,1.080025491561062,1.2141835672109504,0.9139442199824582,0.0,4.19112649231292,0.6223020365048324,1.7020133627292353,1.079711326224403,100
berti/entangling/mockingjay,605.mcf_s-1152B,0.023158603494961003,0.10024787230299351,0.16762343832251764,0.0,1.033304354259924,0.0,0.13925972098212686,0.13925972098212686,100
berti/entangling/mockingjay,607.cactuBSSN_s-2421B,1.4721918950181978,1.61167942439225,1.384988642764808,0.0,8.675197848125789,0.7165301452065795,2.1346988459389964,1.4181687007324169,100
berti/entangling/mockingjay,619.lbm_s-2676B,12.235940959721537,12.26160383038476,1.9381762143260681,6.552114727239637,16.362769954204463,11.100729653307344,13.584678464937321,2.4839488116299773,100
berti/entangling/mockingjay,620.omnetpp_s-141B,0.10523742231771632,0.14617615706456377,0.14991626610305273,0.0,0.6052068659675537,0.00621057152638009,0.2505486103011909,0.2443380387748108,100
berti/entangling/mockingjay,621.wrf_s-575B,0.0,0.052952512313704306,0.12444667634071123,0.0,0.7039918377757901,0.0,0.05818185998888532,0.05818185998888532,100
berti/entangling/mockingjay,623.xalancbmk_s-10B,0.06376467357363091,0.707410360805935,0.9957397781610671,0.0,4.069163072262814,0.0,1.480676208492457,1.480676208492457,100
berti/entangling/mockingjay,625.x264_s-12B,0.0,0.14136739219905195,0.3894890360811901,0.0,2.408619230968446,0.0,0.006082365328775651,0.006082365328775651,100
berti/entangling/mockingjay,627.cam4_s-490B,1.419330675777804,2.140419943216243,2.4119776915969653,0.0,10.20322665109066,0.1389231359242868,3.142100987737192,3.0031778518129055,100
berti/entangling/mockingjay,628.pop2_s-17B,0.5835499225578369,0.9384737043877319,1.0843895393866703,0.0,6.0617781952809855,0.0,1.591002403757654,1.591002403757654,100
berti/entangling/mockingjay,631.deepsjeng_s-928B,0.37798778630110974,0.4937426020280931,0.5175300053745587,0.0,2.1192332448640125,0.038916666952896944,0.788171320740257,0.74925465378736,100
berti/entangling/mockingjay,638.imagick_s-10316B,0.0,0.0,0.0,0.0,0.0,0.0,0.0,0.0,100
berti/entangling/mockingjay,641.leela_s-1052B,0.0795533606226369,0.23607377427523407,0.33507486414871046,0.0,1.4596637730966038,0.0038292776207762055,0.3317225080473854,0.3278932304266092,100
berti/entangling/mockingjay,644.nab_s-12459B,0.0,0.14081091031755252,0.4586774657765718,0.0,2.4959539684670724,0.0,0.0,0.0,100
berti/entangling/mockingjay,648.exchange2_s-1227B,0.466772806818579,0.7664495385192179,0.8089296680811112,0.0,3.903909556873867,0.1603435384216667,1.1367595244486526,0.9764159860269859,100
berti/entangling/mockingjay,649.fotonik3d_s-10881B,0.007046143329889759,0.22337657600121427,0.34025568860161753,0.0,1.5169978650024718,0.0,0.3639600982200096,0.3639600982200096,100
berti/entangling/mockingjay,654.roms_s-1007B,0.0,0.129412719331654,0.3219878485633105,0.0,1.796410794651751,0.0,0.0,0.0,100
berti/entangling/mockingjay,657.xz_s-2302B,0.13225183234810894,0.1986410572136669,0.2899643644181735,0.0,2.3984164976240465,0.0006369626020213603,0.31382213321203845,0.3131851706100171,100
gaze/barca/PACIPV,400.perlbench-41B,0.1514966271622039,0.4991701752531131,1.2399452480092505,0.0,9.599301454133785,0.0,0.5344178306930562,0.5344178306930562,100
gaze/barca/PACIPV,401.bzip2-226B,0.0,0.13575704300075656,0.5033753704214001,0.0,3.71852743018806,0.0,0.0,0.0,100
gaze/barca/PACIPV,403.gcc-16B,0.0,0.03387850765138856,0.13031177885423814,0.0,0.8184176116267532,0.0,0.003627027892853808,0.003627027892853808,100
gaze/barca/PACIPV,410.bwaves-1963B,22.971282380179805,23.16277939253112,1.5320141029533387,19.751427463696604,26.96495694492421,22.171393195868507,24.175736911972898,2.0043437161043904,100
gaze/barca/PACIPV,416.gamess-875B,0.18448136224526762,0.3563930916124379,0.4792094815839243,0.0,2.527422902676008,0.0036385732267175883,0.5156606459762414,0.5120220727495238,100
gaze/barca/PACIPV,429.mcf-184B,0.019916100877679296,0.07861641850816657,0.23685336018042488,0.0,2.2673529002642865,0.0,0.07829034701829803,0.07829034701829803,100
gaze/barca/PACIPV,433.milc-127B,0.2900790265533424,0.39809383885843874,0.38264481630108815,0.0,1.3424562619088865,0.005093688116155189,0.6602611016559887,0.6551674135398335,100
gaze/barca/PACIPV,434.zeusmp-10B,0.5288947934769022,1.2497020749281575,1.6087382049723264,0.0,6.847431162696506,0.0,1.9900493091206917,1.9900493091206917,100
gaze/barca/PACIPV,435.gromacs-111B,0.21041327545790062,1.6609702087346871,2.118920068497764,0.0,6.04853165819747,0.0,3.5947980934062693,3.5947980934062693,100
gaze/barca/PACIPV,436.cactusADM-1804B,0.37731927138986776,0.9904121936849752,1.4799088555722275,0.0,6.582774030325658,0.0,1.3914454236853513,1.3914454236853513,100
gaze/barca/PACIPV,437.leslie3d-134B,0.0,1.2038411103867528,1.9704123624927867,0.0,7.93516758137518,0.0,1.5982695371332678,1.5982695371332678,100
gaze/barca/PACIPV,444.namd-120B,0.0,0.2887978290658623,0.7104881378742283,0.0,3.5592562256288685,0.0,0.0027274645846894477,0.0027274645846894477,100
gaze/barca/PACIPV,445.gobmk-17B,0.06125034779792995,0.6161250776088728,2.0892244584646584,0.0,13.468598350763264,0.0,0.35333077872517205,0.35333077872517205,100
gaze/barca/PACIPV,447.dealII-3B,0.0,0.028812186424235272,0.15386438988094794,0.0,1.2057619042162167,0.0,0.0,0.0,100
gaze/barca/PACIPV,450.soplex-247B,1.6896865040165272,4.869825715489368,7.6663994346834565,0.0,37.60054252988409,0.0,5.574836175187858,5.574836175187858,100
gaze/barca/PACIPV,453.povray-252B,0.0,0.07014296657925152,0.12168616589354912,0.0,0.6915761454932403,0.0,0.0951112056183213,0.0951112056183213,100
gaze/barca/PACIPV,454.calculix-104B,0.07190417382986049,0.22938140069961876,0.31785297445281746,0.0,1.674534447506684,0.0,0.3525628156715355,0.3525628156715355,100
gaze/barca/PACIPV,456.hmmer-191B,1.9370792206860736,1.999208455769281,1.3767301962106098,0.0,6.263277590340316,0.9712449447264297,2.8751740468832963,1.9039291021568665,100
gaze/barca/PACIPV,458.sjeng-1088B,0.006338237047149968,0.1594103990231406,0.2527092985647342,0.0,1.1962674009484426,0.0,0.23520321175292438,0.23520321175292438,100
gaze/barca/PACIPV,459.GemsFDTD-1169B,0.0,0.0592633029874139,0.11695954093601729,0.0,0.5057145150632681,0.0,0.05243024901104452,0.05243024901104452,100
gaze/barca/PACIPV,462.libquantum-1343B,0.0,0.026103762212342705,0.0683655569914275,0.0,0.47967377253905774,0.0,0.018642538563672036,0.018642538563672036,100
gaze/barca/PACIPV,464.h264ref-30B,0.0,0.6274203682625922,0.9847267284196436,0.0,4.191061847447809,0.0,0.9168713766319486,0.9168713766319486,100
gaze/barca/PACIPV,465.tonto-1914B,0.34801450228441333,0.9001826202434035,1.2196512139760458,0.0,5.5916797421555655,0.0026953118769307096,1.3963170304804389,1.3936217186035083,100
gaze/barca/PACIPV,470.lbm-1274B,0.0,0.06817140378025185,0.12777971352983283,0.0,0.6427963623004733,0.0,0.0815939761899596,0.0815939761899596,100
gaze/barca/PACIPV,471.omnetpp-188B,0.15031166976481883,0.2510949580102348,0.28311399155744443,0.0,1.2832516384865438,0.017528634423764768,0.37866289135773723,0.36113425693397244,100
gaze/barca/PACIPV,473.astar-153B,1.1415492119902337,1.1347379012728103,0.5928511444579122,0.0,3.70301678227554,0.6977698558032881,1.5149052973992594,0.8171354415959713,100
gaze/barca/PACIPV,481.wrf-1170B,0.37065158566456946,0.5718600465383618,0.640210840075557,0.0,3.27974243870732,0.01942259813932316,0.8989297559779632,0.8795071578386401,100
gaze/barca/PACIPV,482.sphinx3-1100B,1.2175547922372374,3.149940890978262,6.075326775472793,0.0,26.267392766986262,0.0,2.590634462996334,2.590634462996334,100
gaze/barca/PACIPV,483.xalancbmk-127B,0.0,0.04352836912367623,0.17031471049491187,0.0,1.1383075209809148,0.0,0.0,0.0,100
gaze/barca/PACIPV,600.perlbench_s-1273B,0.0,0.08090379135443244,0.1637592002002465,0.0,0.8280571143151366,0.0,0.06466646591034206,0.06466646591034206,100
gaze/barca/PACIPV,602.gcc_s-1850B,0.0,0.0031931341910139198,0.02214052801225672,0.0,0.2079304955897541,0.0,0.0,0.0,100
gaze/barca/PACIPV,603.bwaves_s-1080B,0.0,0.015869629701038362,0.09086444178906361,0.0,0.8550667847070061,0.0,0.0,0.0,100
gaze/barca/PACIPV,605.mcf_s-1152B,0.4750570360737058,0.4512196054908217,0.2815743780837993,0.0,1.507253366972138,0.2765454159008168,0.598702393936952,0.3221569780361352,100
gaze/barca/PACIPV,607.cactuBSSN_s-2421B,1.1394426597771397,1.4463223007100452,1.2942737957061754,0.0,7.034694966513995,0.42670031795873953,2.1141891990561827,1.687488881097443,100
gaze/barca/PACIPV,619.lbm_s-2676B,0.0,0.17217952469386014,0.3098989898164548,0.0,1.483986621780824,0.0,0.23207918773861072,0.23207918773861072,100
gaze/barca/PACIPV,620.omnetpp_s-141B,0.13576953208176035,0.1589089218845009,0.1444615841330178,0.0,0.6283835350675052,0.02153689326796935,0.24961958722085506,0.22808269395288572,100
gaze/barca/PACIPV,621.wrf_s-575B,0.0023866439205083123,0.1031009476371965,0.18227616301702346,0.0,0.8725540467340538,0.0005912373240701397,0.14530634174626114,0.14471510442219102,100
gaze/barca/PACIPV,623.xalancbmk_s-10B,0.40989313712157494,0.39516209521860035,0.30393452249189545,0.0,1.1684250031274757,0.11746334115280613,0.5920575488392805,0.4745942076864744,100
gaze/barca/PACIPV,625.x264_s-12B,1.928455701755675,2.6697246562224084,2.6015805724954557,0.0,10.076276629592213,0.7380713360430046,3.433321234138548,2.6952498980955433,100
gaze/barca/PACIPV,627.cam4_s-490B,0.0,0.6410138827410247,1.3753584656744267,0.0,5.9548504201990395,0.0,0.44782802438705893,0.44782802438705893,100
gaze/barca/PACIPV,628.pop2_s-17B,0.030943176222175243,0.9269424386783583,1.4548443752783826,0.0,6.217693576995692,0.0,1.4993998510588742,1.4993998510588742,100
gaze/barca/PACIPV,631.deepsjeng_s-928B,0.0013172071180272626,0.11710478279841242,0.2138292906180491,0.0,0.9955822197981998,0.0,0.14202656824050253,0.14202656824050253,100
gaze/barca/PACIPV,638.imagick_s-10316B,9.849865099089813,9.897307784468785,1.268671810787093,6.302029043450939,12.881858848035725,8.894481692535265,10.734469620439732,1.8399879279044669,100
gaze/barca/PACIPV,641.leela_s-1052B,0.0,0.5845110329402496,0.9303583789317638,0.0,3.5974239161670494,0.0,1.0222686000915042,1.0222686000915042,100
gaze/barca/PACIPV,644.nab_s-12459B,6.110389840128633,5.453547011606767,4.0903625733167654,0.0,12.584583793808148,0.8274735566321341,9.427990620913551,8.600517064281417,100
gaze/barca/PACIPV,648.exchange2_s-1227B,0.0,0.17859993787150208,0.586218871836452,0.0,3.84672746790419,0.0,0.009119872845978497,0.009119872845978497,100
gaze/barca/PACIPV,649.fotonik3d_s-10881B,11.938605018179938,11.812882569694596,0.8466737005730058,9.271590772528292,13.462427992049724,11.224307632524006,12.27415731305644,1.049849680532434,100
gaze/barca/PACIPV,654.roms_s-1007B,1.053934255273302,0.861737752886894,0.6152561627453491,0.0,2.184548125481875,0.06455042532933021,1.2941293014434143,1.229578876114084,100
gaze/barca/PACIPV,657.xz_s-2302B,0.0,0.04821685728387964,0.09441379705578806,0.0,0.4423319717786908,0.0,0.049288449901611756,0.049288449901611756,100
gaze/barca/mockingjay,400.perlbench-41B,0.12881639117166516,0.49854296691846417,1.2440764371345774,0.0,9.599301454133785,0.0,0.5275427340085219,0.5275427340085219,100
gaze/barca/mockingjay,401.bzip2-226B,0.0,0.13575704300075656,0.5033753704214001,0.0,3.71852743018806,0.0,0.0,0.0,100
gaze/barca/mockingjay,403.gcc-16B,0.00257426636441142,0.042409817161102606,0.13302625401939386,0.0,0.824076654305377,0.0,0.012402891009382189,0.012402891009382189,100
gaze/barca/mockingjay,410.bwaves-1963B,23.055037027815217,23.202971920357296,1.5131843193802388,19.751427463696604,26.96495694492421,22.298259436699944,24.175736911972898,1.8774774752729542,100
gaze/barca/mockingjay,416.gamess-875B,0.18448136224526762,0.3563930916124379,0.4792094815839243,0.0,2.527422902676008,0.0036385732267175883,0.5156606459762414,0.5120220727495238,100
gaze/barca/mockingjay,429.mcf-184B,0.11224330898091614,0.15585693738181758,0.23999122322452046,0.0,2.287445325420002,0.05309086024092084,0.18572609271451884,0.13263523247359799,100
gaze/barca/mockingjay,433.milc-127B,0.30975984331055584,0.4038054183149664,0.36558404457354793,0.0,1.3424562619088865,0.07462223031873415,0.6467772476297154,0.5721550173109813,100
gaze/barca/mockingjay,434.zeusmp-10B,0.5288947934769022,1.2503187948333598,1.6087596023060653,0.0,6.847431162696506,0.0,1.99503768857199,1.99503768857199,100
gaze/barca/mockingjay,435.gromacs-111B,0.21041327545790062,1.661025021830705,2.1189709774474315,0.0,6.04853165819747,0.0,3.5947980934062693,3.5947980934062693,100
gaze/barca/mockingjay,436.cactusADM-1804B,0.37731927138986776,0.9691279528426087,1.4308612787191535,0.0,6.738241412210528,0.0,1.3914454236853513,1.3914454236853513,100
gaze/barca/mockingjay,437.leslie3d-134B,0.0,1.1832129121423065,1.956197640981553,0.0,7.93516758137518,0.0,1.5982695371332678,1.5982695371332678,100
gaze/barca/mockingjay,444.namd-120B,0.0,0.2887978290658623,0.7104881378742283,0.0,3.5592562256288685,0.0,0.0027274645846894477,0.0027274645846894477,100
gaze/barca/mockingjay,445.gobmk-17B,0.06125034779792995,0.614419160294289,2.07898870734799,0.0,13.312814660330963,0.0,0.35333077872517205,0.35333077872517205,100
gaze/barca/mockingjay,447.dealII-3B,0.0,0.028812186424235272,0.15386438988094794,0.0,1.2057619042162167,0.0,0.0,0.0,100
gaze/barca/mockingjay,450.soplex-247B,1.9941574107532238,4.8733013898505515,7.672697937367714,0.0,37.60054252988409,0.0,5.350502819233128,5.350502819233128,100
gaze/barca/mockingjay,453.povray-252B,0.0,0.06888784375003945,0.12060453799349527,0.0,0.6915761454932403,0.0,0.09064044958999115,0.09064044958999115,100
gaze/barca/mockingjay,454.calculix-104B,0.07190417382986049,0.22938140069961876,0.31785297445281746,0.0,1.674534447506684,0.0,0.3525628156715355,0.3525628156715355,100
gaze/barca/mockingjay,456.hmmer-191B,1.9370792206860736,1.999208455769281,1.3767301962106098,0.0,6.263277590340316,0.9712449447264297,2.8751740468832963,1.9039291021568665,100
gaze/barca/mockingjay,458.sjeng-1088B,0.006338237047149968,0.1594103990231406,0.2527092985647342,0.0,1.1962674009484426,0.0,0.23520321175292438,0.23520321175292438,100
gaze/barca/mockingjay,459.GemsFDTD-1169B,0.0,0.05825967392595073,0.11508166760855133,0.0,0.5057145150632681,0.0,0.07011050489917056,0.07011050489917056,100
gaze/barca/mockingjay,462.libquantum-1343B,0.0,0.06481312606035733,0.12480096407297614,0.0,0.6797007632744888,0.0,0.06060305336979496,0.06060305336979496,100
gaze/barca/mockingjay,464.h264ref-30B,0.0,0.6274203682625922,0.9847267284196436,0.0,4.191061847447809,0.0,0.9168713766319486,0.9168713766319486,100
gaze/barca/mockingjay,465.tonto-1914B,0.34801450228441333,0.9000951222319946,1.2197047632076343,0.0,5.5916797421555655,0.0026953118769307096,1.3963170304804389,1.3936217186035083,100
gaze/barca/mockingjay,470.lbm-1274B,0.013806657647394234,0.09776263641948374,0.16093005581672004,0.0,0.8750250216854506,0.0,0.12429663575910839,0.12429663575910839,100
gaze/barca/mockingjay,471.omnetpp-188B,0.11641913994204499,0.2327218082963364,0.2816733907220914,0.0,1.1871760508649847,0.0009056166343672457,0.3519650994007903,0.35105948276642307,100
gaze/barca/mockingjay,473.astar-153B,1.1415492119902337,1.134692727741918,0.5929053097920208,0.0,3.70301678227554,0.6977698558032881,1.5149052973992594,0.8171354415959713,100
gaze/barca/mockingjay,481.wrf-1170B,0.37065158566456946,0.5718600465383618,0.640210840075557,0.0,3.27974243870732,0.01942259813932316,0.8989297559779632,0.8795071578386401,100
gaze/barca/mockingjay,482.sphinx3-1100B,1.190351288897715,3.1530509240014477,6.074748496842513,0.0,26.267392766986262,0.0,2.590634462996334,2.590634462996334,100
gaze/barca/mockingjay,483.xalancbmk-127B,0.0,0.04918047056741729,0.17650060995989722,0.0,1.1664351400066622,0.0,0.0,0.0,100
gaze/barca/mockingjay,600.perlbench_s-1273B,0.0,0.08090379135443244,0.1637592002002465,0.0,0.8280571143151366,0.0,0.06466646591034206,0.06466646591034206,100
gaze/barca/mockingjay,602.gcc_s-1850B,0.0,0.0005972898812870714,0.0031028544159858633,0.0,0.02273380164964711,0.0,0.0,0.0,100
gaze/barca/mockingjay,603.bwaves_s-1080B,0.0,0.015869629701038362,0.09086444178906361,0.0,0.8550667847070061,0.0,0.0,0.0,100
gaze/barca/mockingjay,605.mcf_s-1152B,0.5297014245958072,0.5140666613796209,0.2878422736571013,0.0,1.507253366972138,0.3549395051322765,0.6548948972354874,0.2999553921032109,100
gaze/barca/mockingjay,607.cactuBSSN_s-2421B,1.2455756377200418,1.4619123562537877,1.297716967753234,0.0,7.495289159846676,0.45423543438190367,2.068422898904953,1.6141874645230494,100
gaze/barca/mockingjay,619.lbm_s-2676B,0.11268794745131464,0.28789326473637794,0.3869866472004538,0.0,1.606873659865728,0.0,0.467066666610738,0.467066666610738,100
gaze/barca/mockingjay,620.omnetpp_s-141B,0.1463465852393311,0.16242933195579068,0.1394644382386676,0.0,0.6290967967418164,0.04686736090082126,0.2560859244614585,0.20921856356063723,100
gaze/barca/mockingjay,621.wrf_s-575B,0.0023866439205083123,0.1031009476371965,0.18227616301702346,0.0,0.8725540467340538,0.0005912373240701397,0.14530634174626114,0.14471510442219102,100
gaze/barca/mockingjay,623.xalancbmk_s-10B,0.39448112905205807,0.38874087519766964,0.307157961668054,0.0,1.1184226987264452,0.10101309353145796,0.5984538660174421,0.4974407724859842,100
gaze/barca/mockingjay,625.x264_s-12B,1.928455701755675,2.6697246562224084,2.6015805724954557,0.0,10.076276629592213,0.7380713360430046,3.433321234138548,2.6952498980955433,100
gaze/barca/mockingjay,627.cam4_s-490B,0.0,0.6638129025276149,1.4103717852864053,0.0,6.65904645912037,0.0,0.4347744131595595,0.4347744131595595,100
gaze/barca/mockingjay,628.pop2_s-17B,0.1490722699191076,0.9360090456391112,1.4457845609535278,0.0,6.217693576995692,0.0,1.476854124589106,1.476854124589106,100
gaze/barca/mockingjay,631.deepsjeng_s-928B,0.0013172071180272626,0.11710478279841242,0.2138292906180491,0.0,0.9955822197981998,0.0,0.14202656824050253,0.14202656824050253,100
gaze/barca/mockingjay,638.imagick_s-10316B,9.849865099089813,9.897307784468785,1.268671810787093,6.302029043450939,12.881858848035725,8.894481692535265,10.734469620439732,1.8399879279044669,100
gaze/barca/mockingjay,641.leela_s-1052B,0.0,0.5845110329402496,0.9303583789317638,0.0,3.5974239161670494,0.0,1.0222686000915042,1.0222686000915042,100
gaze/barca/mockingjay,644.nab_s-12459B,6.110389840128633,5.453547011606767,4.0903625733167654,0.0,12.584583793808148,0.8274735566321341,9.427990620913551,8.600517064281417,100
gaze/barca/mockingjay,648.exchange2_s-1227B,0.0,0.17859993787150208,0.586218871836452,0.0,3.84672746790419,0.0,0.009119872845978497,0.009119872845978497,100
gaze/barca/mockingjay,649.fotonik3d_s-10881B,11.8662232896519,11.787818471085536,0.8713255814521965,9.271590772528292,13.758905779106692,11.252788483010791,12.430207674794934,1.1774191917841428,100
gaze/barca/mockingjay,654.roms_s-1007B,1.053934255273302,0.861737752886894,0.6152561627453491,0.0,2.184548125481875,0.06455042532933021,1.2941293014434143,1.229578876114084,100
gaze/barca/mockingjay,657.xz_s-2302B,0.0,0.04824173716072428,0.09440149666491057,0.0,0.4423319717786908,0.0,0.049288449901611756,0.049288449901611756,100
gaze/entangling/PACIPV,400.perlbench-41B,0.0030413236154605734,0.30826782065496905,1.2057014562711854,0.0,9.599301454133785,0.0,0.12099384709197118,0.12099384709197118,100
gaze/entangling/PACIPV,401.bzip2-226B,0.0,0.13575704300075656,0.5033753704214001,0.0,3.71852743018806,0.0,0.0,0.0,100
gaze/entangling/PACIPV,403.gcc-16B,0.0,0.032837604106259695,0.12796703080028624,0.0,0.8184176116267532,0.0,0.0035507422005271244,0.0035507422005271244,100
gaze/entangling/PACIPV,410.bwaves-1963B,22.971282380179805,23.16277939253112,1.5320141029533387,19.751427463696604,26.96495694492421,22.171393195868507,24.175736911972898,2.0043437161043904,100
gaze/entangling/PACIPV,416.gamess-875B,0.15541601193793558,0.3418648142586796,0.4787103676349136,0.0,2.4794629380408812,0.003529790422424142,0.4999312957304807,0.49640150530805655,100
gaze/entangling/PACIPV,429.mcf-184B,0.019916100877679296,0.07861641850816657,0.23685336018042488,0.0,2.2673529002642865,0.0,0.07829034701829803,0.07829034701829803,100
gaze/entangling/PACIPV,433.milc-127B,0.2900790265533424,0.39809383885843874,0.38264481630108815,0.0,1.3424562619088865,0.005093688116155189,0.6602611016559887,0.6551674135398335,100
gaze/entangling/PACIPV,434.zeusmp-10B,0.5288947934769022,1.2497020749281575,1.6087382049723264,0.0,6.847431162696506,0.0,1.9900493091206917,1.9900493091206917,100
gaze/entangling/PACIPV,435.gromacs-111B,0.21041327545790062,1.6568974035776356,2.1146782901947954,0.0,6.04853165819747,0.0,3.5939070413510157,3.5939070413510157,100
gaze/entangling/PACIPV,436.cactusADM-1804B,0.37731927138986776,0.9904121936849752,1.4799088555722275,0.0,6.582774030325658,0.0,1.3914454236853513,1.3914454236853513,100
gaze/entangling/PACIPV,437.leslie3d-134B,0.0,1.2038411103867528,1.9704123624927867,0.0,7.93516758137518,0.0,1.5982695371332678,1.5982695371332678,100
gaze/entangling/PACIPV,444.namd-120B,0.0,0.2887978290658623,0.7104881378742283,0.0,3.5592562256288685,0.0,0.0027274645846894477,0.0027274645846894477,100
gaze/entangling/PACIPV,445.gobmk-17B,0.03407602051643275,0.599330611811772,2.0388259974991723,0.0,13.057551595457287,0.0,0.37626055196770836,0.37626055196770836,100
gaze/entangling/PACIPV,447.dealII-3B,0.0,0.02881455144429306,0.15386312694882592,0.0,1.2057619042162167,0.0,0.0,0.0,100
gaze/entangling/PACIPV,450.soplex-247B,1.6896865040165272,4.867951014810489,7.667422800780932,0.0,37.60054252988409,0.0,5.574836175187858,5.574836175187858,100
gaze/entangling/PACIPV,453.povray-252B,0.04268049295247031,0.10696889519651644,0.14355032273330115,0.0,0.7207855184854309,0.0,0.1604898472978932,0.1604898472978932,100
gaze/entangling/PACIPV,454.calculix-104B,0.07190417382986049,0.22938140069961876,0.31785297445281746,0.0,1.674534447506684,0.0,0.3525628156715355,0.3525628156715355,100
gaze/entangling/PACIPV,456.hmmer-191B,1.9370792206860736,1.999208455769281,1.3767301962106098,0.0,6.263277590340316,0.9712449447264297,2.8751740468832963,1.9039291021568665,100
gaze/entangling/PACIPV,458.sjeng-1088B,0.0335020063874574,0.17963535152657412,0.25624696993811497,0.0,1.2890940816820982,0.0007431635553540149,0.28627773156856917,0.28553456801321514,100
gaze/entangling/PACIPV,459.GemsFDTD-1169B,0.0,0.0592633029874139,0.11695954093601729,0.0,0.5057145150632681,0.0,0.05243024901104452,0.05243024901104452,100
gaze/entangling/PACIPV,462.libquantum-1343B,0.0,0.026103762212342705,0.0683655569914275,0.0,0.47967377253905774,0.0,0.018642538563672036,0.018642538563672036,100
gaze/entangling/PACIPV,464.h264ref-30B,0.0,0.6274203682625922,0.9847267284196436,0.0,4.191061847447809,0.0,0.9168713766319486,0.9168713766319486,100
gaze/entangling/PACIPV,465.tonto-1914B,0.08913795389999625,0.866071704414224,1.243921307748538,0.0,5.466912604465208,0.0,1.4240642302284443,1.4240642302284443,100
gaze/entangling/PACIPV,470.lbm-1274B,0.0,0.06817140378025185,0.12777971352983283,0.0,0.6427963623004733,0.0,0.0815939761899596,0.0815939761899596,100
gaze/entangling/PACIPV,471.omnetpp-188B,0.1608836937305138,0.28719356059457435,0.3227476521125363,0.0,1.2832516384865438,0.009600033246376545,0.4619379030648053,0.4523378698184288,100
gaze/entangling/PACIPV,473.astar-153B,1.1415492119902337,1.1347379012728103,0.5928511444579122,0.0,3.70301678227554,0.6977698558032881,1.5149052973992594,0.8171354415959713,100
gaze/entangling/PACIPV,481.wrf-1170B,0.4092622938011283,0.590389613010979,0.631607901328166,0.0,3.281570555138032,0.05915240179328547,0.9035218454624567,0.8443694436691712,100
gaze/entangling/PACIPV,482.sphinx3-1100B,1.2175547922372374,3.149940890978262,6.075326775472793,0.0,26.267392766986262,0.0,2.590634462996334,2.590634462996334,100
gaze/entangling/PACIPV,483.xalancbmk-127B,0.0,0.014305531652313668,0.06599889683540566,0.0,0.6086285311283428,0.0,0.0,0.0,100
gaze/entangling/PACIPV,600.perlbench_s-1273B,0.0,0.08044920942122587,0.1638712050011479,0.0,0.8280571143151366,0.0,0.06292374100952236,0.06292374100952236,100
gaze/entangling/PACIPV,602.gcc_s-1850B,0.0,0.0031931341910139198,0.02214052801225672,0.0,0.2079304955897541,0.0,0.0,0.0,100
gaze/entangling/PACIPV,603.bwaves_s-1080B,0.0,0.02061742559777734,0.09990998920578709,0.0,0.8591183741394957,0.0,0.0,0.0,100
gaze/entangling/PACIPV,605.mcf_s-1152B,0.4750570360737058,0.45123251771353146,0.28156153138542256,0.0,1.507253366972138,0.2765454159008168,0.598702393936952,0.3221569780361352,100
gaze/entangling/PACIPV,607.cactuBSSN_s-2421B,1.5098808664736203,1.7134632396808802,1.2800430895472616,0.0,6.373999157376728,0.7499818771378286,2.463436458963449,1.7134545818256206,100
gaze/entangling/PACIPV,619.lbm_s-2676B,0.0,0.17217952469386014,0.3098989898164548,0.0,1.483986621780824,0.0,0.23207918773861072,0.23207918773861072,100
gaze/entangling/PACIPV,620.omnetpp_s-141B,0.07732344418139506,0.12986992110518852,0.1414516278610629,0.0,0.6269570117188829,0.001108387100533012,0.20808540149193666,0.20697701439140365,100
gaze/entangling/PACIPV,621.wrf_s-575B,0.0,0.10160621772295322,0.18244194867284177,0.0,0.873149298495794,0.0,0.14377318881100626,0.14377318881100626,100
gaze/entangling/PACIPV,623.xalancbmk_s-10B,0.21901527312091762,0.3145067715989326,0.3212492083133919,0.0,1.1684250031274757,0.0,0.5556959575158021,0.5556959575158021,100
gaze/entangling/PACIPV,625.x264_s-12B,1.7974189344955867,2.6571466883212467,2.605347460957826,0.0,10.076276629592213,0.7314929028458672,3.432147787917218,2.700654885071351,100
gaze/entangling/PACIPV,627.cam4_s-490B,0.0,0.6410138827410247,1.3753584656744267,0.0,5.9548504201990395,0.0,0.44782802438705893,0.44782802438705893,100
gaze/entangling/PACIPV,628.pop2_s-17B,0.03060920987388064,0.9300657439518968,1.454104851181195,0.0,6.217693576995692,0.0,1.4993998510588742,1.4993998510588742,100
gaze/entangling/PACIPV,631.deepsjeng_s-928B,0.03238352619435163,0.16926256943850568,0.24859258204998322,0.0,1.1942104457037912,0.0,0.28787623795264294,0.28787623795264294,100
gaze/entangling/PACIPV,638.imagick_s-10316B,9.849865099089813,9.897307784468785,1.268671810787093,6.302029043450939,12.881858848035725,8.894481692535265,10.734469620439732,1.8399879279044669,100
gaze/entangling/PACIPV,641.leela_s-1052B,0.13766749215311347,0.6473264163262246,0.9120002013293462,0.0,3.6003763349853815,0.009375970772022752,1.0714347630250511,1.0620587922530285,100
gaze/entangling/PACIPV,644.nab_s-12459B,6.110389840128633,5.453547011606767,4.0903625733167654,0.0,12.584583793808148,0.8274735566321341,9.427990620913551,8.600517064281417,100
gaze/entangling/PACIPV,648.exchange2_s-1227B,0.0,0.1921323570669888,0.5834503145961053,0.0,3.84672746790419,0.0,0.04097659666162835,0.04097659666162835,100
gaze/entangling/PACIPV,649.fotonik3d_s-10881B,11.938605018179938,11.812882569694596,0.8466737005730058,9.271590772528292,13.462427992049724,11.224307632524006,12.27415731305644,1.049849680532434,100
gaze/entangling/PACIPV,654.roms_s-1007B,1.053934255273302,0.861737752886894,0.6152561627453491,0.0,2.184548125481875,0.06455042532933021,1.2941293014434143,1.229578876114084,100
gaze/entangling/PACIPV,657.xz_s-2302B,0.0,0.05491089153833108,0.09352339543557459,0.0,0.4423319717786908,0.0,0.08057271399079367,0.08057271399079367,100
gaze/entangling/mockingjay,400.perlbench-41B,0.0,0.30751789381872396,1.204112519829721,0.0,9.599301454133785,0.0,0.13986266194342867,0.13986266194342867,100
gaze/entangling/mockingjay,401.bzip2-226B,0.0,0.13575704300075656,0.5033753704214001,0.0,3.71852743018806,0.0,0.0,0.0,100
gaze/entangling/mockingjay,403.gcc-16B,0.0026086864491418286,0.03877101934583787,0.12828206335450437,0.0,0.824076654305377,0.0,0.012402891009382189,0.012402891009382189,100
gaze/entangling/mockingjay,410.bwaves-1963B,23.055037027815217,23.202971920357296,1.5131843193802388,19.751427463696604,26.96495694492421,22.298259436699944,24.175736911972898,1.8774774752729542,100
gaze/entangling/mockingjay,416.gamess-875B,0.15541601193793558,0.3418648142586796,0.4787103676349136,0.0,2.4794629380408812,0.003529790422424142,0.4999312957304807,0.49640150530805655,100
gaze/entangling/mockingjay,429.mcf-184B,0.11224330898091614,0.15585693738181758,0.23999122322452046,0.0,2.287445325420002,0.05309086024092084,0.18572609271451884,0.13263523247359799,100
gaze/entangling/mockingjay,433.milc-127B,0.30975984331055584,0.4038054183149664,0.36558404457354793,0.0,1.3424562619088865,0.07462223031873415,0.6467772476297154,0.5721550173109813,100
gaze/entangling/mockingjay,434.zeusmp-10B,0.5288947934769022,1.2503187948333598,1.6087596023060653,0.0,6.847431162696506,0.0,1.99503768857199,1.99503768857199,100
gaze/entangling/mockingjay,435.gromacs-111B,0.21041327545790062,1.6569933153128047,2.114721967412792,0.0,6.04853165819747,0.0,3.5939070413510157,3.5939070413510157,100
gaze/entangling/mockingjay,436.cactusADM-1804B,0.37731927138986776,0.9691279528426087,1.4308612787191535,0.0,6.738241412210528,0.0,1.3914454236853513,1.3914454236853513,100
gaze/entangling/mockingjay,437.leslie3d-134B,0.0,1.1832129121423065,1.956197640981553,0.0,7.93516758137518,0.0,1.5982695371332678,1.5982695371332678,100
gaze/entangling/mockingjay,444.namd-120B,0.0,0.2887978290658623,0.7104881378742283,0.0,3.5592562256288685,0.0,0.0027274645846894477,0.0027274645846894477,100
gaze/entangling/mockingjay,445.gobmk-17B,0.03407602051643275,0.599213706224724,2.038272112114445,0.0,13.057551595457287,0.0,0.37626055196770836,0.37626055196770836,100
gaze/entangling/mockingjay,447.dealII-3B,0.0,0.02881455144429306,0.15386312694882592,0.0,1.2057619042162167,0.0,0.0,0.0,100
gaze/entangling/mockingjay,450.soplex-247B,1.9941574107532238,4.871188933528408,7.673848699624097,0.0,37.60054252988409,0.0,5.350502819233128,5.350502819233128,100
gaze/entangling/mockingjay,453.povray-252B,0.04268049295247031,0.1068469041971661,0.1434892126425199,0.0,0.7207855184854309,0.0,0.1604898472978932,0.1604898472978932,100
gaze/entangling/mockingjay,454.calculix-104B,0.07190417382986049,0.22938140069961876,0.31785297445281746,0.0,1.674534447506684,0.0,0.3525628156715355,0.3525628156715355,100
gaze/entangling/mockingjay,456.hmmer-191B,1.9370792206860736,1.999208455769281,1.3767301962106098,0.0,6.263277590340316,0.9712449447264297,2.8751740468832963,1.9039291021568665,100
gaze/entangling/mockingjay,458.sjeng-1088B,0.0335020063874574,0.17963535152657412,0.25624696993811497,0.0,1.2890940816820982,0.0007431635553540149,0.28627773156856917,0.28553456801321514,100
gaze/entangling/mockingjay,459.GemsFDTD-1169B,0.0,0.05825967392595073,0.11508166760855133,0.0,0.5057145150632681,0.0,0.07011050489917056,0.07011050489917056,100
gaze/entangling/mockingjay,462.libquantum-1343B,0.0,0.06481312606035733,0.12480096407297614,0.0,0.6797007632744888,0.0,0.06060305336979496,0.06060305336979496,100
gaze/entangling/mockingjay,464.h264ref-30B,0.0,0.6274203682625922,0.9847267284196436,0.0,4.191061847447809,0.0,0.9168713766319486,0.9168713766319486,100
gaze/entangling/mockingjay,465.tonto-1914B,0.08913795389999625,0.8659842064028151,1.2439819153542702,0.0,5.466912604465208,0.0,1.4240642302284443,1.4240642302284443,100
gaze/entangling/mockingjay,470.lbm-1274B,0.013806657647394234,0.09776263641948374,0.16093005581672004,0.0,0.8750250216854506,0.0,0.12429663575910839,0.12429663575910839,100
gaze/entangling/mockingjay,471.omnetpp-188B,0.20638843997234535,0.2958834747541146,0.3182409509390249,0.0,1.2519129782445637,0.03518724489100882,0.42123900457771823,0.3860517596867094,100
gaze/entangling/mockingjay,473.astar-153B,1.1415492119902337,1.134692727741918,0.5929053097920208,0.0,3.70301678227554,0.6977698558032881,1.5149052973992594,0.8171354415959713,100
gaze/entangling/mockingjay,481.wrf-1170B,0.4092622938011283,0.590389613010979,0.631607901328166,0.0,3.281570555138032,0.05915240179328547,0.9035218454624567,0.8443694436691712,100
gaze/entangling/mockingjay,482.sphinx3-1100B,1.190351288897715,3.1530509240014477,6.074748496842513,0.0,26.267392766986262,0.0,2.590634462996334,2.590634462996334,100
gaze/entangling/mockingjay,483.xalancbmk-127B,0.0,0.017736819776575093,0.054807509384584154,0.0,0.35099458247491533,0.0,0.0,0.0,100
gaze/entangling/mockingjay,600.perlbench_s-1273B,0.0,0.08044920942122587,0.1638712050011479,0.0,0.8280571143151366,0.0,0.06292374100952236,0.06292374100952236,100
gaze/entangling/mockingjay,602.gcc_s-1850B,0.0,0.0005972898812870714,0.0031028544159858633,0.0,0.02273380164964711,0.0,0.0,0.0,100
gaze/entangling/mockingjay,603.bwaves_s-1080B,0.0,0.02061742559777734,0.09990998920578709,0.0,0.8591183741394957,0.0,0.0,0.0,100
gaze/entangling/mockingjay,605.mcf_s-1152B,0.5297014245958072,0.5140666613796209,0.2878422736571013,0.0,1.507253366972138,0.3549395051322765,0.6548948972354874,0.2999553921032109,100
gaze/entangling/mockingjay,607.cactuBSSN_s-2421B,1.5144111132381042,1.6495901689313974,1.2937624148057125,0.0,6.5389749660812315,0.607885549431014,2.5925490563107045,1.9846635068796905,100
gaze/entangling/mockingjay,619.lbm_s-2676B,0.11268794745131464,0.28789326473637794,0.3869866472004538,0.0,1.606873659865728,0.0,0.467066666610738,0.467066666610738,100
gaze/entangling/mockingjay,620.omnetpp_s-141B,0.08594131006605146,0.13358159320419968,0.13718918802850782,0.0,0.5977132830721645,0.0031010865772602026,0.2191255306508569,0.2160244440735967,100
gaze/entangling/mockingjay,621.wrf_s-575B,0.0,0.10160621772295322,0.18244194867284177,0.0,0.873149298495794,0.0,0.14377318881100626,0.14377318881100626,100
gaze/entangling/mockingjay,623.xalancbmk_s-10B,0.21034206612020678,0.30610855591214853,0.3218824995362505,0.0,1.1184226987264452,0.0,0.570174756518691,0.570174756518691,100
gaze/entangling/mockingjay,625.x264_s-12B,1.7974189344955867,2.6571466883212467,2.605347460957826,0.0,10.076276629592213,0.7314929028458672,3.432147787917218,2.700654885071351,100
gaze/entangling/mockingjay,627.cam4_s-490B,0.0,0.6638129025276149,1.4103717852864053,0.0,6.65904645912037,0.0,0.4347744131595595,0.4347744131595595,100
gaze/entangling/mockingjay,628.pop2_s-17B,0.09332250477744261,0.931588845287993,1.4482756311771834,0.0,6.217693576995692,0.0,1.475466544357228,1.475466544357228,100
gaze/entangling/mockingjay,631.deepsjeng_s-928B,0.03238352619435163,0.16926256943850568,0.24859258204998322,0.0,1.1942104457037912,0.0,0.28787623795264294,0.28787623795264294,100
gaze/entangling/mockingjay,638.imagick_s-10316B,9.849865099089813,9.897307784468785,1.268671810787093,6.302029043450939,12.881858848035725,8.894481692535265,10.734469620439732,1.8399879279044669,100
gaze/entangling/mockingjay,641.leela_s-1052B,0.13766749215311347,0.6473264163262246,0.9120002013293462,0.0,3.6003763349853815,0.009375970772022752,1.0714347630250511,1.0620587922530285,100
gaze/entangling/mockingjay,644.nab_s-12459B,6.110389840128633,5.453547011606767,4.0903625733167654,0.0,12.584583793808148,0.8274735566321341,9.427990620913551,8.600517064281417,100
gaze/entangling/mockingjay,648.exchange2_s-1227B,0.0,0.1921323570669888,0.5834503145961053,0.0,3.84672746790419,0.0,0.04097659666162835,0.04097659666162835,100
gaze/entangling/mockingjay,649.fotonik3d_s-10881B,11.8662232896519,11.787818471085536,0.8713255814521965,9.271590772528292,13.758905779106692,11.252788483010791,12.430207674794934,1.1774191917841428,100
gaze/entangling/mockingjay,654.roms_s-1007B,1.053934255273302,0.861737752886894,0.6152561627453491,0.0,2.184548125481875,0.06455042532933021,1.2941293014434143,1.229578876114084,100
gaze/entangling/mockingjay,657.xz_s-2302B,0.0,0.05375546545996336,0.09345015314354549,0.0,0.4423319717786908,0.0,0.07145802967822683,0.07145802967822683,100
