policy,is_baseline_policy,benchmark,median_loss_vs_baseline,mean_loss_vs_baseline,std_loss,min_loss,max_loss,q25_loss,q75_loss,iqr_loss,num_steps,pct_worse_than_baseline,pct_equal_to_baseline,pct_better_than_baseline
berti/barca/PACIPV,False,400.perlbench-41B,0.5776547567499355,0.6339401918152134,0.5685884933462794,-0.31628151847035735,2.409679632794495,0.2114992760549236,0.980654894984075,0.7691556189291514,100,11.0,4.0,85.0
berti/barca/PACIPV,False,401.bzip2-226B,1.3434178858021757,1.341977646000637,0.8361009000111009,0.0,3.1968498817486624,0.7887509827728814,1.8452858581431764,1.056534875370295,100,0.0,12.0,88.0
berti/barca/PACIPV,False,403.gcc-16B,-0.0007431669734470022,0.09636798881183598,0.23135584051621327,-0.41916758805875565,0.9636765536095578,-0.004172856170728356,0.01087834121103644,0.015051197381764796,100,53.0,21.0,30.0
berti/barca/PACIPV,False,410.bwaves-1963B,0.0,-0.07409548398602095,0.5461610640107718,-2.1527143244149127,1.3999106297589485,-0.15899287237473847,0.0806668196506475,0.23965969202538595,100,35.0,33.0,32.0
berti/barca/PACIPV,False,416.gamess-875B,0.01935151029479268,0.14619200915100838,0.2723720860721302,-0.4089630659867072,1.2708319177483385,-0.0004237254620581319,0.23965798617675874,0.24008171163881686,100,25.0,7.0,68.0
berti/barca/PACIPV,False,429.mcf-184B,-0.051775161701149264,-0.041112980978275565,0.13986161281819479,-0.23711340206185433,0.654141865079374,-0.12477611101302528,-0.004223679336891959,0.12055243167613333,100,76.0,1.0,23.0
berti/barca/PACIPV,False,433.milc-127B,0.19992868681074644,0.3041603265142905,0.6747864013738198,-0.6853726293124216,4.448091480056007,-0.0615478693990984,0.539930257526335,0.6014781269254333,100,33.0,0.0,67.0
berti/barca/PACIPV,False,434.zeusmp-10B,0.0,0.1503971442456058,0.2933102485675539,-0.02485041958976994,1.3008313684661676,0.0,0.12557890906229074,0.12557890906229074,100,2.0,66.0,32.0
berti/barca/PACIPV,False,435.gromacs-111B,0.0,0.11059498217040031,0.24220316856787125,-0.5842132849629819,1.0612413446888653,0.0,0.1947275583418746,0.1947275583418746,100,21.0,32.0,47.0
berti/barca/PACIPV,False,436.cactusADM-1804B,0.0,0.26638588593112783,0.5548003200205176,-1.094795973304351,3.2543489871437887,0.0,0.38538476708712865,0.38538476708712865,100,4.0,55.0,41.0
berti/barca/PACIPV,False,437.leslie3d-134B,0.4202011064016157,0.8231147805978867,1.0119232811861583,-0.08335162785550632,4.462986872984918,0.0,1.4991817536148244,1.4991817536148244,100,1.0,40.0,59.0
berti/barca/PACIPV,False,444.namd-120B,0.9919434715021551,1.2748482381171726,1.2087223765864359,0.0,4.856727281912466,0.015324099185507617,2.016204019743779,2.0008799205582717,100,0.0,25.0,75.0
berti/barca/PACIPV,False,445.gobmk-17B,0.5635280744680096,0.6265647583214258,0.5922784877915117,-1.0718469569964741,2.3364802636645123,0.15522756469971555,0.9702706881994548,0.8150431234997393,100,13.0,2.0,85.0
berti/barca/PACIPV,False,447.dealII-3B,0.7178072698815867,0.9093324310412509,0.8247170229220818,0.0,4.0588961466298095,0.44491764885939306,1.1622573396930322,0.7173396908336391,100,0.0,7.0,93.0
berti/barca/PACIPV,False,450.soplex-247B,0.17863956635166153,0.6681436061343285,1.3094657130096217,-0.8593438580553161,8.14777963032682,-0.09896282898540996,1.2101560073335724,1.3091188363189823,100,36.0,3.0,61.0
berti/barca/PACIPV,False,453.povray-252B,0.5725526552137157,0.6025345032910583,0.4771027055730312,-0.25529732450681475,1.9759354922362444,0.1677354672893644,0.935273494453466,0.7675380271641016,100,8.0,0.0,92.0
berti/barca/PACIPV,False,454.calculix-104B,0.0,0.16691287385108156,0.31749463931368443,0.0,1.1675323236381017,0.0,0.14928798774076157,0.14928798774076157,100,0.0,57.0,43.0
berti/barca/PACIPV,False,456.hmmer-191B,0.0,0.07545521517984001,0.2450963140627258,0.0,1.2772153630713985,0.0,0.0,0.0,100,0.0,87.0,13.0
berti/barca/PACIPV,False,458.sjeng-1088B,0.0008221644595930648,0.07607060297951392,0.21424274139417646,-0.2772325222324614,0.9827546731129536,-0.0020678626801057904,0.07577380612951314,0.07784166880961893,100,37.0,20.0,49.0
berti/barca/PACIPV,False,459.GemsFDTD-1169B,0.8449941051509,1.66482121796837,2.6684227153344264,-0.027230317104748093,14.10007493425202,0.20236234194046032,1.7591163236046357,1.5567539816641753,100,1.0,10.0,89.0
berti/barca/PACIPV,False,462.libquantum-1343B,9.090190364312864,9.057457628120444,1.0274888888903393,6.030186924167249,11.394836477017698,8.23619790273142,9.795837537369023,1.5596396346376036,100,0.0,0.0,100.0
berti/barca/PACIPV,False,464.h264ref-30B,0.1403784241988285,0.9026301924525968,1.5995805607992009,0.0,8.08857945758163,0.0,1.0463787818235408,1.0463787818235408,100,0.0,48.0,52.0
berti/barca/PACIPV,False,465.tonto-1914B,0.2749434386529117,0.7623707549920782,1.2590462741732584,-0.5833069984778126,7.573142404962728,0.0,1.0675647636641927,1.0675647636641927,100,20.0,17.0,64.0
berti/barca/PACIPV,False,470.lbm-1274B,12.087488142945954,12.045551193062385,1.4958037326910774,7.9212140564341285,15.81467741072127,10.963439715633077,13.1781820832398,2.214742367606723,100,0.0,0.0,100.0
berti/barca/PACIPV,False,471.omnetpp-188B,0.29240854741747624,0.5642279894045379,0.771646734340269,-0.3780229211894711,3.1186939014034367,-0.008588619552461086,0.9783550282563372,0.9869436478087983,100,29.0,5.0,67.0
berti/barca/PACIPV,False,473.astar-153B,0.0,-2.1126207653869645e-05,0.008521722955591867,-0.056172294355068014,0.0636630992608813,0.0,0.0,0.0,100,3.0,96.0,1.0
berti/barca/PACIPV,False,481.wrf-1170B,0.012213212914644011,0.16303289475519273,0.36582022522477636,-0.28074318874627346,1.729978742185016,-0.018696765460306318,0.24780401744076633,0.26650078290107265,100,36.0,3.0,62.0
berti/barca/PACIPV,False,482.sphinx3-1100B,0.0,0.7122406827726389,1.2269372730903927,-1.0567739356815071,5.251935882798396,0.0,1.2849126938552198,1.2849126938552198,100,11.0,48.0,41.0
berti/barca/PACIPV,False,483.xalancbmk-127B,4.3008366075558,4.03399289801353,1.0937288192152799,-0.08622547962923509,5.6184311268880105,3.7526518770589354,4.637537203256448,0.8848853261975127,100,1.0,0.0,99.0
berti/barca/PACIPV,False,600.perlbench_s-1273B,0.0,0.06631545552436068,0.1503441584435459,-0.0022475698151396303,1.1031871932016586,0.0,0.047356765048968914,0.047356765048968914,100,5.0,55.0,42.0
berti/barca/PACIPV,False,602.gcc_s-1850B,7.320052319085762,7.221630067451465,1.792130548276446,1.1816050770902051,11.649575630243111,6.178403919085512,8.264009198790392,2.08560527970488,100,0.0,0.0,100.0
berti/barca/PACIPV,False,603.bwaves_s-1080B,1.023716149644217,1.205283135980919,0.9178339515268369,-0.013334504607390017,4.19112649231292,0.621280182945581,1.7020133627292353,1.0807331797836544,100,6.0,3.0,91.0
berti/barca/PACIPV,False,605.mcf_s-1152B,0.0,-0.002087384615491184,0.1948758818689046,-0.3844966822694225,1.033304354259924,-0.09140579273057364,0.04153274785990576,0.1329385405904794,100,43.0,20.0,37.0
berti/barca/PACIPV,False,607.cactuBSSN_s-2421B,0.19606506957170497,0.20930046244294037,1.3008264419954294,-2.835794671672556,4.57154244719011,-0.761155848850882,1.078690909264255,1.839846758115137,100,42.0,0.0,58.0
berti/barca/PACIPV,False,619.lbm_s-2676B,12.044353020441516,11.934656803926227,2.1519276675125414,6.94882604717878,18.941280612215024,10.578596033020386,13.526754000547301,2.9481579675269156,100,0.0,0.0,100.0
berti/barca/PACIPV,False,620.omnetpp_s-141B,0.07960223955669599,0.09135986538351687,0.1618329755916062,-0.31032645479025023,0.6224133210944135,-0.002866048480973402,0.1729427954932657,0.1758088439742391,100,26.0,2.0,72.0
berti/barca/PACIPV,False,621.wrf_s-575B,0.0018220175450853768,0.05399959141365808,0.1242372070012902,-0.009439883251603694,0.7030390630396929,0.0004365693796114367,0.05868534687999963,0.05824877750038819,100,5.0,31.0,66.0
berti/barca/PACIPV,False,623.xalancbmk_s-10B,0.07447055539000791,0.7608122986627827,1.063892410194823,-0.16011608416101483,4.065870488572389,0.0,1.7090960683746301,1.7090960683746301,100,12.0,30.0,58.0
berti/barca/PACIPV,False,625.x264_s-12B,0.0,0.05919582319290927,0.4120992520205334,-1.2996335727389843,2.408619230968446,0.0,0.002628341043510617,0.002628341043510617,100,23.0,51.0,26.0
berti/barca/PACIPV,False,627.cam4_s-490B,1.4013685949275836,2.075478907800437,2.4149456993666867,-0.91211055344866,10.227262046231218,0.18103889711015467,3.1225037792195294,2.9414648821093747,100,5.0,15.0,80.0
berti/barca/PACIPV,False,628.pop2_s-17B,0.4506756396415075,0.8986330731127048,1.1145171989647549,-0.6978017985792528,6.0617781952809855,0.0,1.634155715351164,1.634155715351164,100,14.0,17.0,69.0
berti/barca/PACIPV,False,631.deepsjeng_s-928B,0.09447716353151119,0.3148296712463581,0.5152125003598292,-0.5785228132089734,1.9160530479110953,-0.007607892407085302,0.605244899978471,0.6128527923855562,100,28.0,4.0,68.0
berti/barca/PACIPV,False,638.imagick_s-10316B,0.0,0.0,0.0,0.0,0.0,0.0,0.0,0.0,100,0.0,100.0,0.0
berti/barca/PACIPV,False,641.leela_s-1052B,-0.00285269934135373,0.045676227007023146,0.3386746090932598,-1.0081808615363654,1.4427491214489572,-0.03239066731984972,0.10214971999969731,0.13454038731954704,100,60.0,7.0,36.0
berti/barca/PACIPV,False,644.nab_s-12459B,0.0,0.14081091031755252,0.4586774657765718,0.0,2.4959539684670724,0.0,0.0,0.0,100,0.0,85.0,15.0
berti/barca/PACIPV,False,648.exchange2_s-1227B,0.4664302260930441,0.7437141334711628,0.7947081570029152,-0.005586749481668212,3.9107401212290767,0.14032673462869882,1.1063555506895726,0.9660288160608738,100,2.0,15.0,83.0
berti/barca/PACIPV,False,649.fotonik3d_s-10881B,-0.0028568204991664637,0.040351226388863085,0.6239667642413855,-1.540365171771487,1.4399517378813071,-0.3652908271798485,0.43222388308583426,0.7975147102656828,100,50.0,0.0,50.0
berti/barca/PACIPV,False,654.roms_s-1007B,0.0,0.129412719331654,0.3219878485633105,0.0,1.796410794651751,0.0,0.0,0.0,100,0.0,76.0,24.0
berti/barca/PACIPV,False,657.xz_s-2302B,0.06574223457568701,0.16163756914594596,0.3057662089563832,-0.3118834953935752,2.542325294101141,0.0,0.26229161084905483,0.26229161084905483,100,17.0,24.0,64.0
berti/barca/mockingjay,False,400.perlbench-41B,0.5615083842958111,0.6380135197028186,0.562828495801348,-0.31628151847035735,2.409679632794495,0.2114992760549236,1.0164280868818714,0.8049288108269478,100,10.0,4.0,86.0
berti/barca/mockingjay,False,401.bzip2-226B,1.3434178858021757,1.341977646000637,0.8361009000111009,0.0,3.1968498817486624,0.7887509827728814,1.8452858581431764,1.056534875370295,100,0.0,12.0,88.0
berti/barca/mockingjay,False,403.gcc-16B,0.0,0.10086397275570855,0.22078905846871236,-0.002263050161640621,0.9641703246874066,0.0,0.0,0.0,100,1.0,76.0,23.0
berti/barca/mockingjay,False,410.bwaves-1963B,0.0,0.0,0.0,0.0,0.0,0.0,0.0,0.0,100,0.0,100.0,0.0
berti/barca/mockingjay,False,416.gamess-875B,0.01935151029479268,0.14619200915100838,0.2723720860721302,-0.4089630659867072,1.2708319177483385,-0.0004237254620581319,0.23965798617675874,0.24008171163881686,100,25.0,7.0,68.0
berti/barca/mockingjay,False,429.mcf-184B,0.0,0.03774834377422802,0.10381526075977358,0.0,0.5998883928571405,0.0,0.02023818100339761,0.02023818100339761,100,0.0,64.0,36.0
berti/barca/mockingjay,False,433.milc-127B,0.0,0.29590132241672584,0.6461868438132273,0.0,4.84592474223893,0.0,0.2957882411880092,0.2957882411880092,100,0.0,63.0,37.0
berti/barca/mockingjay,False,434.zeusmp-10B,0.0,0.15124376516992238,0.300534291223129,0.0,1.3008313684661676,0.0,0.11462798305374941,0.11462798305374941,100,0.0,70.0,30.0
berti/barca/mockingjay,False,435.gromacs-111B,0.0,0.10881278338510972,0.24347838195981505,-0.5842132849629819,1.0612413446888653,0.0,0.1947275583418746,0.1947275583418746,100,22.0,32.0,46.0
berti/barca/mockingjay,False,436.cactusADM-1804B,0.0,0.27648684489437547,0.5239458165658414,0.0,3.2543489871437887,0.0,0.3555907002209064,0.3555907002209064,100,0.0,62.0,38.0
berti/barca/mockingjay,False,437.leslie3d-134B,0.38299490335968817,0.8166316553793649,1.0198900665537887,0.0,4.462986872984918,0.0,1.4991817536148244,1.4991817536148244,100,0.0,42.0,58.0
berti/barca/mockingjay,False,444.namd-120B,0.9919434715021551,1.2748482381171726,1.2087223765864359,0.0,4.856727281912466,0.015324099185507617,2.016204019743779,2.0008799205582717,100,0.0,25.0,75.0
berti/barca/mockingjay,False,445.gobmk-17B,0.5635280744680096,0.6286899418637274,0.5867455354243694,-0.8700795013818963,2.3364802636645123,0.15905990811925552,0.9702706881994548,0.8112107800801993,100,13.0,2.0,85.0
berti/barca/mockingjay,False,447.dealII-3B,0.7178072698815867,0.9093324310412509,0.8247170229220818,0.0,4.0588961466298095,0.44491764885939306,1.1622573396930322,0.7173396908336391,100,0.0,7.0,93.0
berti/barca/mockingjay,False,450.soplex-247B,0.0,0.710293105235417,1.28344733673796,-0.07654291002895602,8.588536904569821,0.0,1.1587232889322234,1.1587232889322234,100,1.0,55.0,44.0
berti/barca/mockingjay,False,453.povray-252B,0.5725526552137157,0.6029485948708279,0.47702397506090627,-0.25529732450681475,1.9759354922362444,0.1677354672893644,0.9357671603115072,0.7680316930221428,100,8.0,0.0,92.0
berti/barca/mockingjay,False,454.calculix-104B,0.0,0.16691287385108156,0.31749463931368443,0.0,1.1675323236381017,0.0,0.14928798774076157,0.14928798774076157,100,0.0,57.0,43.0
berti/barca/mockingjay,False,456.hmmer-191B,0.0,0.07545521517984001,0.2450963140627258,0.0,1.2772153630713985,0.0,0.0,0.0,100,0.0,87.0,13.0
berti/barca/mockingjay,False,458.sjeng-1088B,0.0008221644595930648,0.07607060297951392,0.21424274139417646,-0.2772325222324614,0.9827546731129536,-0.0020678626801057904,0.07577380612951314,0.07784166880961893,100,37.0,20.0,49.0
berti/barca/mockingjay,False,459.GemsFDTD-1169B,0.8973178131189775,1.6427486619650549,2.60511837994562,0.0,13.996418559946603,0.2129311201738712,1.656852234712436,1.4439211145385646,100,0.0,11.0,89.0
berti/barca/mockingjay,False,462.libquantum-1343B,8.98459411950033,8.961202523613588,1.157323697736806,5.688286233167961,12.087440681160173,8.286227654184042,9.768090913486784,1.4818632593027417,100,0.0,0.0,100.0
berti/barca/mockingjay,False,464.h264ref-30B,0.1403784241988285,0.9043774055389909,1.6021747540227427,0.0,8.08857945758163,0.0,1.0463787818235408,1.0463787818235408,100,0.0,48.0,52.0
berti/barca/mockingjay,False,465.tonto-1914B,0.2749434386529117,0.7621465202323046,1.2587046385927203,-0.5833069984778126,7.583062909172364,0.0,1.0675647636641927,1.0675647636641927,100,20.0,17.0,64.0
berti/barca/mockingjay,False,470.lbm-1274B,12.124698252932278,12.199887713260035,1.4771138577138927,8.495352040465477,15.734593102006093,11.032560063232104,13.200824826803709,2.168264763571605,100,0.0,0.0,100.0
berti/barca/mockingjay,False,471.omnetpp-188B,0.24506589608199814,0.5678723720892248,0.7855938771733446,-0.3780229211894711,3.1186939014034367,-0.00015372601105612848,0.9651495461967547,0.9653032722078109,100,25.0,9.0,67.0
berti/barca/mockingjay,False,473.astar-153B,0.0,0.0006366309926088131,0.006334398397184865,0.0,0.0636630992608813,0.0,0.0,0.0,100,0.0,99.0,1.0
berti/barca/mockingjay,False,481.wrf-1170B,0.012213212914644011,0.16303289475519273,0.36582022522477636,-0.28074318874627346,1.729978742185016,-0.018696765460306318,0.24780401744076633,0.26650078290107265,100,36.0,3.0,62.0
berti/barca/mockingjay,False,482.sphinx3-1100B,0.0,0.7246434777528925,1.2128221703318298,0.0,5.251935882798396,0.0,1.2849126938552198,1.2849126938552198,100,0.0,64.0,36.0
berti/barca/mockingjay,False,483.xalancbmk-127B,4.303196105005904,4.048615085309942,1.0717721737052075,-0.08622547962923509,5.6184311268880105,3.7526518770589354,4.701104927181783,0.9484530501228474,100,1.0,0.0,99.0
berti/barca/mockingjay,False,600.perlbench_s-1273B,0.0,0.06631545552436068,0.1503441584435459,-0.0022475698151396303,1.1031871932016586,0.0,0.047356765048968914,0.047356765048968914,100,5.0,55.0,42.0
berti/barca/mockingjay,False,602.gcc_s-1850B,7.295164841127153,7.191113404989226,1.8244654336089936,0.28137991870338314,12.078652286376306,6.135800827520004,8.398766417370148,2.2629655898501433,100,0.0,0.0,100.0
berti/barca/mockingjay,False,603.bwaves_s-1080B,1.023716149644217,1.205283135980919,0.9178339515268369,-0.013334504607390017,4.19112649231292,0.621280182945581,1.7020133627292353,1.0807331797836544,100,6.0,3.0,91.0
berti/barca/mockingjay,False,605.mcf_s-1152B,0.0,0.03614735831324387,0.14301774748402737,-0.0012864549161887488,1.033304354259924,0.0,0.0,0.0,100,1.0,87.0,12.0
berti/barca/mockingjay,False,607.cactuBSSN_s-2421B,0.04744455125158552,0.2178546573563435,1.3485404378803003,-2.835794671672556,4.2001176716202595,-0.6817246232783397,1.034841479214362,1.7165661024927017,100,45.0,0.0,55.0
berti/barca/mockingjay,False,619.lbm_s-2676B,11.84727979170668,12.007225106347821,1.9599216048381556,6.536864905106657,16.362769954204463,10.719537167844774,13.23830361590494,2.518766448060166,100,0.0,0.0,100.0
berti/barca/mockingjay,False,620.omnetpp_s-141B,0.09121903245458857,0.09548924521167912,0.16244670108508175,-0.29895789794342875,0.648984653042821,-0.006306611057008573,0.1897154752224189,0.1960220862794275,100,26.0,3.0,71.0
berti/barca/mockingjay,False,621.wrf_s-575B,0.0018220175450853768,0.05399959141365808,0.1242372070012902,-0.009439883251603694,0.7030390630396929,0.0004365693796114367,0.05868534687999963,0.05824877750038819,100,5.0,31.0,66.0
berti/barca/mockingjay,False,623.xalancbmk_s-10B,0.06040590436078502,0.765691036540948,1.0596616074364673,-0.03922301083302239,4.196633097992001,0.0,1.749055092394446,1.749055092394446,100,1.0,47.0,52.0
berti/barca/mockingjay,False,625.x264_s-12B,0.0,0.05919582319290927,0.4120992520205334,-1.2996335727389843,2.408619230968446,0.0,0.002628341043510617,0.002628341043510617,100,23.0,51.0,26.0
berti/barca/mockingjay,False,627.cam4_s-490B,1.4175226845281035,2.096748971321302,2.411116337843181,0.0,10.20322665109066,0.0,3.1225037792195294,3.1225037792195294,100,0.0,26.0,74.0
berti/barca/mockingjay,False,628.pop2_s-17B,0.510806140463973,0.8865961100194683,1.0874116432380543,-0.01372757909309875,6.0617781952809855,0.0,1.4961800116462955,1.4961800116462955,100,1.0,41.0,58.0
berti/barca/mockingjay,False,631.deepsjeng_s-928B,0.09447716353151119,0.3148296712463581,0.5152125003598292,-0.5785228132089734,1.9160530479110953,-0.007607892407085302,0.605244899978471,0.6128527923855562,100,28.0,4.0,68.0
berti/barca/mockingjay,False,638.imagick_s-10316B,0.0,0.0,0.0,0.0,0.0,0.0,0.0,0.0,100,0.0,100.0,0.0
berti/barca/mockingjay,False,641.leela_s-1052B,-0.00285269934135373,0.045676227007023146,0.3386746090932598,-1.0081808615363654,1.4427491214489572,-0.03239066731984972,0.10214971999969731,0.13454038731954704,100,60.0,7.0,36.0
berti/barca/mockingjay,False,644.nab_s-12459B,0.0,0.14081091031755252,0.4586774657765718,0.0,2.4959539684670724,0.0,0.0,0.0,100,0.0,85.0,15.0
berti/barca/mockingjay,False,648.exchange2_s-1227B,0.4664302260930441,0.7437141334711628,0.7947081570029152,-0.005586749481668212,3.9107401212290767,0.14032673462869882,1.1063555506895726,0.9660288160608738,100,2.0,15.0,83.0
berti/barca/mockingjay,False,649.fotonik3d_s-10881B,0.0,0.0,0.0,0.0,0.0,0.0,0.0,0.0,100,0.0,100.0,0.0
berti/barca/mockingjay,False,654.roms_s-1007B,0.0,0.129412719331654,0.3219878485633105,0.0,1.796410794651751,0.0,0.0,0.0,100,0.0,76.0,24.0
berti/barca/mockingjay,False,657.xz_s-2302B,0.06574223457568701,0.1623208992025666,0.2959584360612738,-0.3118834953935752,2.3977314203891416,0.0,0.26555369121655487,0.26555369121655487,100,16.0,25.0,64.0
berti/entangling/PACIPV,False,400.perlbench-41B,0.2792574113922176,0.41773136948731987,0.4268223813838655,-0.16839066634592015,1.5319269575606622,0.017005300603538553,0.6469333628091192,0.6299280622055806,100,2.0,21.0,78.0
berti/entangling/PACIPV,False,401.bzip2-226B,1.3434178858021757,1.341977646000637,0.8361009000111009,0.0,3.1968498817486624,0.7887509827728814,1.8452858581431764,1.056534875370295,100,0.0,12.0,88.0
berti/entangling/PACIPV,False,403.gcc-16B,-0.0008771859714786334,0.09646841278271438,0.23157300150891613,-0.41916758805875565,0.9636765536095578,-0.004206542356786464,0.00939541150870962,0.013601953865496084,100,54.0,20.0,30.0
berti/entangling/PACIPV,False,410.bwaves-1963B,0.0,-0.07409548398602095,0.5461610640107718,-2.1527143244149127,1.3999106297589485,-0.15899287237473847,0.0806668196506475,0.23965969202538595,100,35.0,33.0,32.0
berti/entangling/PACIPV,False,416.gamess-875B,0.0,0.11778944196158049,0.2340662446540379,0.0,1.2895937009087863,0.0,0.1268653139562698,0.1268653139562698,100,0.0,66.0,34.0
berti/entangling/PACIPV,False,429.mcf-184B,-0.051775161701149264,-0.041112980978275565,0.13986161281819479,-0.23711340206185433,0.654141865079374,-0.12477611101302528,-0.004223679336891959,0.12055243167613333,100,76.0,1.0,23.0
berti/entangling/PACIPV,False,433.milc-127B,0.19992868681074644,0.3041603265142905,0.6747864013738198,-0.6853726293124216,4.448091480056007,-0.0615478693990984,0.539930257526335,0.6014781269254333,100,33.0,0.0,67.0
berti/entangling/PACIPV,False,434.zeusmp-10B,0.0,0.1503971442456058,0.2933102485675539,-0.02485041958976994,1.3008313684661676,0.0,0.12557890906229074,0.12557890906229074,100,2.0,66.0,32.0
berti/entangling/PACIPV,False,435.gromacs-111B,0.0,0.1246696332072883,0.22192606438544393,-0.003729329211441434,1.0612413446888653,0.0,0.1947275583418746,0.1947275583418746,100,1.0,61.0,38.0
berti/entangling/PACIPV,False,436.cactusADM-1804B,0.0,0.26638588593112783,0.5548003200205176,-1.094795973304351,3.2543489871437887,0.0,0.38538476708712865,0.38538476708712865,100,4.0,55.0,41.0
berti/entangling/PACIPV,False,437.leslie3d-134B,0.4202011064016157,0.8231147805978867,1.0119232811861583,-0.08335162785550632,4.462986872984918,0.0,1.4991817536148244,1.4991817536148244,100,1.0,40.0,59.0
berti/entangling/PACIPV,False,444.namd-120B,0.9919434715021551,1.2748482381171726,1.2087223765864359,0.0,4.856727281912466,0.015324099185507617,2.016204019743779,2.0008799205582717,100,0.0,25.0,75.0
berti/entangling/PACIPV,False,445.gobmk-17B,0.38308516273897,0.5247643198952805,0.5426197436295032,-0.7422216795881488,1.9062543571961146,0.0,0.9592023394469735,0.9592023394469735,100,2.0,24.0,74.0
berti/entangling/PACIPV,False,447.dealII-3B,0.7178072698815867,0.9112248697984232,0.8216319198521723,0.0,4.0588961466298095,0.445924129325347,1.1622573396930322,0.7163332103676853,100,0.0,7.0,93.0
berti/entangling/PACIPV,False,450.soplex-247B,0.17863956635166153,0.6631327507085613,1.3089812195515942,-0.8593438580553161,8.14777963032682,-0.09896282898540996,1.203766887974032,1.3027297169594418,100,36.0,4.0,60.0
berti/entangling/PACIPV,False,453.povray-252B,0.5498220572575399,0.5909334062916187,0.4699521653334217,0.0,1.787107864056714,0.17677888583026322,0.937083870041239,0.7603049842109758,100,0.0,15.0,85.0
berti/entangling/PACIPV,False,454.calculix-104B,0.0,0.16691287385108156,0.31749463931368443,0.0,1.1675323236381017,0.0,0.14928798774076157,0.14928798774076157,100,0.0,57.0,43.0
berti/entangling/PACIPV,False,456.hmmer-191B,0.0,0.07545521517984001,0.2450963140627258,0.0,1.2772153630713985,0.0,0.0,0.0,100,0.0,87.0,13.0
berti/entangling/PACIPV,False,458.sjeng-1088B,0.0,0.08967474366678346,0.20896987823016763,0.0,0.9816162007152123,0.0,0.02189355601441099,0.02189355601441099,100,0.0,69.0,31.0
berti/entangling/PACIPV,False,459.GemsFDTD-1169B,0.8449941051509,1.66482121796837,2.6684227153344264,-0.027230317104748093,14.10007493425202,0.20236234194046032,1.7591163236046357,1.5567539816641753,100,1.0,10.0,89.0
berti/entangling/PACIPV,False,462.libquantum-1343B,9.090190364312864,9.057457628120444,1.0274888888903393,6.030186924167249,11.394836477017698,8.23619790273142,9.795837537369023,1.5596396346376036,100,0.0,0.0,100.0
berti/entangling/PACIPV,False,464.h264ref-30B,0.1403784241988285,0.9026301924525968,1.5995805607992009,0.0,8.08857945758163,0.0,1.0463787818235408,1.0463787818235408,100,0.0,48.0,52.0
berti/entangling/PACIPV,False,465.tonto-1914B,0.07259620999510819,0.7684327242837742,1.2458363768082397,0.0,7.573142404962728,0.0,1.0011923089036747,1.0011923089036747,100,0.0,47.0,53.0
berti/entangling/PACIPV,False,470.lbm-1274B,12.087488142945954,12.045551193062385,1.4958037326910774,7.9212140564341285,15.81467741072127,10.963439715633077,13.1781820832398,2.214742367606723,100,0.0,0.0,100.0
berti/entangling/PACIPV,False,471.omnetpp-188B,0.26465874165909326,0.5959853629208407,0.7862390534744653,-0.20547495176713426,3.051934698009946,0.0,1.0061907572990534,1.0061907572990534,100,12.0,19.0,69.0
berti/entangling/PACIPV,False,473.astar-153B,0.0,-2.1126207653869645e-05,0.008521722955591867,-0.056172294355068014,0.0636630992608813,0.0,0.0,0.0,100,3.0,96.0,1.0
berti/entangling/PACIPV,False,481.wrf-1170B,0.0,0.1722595085889287,0.3824888883159087,0.0,2.0621647454546412,0.0,0.05013520701732991,0.05013520701732991,100,0.0,70.0,30.0
berti/entangling/PACIPV,False,482.sphinx3-1100B,0.0,0.7122406827726389,1.2269372730903927,-1.0567739356815071,5.251935882798396,0.0,1.2849126938552198,1.2849126938552198,100,11.0,48.0,41.0
berti/entangling/PACIPV,False,483.xalancbmk-127B,4.3008366075558,4.006799429304657,1.1437596378406307,0.0,5.6184311268880105,3.7363600011604974,4.637537203256448,0.9011772020959508,100,0.0,1.0,99.0
berti/entangling/PACIPV,False,600.perlbench_s-1273B,0.0,0.06530847708804102,0.14875432449260312,0.0,1.1002625187764095,0.0,0.04836894581816715,0.04836894581816715,100,0.0,60.0,40.0
berti/entangling/PACIPV,False,602.gcc_s-1850B,7.320052319085762,7.221630067451465,1.792130548276446,1.1816050770902051,11.649575630243111,6.178403919085512,8.264009198790392,2.08560527970488,100,0.0,0.0,100.0
berti/entangling/PACIPV,False,603.bwaves_s-1080B,1.0639400483296035,1.2091264368086312,0.9161704924865566,0.0,4.19112649231292,0.6217926933239173,1.7020133627292353,1.080220669405318,100,0.0,9.0,91.0
berti/entangling/PACIPV,False,605.mcf_s-1152B,0.0,-0.0020873218993601146,0.19490704772841846,-0.3844966822694225,1.033304354259924,-0.09140579273057364,0.04153274785990576,0.1329385405904794,100,43.0,20.0,37.0
berti/entangling/PACIPV,False,607.cactuBSSN_s-2421B,0.09513732438140532,0.5135218869503212,1.0787544265428493,-2.6936514351891434,4.219002068743004,-0.006473042194577644,1.1478511725093454,1.154324214703923,100,25.0,19.0,56.0
berti/entangling/PACIPV,False,619.lbm_s-2676B,12.044353020441516,11.934656803926227,2.1519276675125414,6.94882604717878,18.941280612215024,10.578596033020386,13.526754000547301,2.9481579675269156,100,0.0,0.0,100.0
berti/entangling/PACIPV,False,620.omnetpp_s-141B,0.02215215645768627,0.0850208029574043,0.13134077643006942,-0.20590121872994735,0.5700758490748348,0.0,0.14158270589108624,0.14158270589108624,100,12.0,30.0,59.0
berti/entangling/PACIPV,False,621.wrf_s-575B,0.0,0.05279239448664187,0.12446078293131682,0.0,0.7034641811428164,0.0,0.05818185998888532,0.05818185998888532,100,0.0,72.0,28.0
berti/entangling/PACIPV,False,623.xalancbmk_s-10B,0.036477235018202187,0.693562005191055,0.9972765776726373,-0.16011608416101483,4.069163072262814,0.0,1.5649012117418195,1.5649012117418195,100,10.0,34.0,56.0
berti/entangling/PACIPV,False,625.x264_s-12B,0.0,0.0938198697488055,0.35016459657040494,0.0,2.408619230968446,0.0,0.0,0.0,100,0.0,90.0,10.0
berti/entangling/PACIPV,False,627.cam4_s-490B,1.4013685949275836,2.075478907800437,2.4149456993666867,-0.91211055344866,10.227262046231218,0.18103889711015467,3.1225037792195294,2.9414648821093747,100,5.0,15.0,80.0
berti/entangling/PACIPV,False,628.pop2_s-17B,0.45255334435338823,0.8967203847740763,1.115480304568071,-0.6978017985792528,6.0617781952809855,0.0,1.634155715351164,1.634155715351164,100,14.0,17.0,69.0
berti/entangling/PACIPV,False,631.deepsjeng_s-928B,0.21772530458251466,0.37599877449990055,0.5006422199288164,0.0,2.1129674128359395,0.0,0.5465025163909014,0.5465025163909014,100,0.0,37.0,63.0
berti/entangling/PACIPV,False,638.imagick_s-10316B,0.0,0.0,0.0,0.0,0.0,0.0,0.0,0.0,100,0.0,100.0,0.0
berti/entangling/PACIPV,False,641.leela_s-1052B,0.0,0.13679125242617857,0.28751165772509407,0.0,1.4520487299485285,0.0,0.09214579190563824,0.09214579190563824,100,0.0,72.0,28.0
berti/entangling/PACIPV,False,644.nab_s-12459B,0.0,0.14081091031755252,0.4586774657765718,0.0,2.4959539684670724,0.0,0.0,0.0,100,0.0,85.0,15.0
berti/entangling/PACIPV,False,648.exchange2_s-1227B,0.452412269859735,0.7478729665610848,0.7972230121832171,0.0,3.903909556873867,0.14683021609222832,1.1043611248563827,0.9575309087641544,100,0.0,19.0,81.0
berti/entangling/PACIPV,False,649.fotonik3d_s-10881B,-0.0028568204991664637,0.040351226388863085,0.6239667642413855,-1.540365171771487,1.4399517378813071,-0.3652908271798485,0.43222388308583426,0.7975147102656828,100,50.0,0.0,50.0
berti/entangling/PACIPV,False,654.roms_s-1007B,0.0,0.129412719331654,0.3219878485633105,0.0,1.796410794651751,0.0,0.0,0.0,100,0.0,76.0,24.0
berti/entangling/PACIPV,False,657.xz_s-2302B,0.11286254037334398,0.17808868435522854,0.29771312287600926,0.0,2.542325294101141,0.0,0.2568587571272263,0.2568587571272263,100,0.0,36.0,64.0
berti/entangling/mockingjay,True,400.perlbench-41B,0.2792574113922176,0.422380191592266,0.4262546609736176,0.0,1.5319269575606622,0.0,0.650787826364563,0.650787826364563,100,0.0,26.0,74.0
berti/entangling/mockingjay,True,401.bzip2-226B,1.3434178858021757,1.341977646000637,0.8361009000111009,0.0,3.1968498817486624,0.7887509827728814,1.8452858581431764,1.056534875370295,100,0.0,12.0,88.0
berti/entangling/mockingjay,True,403.gcc-16B,0.0,0.10120932429357304,0.22121474278220818,0.0,0.9641703246874066,0.0,0.0,0.0,100,0.0,77.0,23.0
berti/entangling/mockingjay,True,410.bwaves-1963B,0.0,0.0,0.0,0.0,0.0,0.0,0.0,0.0,100,0.0,100.0,0.0
berti/entangling/mockingjay,True,416.gamess-875B,0.0,0.11778944196158049,0.2340662446540379,0.0,1.2895937009087863,0.0,0.1268653139562698,0.1268653139562698,100,0.0,66.0,34.0
berti/entangling/mockingjay,True,429.mcf-184B,0.0,0.03774834377422802,0.10381526075977358,0.0,0.5998883928571405,0.0,0.02023818100339761,0.02023818100339761,100,0.0,64.0,36.0
berti/entangling/mockingjay,True,433.milc-127B,0.0,0.29590132241672584,0.6461868438132273,0.0,4.84592474223893,0.0,0.2957882411880092,0.2957882411880092,100,0.0,63.0,37.0
berti/entangling/mockingjay,True,434.zeusmp-10B,0.0,0.15124376516992238,0.300534291223129,0.0,1.3008313684661676,0.0,0.11462798305374941,0.11462798305374941,100,0.0,70.0,30.0
berti/entangling/mockingjay,True,435.gromacs-111B,0.0,0.12470692649940272,0.2219047969327408,0.0,1.0612413446888653,0.0,0.1947275583418746,0.1947275583418746,100,0.0,62.0,38.0
berti/entangling/mockingjay,True,436.cactusADM-1804B,0.0,0.27648684489437547,0.5239458165658414,0.0,3.2543489871437887,0.0,0.3555907002209064,0.3555907002209064,100,0.0,62.0,38.0
berti/entangling/mockingjay,True,437.leslie3d-134B,0.38299490335968817,0.8166316553793649,1.0198900665537887,0.0,4.462986872984918,0.0,1.4991817536148244,1.4991817536148244,100,0.0,42.0,58.0
berti/entangling/mockingjay,True,444.namd-120B,0.9919434715021551,1.2748482381171726,1.2087223765864359,0.0,4.856727281912466,0.015324099185507617,2.016204019743779,2.0008799205582717,100,0.0,25.0,75.0
berti/entangling/mockingjay,True,445.gobmk-17B,0.38308516273897,0.532300857444016,0.5300559759460405,0.0,1.9062543571961146,0.0,0.9592023394469735,0.9592023394469735,100,0.0,26.0,74.0
berti/entangling/mockingjay,True,447.dealII-3B,0.7178072698815867,0.9112248697984232,0.8216319198521723,0.0,4.0588961466298095,0.445924129325347,1.1622573396930322,0.7163332103676853,100,0.0,7.0,93.0
berti/entangling/mockingjay,True,450.soplex-247B,0.0,0.7050244995828827,1.2833955018178336,0.0,8.588536904569821,0.0,1.1587232889322234,1.1587232889322234,100,0.0,57.0,43.0
berti/entangling/mockingjay,True,453.povray-252B,0.5486770715316942,0.5908995216777748,0.46993269663032317,0.0,1.787107864056714,0.17677888583026322,0.937083870041239,0.7603049842109758,100,0.0,15.0,85.0
berti/entangling/mockingjay,True,454.calculix-104B,0.0,0.16691287385108156,0.31749463931368443,0.0,1.1675323236381017,0.0,0.14928798774076157,0.14928798774076157,100,0.0,57.0,43.0
berti/entangling/mockingjay,True,456.hmmer-191B,0.0,0.07545521517984001,0.2450963140627258,0.0,1.2772153630713985,0.0,0.0,0.0,100,0.0,87.0,13.0
berti/entangling/mockingjay,True,458.sjeng-1088B,0.0,0.08967474366678346,0.20896987823016763,0.0,0.9816162007152123,0.0,0.02189355601441099,0.02189355601441099,100,0.0,69.0,31.0
berti/entangling/mockingjay,True,459.GemsFDTD-1169B,0.8973178131189775,1.6427486619650549,2.60511837994562,0.0,13.996418559946603,0.2129311201738712,1.656852234712436,1.4439211145385646,100,0.0,11.0,89.0
berti/entangling/mockingjay,True,462.libquantum-1343B,8.98459411950033,8.961202523613588,1.157323697736806,5.688286233167961,12.087440681160173,8.286227654184042,9.768090913486784,1.4818632593027417,100,0.0,0.0,100.0
berti/entangling/mockingjay,True,464.h264ref-30B,0.1403784241988285,0.9043774055389909,1.6021747540227427,0.0,8.08857945758163,0.0,1.0463787818235408,1.0463787818235408,100,0.0,48.0,52.0
berti/entangling/mockingjay,True,465.tonto-1914B,0.07259620999510819,0.7698934806263901,1.2529381692899666,0.0,7.583062909172364,0.0,1.0011923089036747,1.0011923089036747,100,0.0,48.0,52.0
berti/entangling/mockingjay,True,470.lbm-1274B,12.124698252932278,12.199887713260035,1.4771138577138927,8.495352040465477,15.734593102006093,11.032560063232104,13.200824826803709,2.168264763571605,100,0.0,0.0,100.0
berti/entangling/mockingjay,True,471.omnetpp-188B,0.26190345877246496,0.5908742106635234,0.788997946900498,0.0,3.040623830090305,0.0,1.0061907572990534,1.0061907572990534,100,0.0,39.0,61.0
berti/entangling/mockingjay,True,473.astar-153B,0.0,0.0006366309926088131,0.006334398397184865,0.0,0.0636630992608813,0.0,0.0,0.0,100,0.0,99.0,1.0
berti/entangling/mockingjay,True,481.wrf-1170B,0.0,0.1722595085889287,0.3824888883159087,0.0,2.0621647454546412,0.0,0.05013520701732991,0.05013520701732991,100,0.0,70.0,30.0
berti/entangling/mockingjay,True,482.sphinx3-1100B,0.0,0.7246434777528925,1.2128221703318298,0.0,5.251935882798396,0.0,1.2849126938552198,1.2849126938552198,100,0.0,64.0,36.0
berti/entangling/mockingjay,True,483.xalancbmk-127B,4.303196105005904,4.008444972152026,1.1417959756344134,0.0,5.6184311268880105,3.7363600011604974,4.701104927181783,0.9647449260212855,100,0.0,1.0,99.0
berti/entangling/mockingjay,True,600.perlbench_s-1273B,0.0,0.06530847708804102,0.14875432449260312,0.0,1.1002625187764095,0.0,0.04836894581816715,0.04836894581816715,100,0.0,60.0,40.0
berti/entangling/mockingjay,True,602.gcc_s-1850B,7.295164841127153,7.191113404989226,1.8244654336089936,0.28137991870338314,12.078652286376306,6.135800827520004,8.398766417370148,2.2629655898501433,100,0.0,0.0,100.0
berti/entangling/mockingjay,True,603.bwaves_s-1080B,1.0639400483296035,1.2091264368086312,0.9161704924865566,0.0,4.19112649231292,0.6217926933239173,1.7020133627292353,1.080220669405318,100,0.0,9.0,91.0
berti/entangling/mockingjay,True,605.mcf_s-1152B,0.0,0.036147577759853965,0.14301757825876513,0.0,1.033304354259924,0.0,0.0,0.0,100,0.0,89.0,11.0
berti/entangling/mockingjay,True,607.cactuBSSN_s-2421B,0.02532678807642126,0.6230634453862884,0.8685066798562482,0.0,3.989352616295616,0.0,1.2450776282418539,1.2450776282418539,100,0.0,50.0,50.0
berti/entangling/mockingjay,True,619.lbm_s-2676B,11.84727979170668,12.007225106347821,1.9599216048381556,6.536864905106657,16.362769954204463,10.719537167844774,13.23830361590494,2.518766448060166,100,0.0,0.0,100.0
berti/entangling/mockingjay,True,620.omnetpp_s-141B,0.0,0.0867989954487961,0.1279113556901649,0.0,0.5700758490748348,0.0,0.1400312205430083,0.1400312205430083,100,0.0,52.0,48.0
berti/entangling/mockingjay,True,621.wrf_s-575B,0.0,0.05279239448664187,0.12446078293131682,0.0,0.7034641811428164,0.0,0.05818185998888532,0.05818185998888532,100,0.0,72.0,28.0
berti/entangling/mockingjay,True,623.xalancbmk_s-10B,0.0,0.6915481771114941,0.9906924506403099,0.0,4.069163072262814,0.0,1.480676208492457,1.480676208492457,100,0.0,54.0,46.0
berti/entangling/mockingjay,True,625.x264_s-12B,0.0,0.0938198697488055,0.35016459657040494,0.0,2.408619230968446,0.0,0.0,0.0,100,0.0,90.0,10.0
berti/entangling/mockingjay,True,627.cam4_s-490B,1.4175226845281035,2.096748971321302,2.411116337843181,0.0,10.20322665109066,0.0,3.1225037792195294,3.1225037792195294,100,0.0,26.0,74.0
berti/entangling/mockingjay,True,628.pop2_s-17B,0.45734138434592086,0.8857573456051359,1.0936921617535185,0.0,6.0617781952809855,0.0,1.5571389879037572,1.5571389879037572,100,0.0,44.0,56.0
berti/entangling/mockingjay,True,631.deepsjeng_s-928B,0.21772530458251466,0.37599877449990055,0.5006422199288164,0.0,2.1129674128359395,0.0,0.5465025163909014,0.5465025163909014,100,0.0,37.0,63.0
berti/entangling/mockingjay,True,638.imagick_s-10316B,0.0,0.0,0.0,0.0,0.0,0.0,0.0,0.0,100,0.0,100.0,0.0
berti/entangling/mockingjay,True,641.leela_s-1052B,0.0,0.13679125242617857,0.28751165772509407,0.0,1.4520487299485285,0.0,0.09214579190563824,0.09214579190563824,100,0.0,72.0,28.0
berti/entangling/mockingjay,True,644.nab_s-12459B,0.0,0.14081091031755252,0.4586774657765718,0.0,2.4959539684670724,0.0,0.0,0.0,100,0.0,85.0,15.0
berti/entangling/mockingjay,True,648.exchange2_s-1227B,0.452412269859735,0.7478729665610848,0.7972230121832171,0.0,3.903909556873867,0.14683021609222832,1.1043611248563827,0.9575309087641544,100,0.0,19.0,81.0
berti/entangling/mockingjay,True,649.fotonik3d_s-10881B,0.0,0.0,0.0,0.0,0.0,0.0,0.0,0.0,100,0.0,100.0,0.0
berti/entangling/mockingjay,True,654.roms_s-1007B,0.0,0.129412719331654,0.3219878485633105,0.0,1.796410794651751,0.0,0.0,0.0,100,0.0,76.0,24.0
berti/entangling/mockingjay,True,657.xz_s-2302B,0.11286254037334398,0.17877555328603595,0.2876167859354066,0.0,2.3977314203891416,0.0,0.2625900566147864,0.2625900566147864,100,0.0,36.0,64.0
gaze/barca/PACIPV,False,400.perlbench-41B,0.1514966271622039,0.4629672679474532,1.2179353395745274,-0.3474031613687623,9.351103054409135,0.0,0.45472143850490954,0.45472143850490954,100,22.0,12.0,68.0
gaze/barca/PACIPV,False,401.bzip2-226B,0.0,0.13575704300075656,0.5033753704214001,0.0,3.71852743018806,0.0,0.0,0.0,100,0.0,89.0,11.0
gaze/barca/PACIPV,False,403.gcc-16B,-0.0016531992530642492,0.022013978124235556,0.13732762089050454,-0.4132443531827538,0.8126344636929772,-0.004273635272327155,0.00017781065299300692,0.0044514459253201626,100,58.0,21.0,24.0
gaze/barca/PACIPV,False,410.bwaves-1963B,22.82471776952205,23.01231303600576,1.586897630871819,19.18508280950829,26.37414629017626,22.081238494720314,23.9654334379858,1.8841949432654879,100,0.0,0.0,100.0
gaze/barca/PACIPV,False,416.gamess-875B,0.18448136224526762,0.3328074617157333,0.4721958546088532,-0.21761404245324054,2.527422902676008,0.002816708431231187,0.5141229598227861,0.511306251391555,100,22.0,3.0,76.0
gaze/barca/PACIPV,False,429.mcf-184B,-0.0339403692867474,-0.01240353106170272,0.25464864341057664,-0.27931529315292636,2.2673529002642865,-0.08847240909399565,0.0004099503140223505,0.088882359408018,100,73.0,2.0,25.0
gaze/barca/PACIPV,False,433.milc-127B,0.2019669949048915,0.3007491398119593,0.3702992516005469,-0.6062931418291729,1.3323238339923664,0.0,0.5910648517650543,0.5910648517650543,100,7.0,25.0,68.0
gaze/barca/PACIPV,False,434.zeusmp-10B,0.5169479239280181,1.2488448707028905,1.6092445325412885,-0.049470381511784026,6.847431162696506,0.0,1.9900493091206917,1.9900493091206917,100,1.0,27.0,72.0
gaze/barca/PACIPV,False,435.gromacs-111B,0.21041327545790062,1.6431537480350753,2.094148978804328,0.0,6.04853165819747,0.0,3.5927768282669557,3.5927768282669557,100,0.0,40.0,60.0
gaze/barca/PACIPV,False,436.cactusADM-1804B,0.37731927138986776,0.9671106141063558,1.4253863183910414,0.0,6.303331276781532,0.0,1.3832517629965304,1.3832517629965304,100,0.0,37.0,63.0
gaze/barca/PACIPV,False,437.leslie3d-134B,0.0,1.2029352565758136,1.9702894929781314,-0.008623060996945625,7.93516758137518,0.0,1.5777789571090248,1.5777789571090248,100,1.0,53.0,46.0
gaze/barca/PACIPV,False,444.namd-120B,0.0,0.2887978290658623,0.7104881378742283,0.0,3.5592562256288685,0.0,0.0027274645846894477,0.0027274645846894477,100,0.0,75.0,25.0
gaze/barca/PACIPV,False,445.gobmk-17B,0.054276937580804555,0.47337159649289184,2.0518446347574493,-0.8596355765396894,12.826343528071133,-0.19394394862895012,0.3350103871635173,0.5289543357924674,100,41.0,0.0,59.0
gaze/barca/PACIPV,False,447.dealII-3B,0.0,0.028580647567583117,0.153912545380615,-0.010065054132066343,1.2057619042162167,0.0,0.0,0.0,100,5.0,85.0,10.0
gaze/barca/PACIPV,False,450.soplex-247B,1.470202962733132,4.761451039895934,7.654635629297419,-0.334624141702073,37.59784752944472,0.0,5.568884041736398,5.568884041736398,100,10.0,22.0,68.0
gaze/barca/PACIPV,False,453.povray-252B,-0.010036100860148344,-0.004505522984893075,0.19131237227522968,-0.7260185550920517,0.5757354692431642,-0.10469699666946725,0.0951112056183213,0.19980820228778856,100,55.0,1.0,44.0
gaze/barca/PACIPV,False,454.calculix-104B,0.07190417382986049,0.22938140069961876,0.31785297445281746,0.0,1.674534447506684,0.0,0.3525628156715355,0.3525628156715355,100,0.0,45.0,55.0
gaze/barca/PACIPV,False,456.hmmer-191B,1.9370792206860736,1.999208455769281,1.3767301962106098,0.0,6.263277590340316,0.9712449447264297,2.8751740468832963,1.9039291021568665,100,0.0,13.0,87.0
gaze/barca/PACIPV,False,458.sjeng-1088B,0.0030659035740491693,0.12464191562054248,0.2752034387372698,-0.6390480697265857,1.1962674009484426,-0.002753673134847791,0.23520321175292438,0.23795688488777217,100,35.0,13.0,58.0
gaze/barca/PACIPV,False,459.GemsFDTD-1169B,0.0,0.025363115167399163,0.1568007395626759,-0.3952171441487359,0.5057145150632681,0.0,0.04638677756078335,0.04638677756078335,100,19.0,45.0,36.0
gaze/barca/PACIPV,False,462.libquantum-1343B,0.0,-0.03890794810009588,0.1542162885605683,-0.6843523111569089,0.47967377253905774,-0.06063983087296213,0.018642538563672036,0.07928236943663416,100,47.0,19.0,35.0
gaze/barca/PACIPV,False,464.h264ref-30B,0.0,0.6274203682625922,0.9847267284196436,0.0,4.191061847447809,0.0,0.9168713766319486,0.9168713766319486,100,0.0,52.0,48.0
gaze/barca/PACIPV,False,465.tonto-1914B,0.33436223422705835,0.8602380566809633,1.2220260708816535,-0.5383350165921225,5.587995257056735,0.0015226516829720132,1.3963170304804389,1.3947943787974668,100,12.0,14.0,75.0
gaze/barca/PACIPV,False,470.lbm-1274B,-0.013808595879846352,-0.029947601621618417,0.23642554775746488,-0.8827492989298396,0.6427963623004733,-0.12445160254183947,0.0815939761899596,0.20604557873179907,100,58.0,2.0,41.0
gaze/barca/PACIPV,False,471.omnetpp-188B,0.0710240862054187,0.1400752514134135,0.3248692775260668,-0.7355965450691194,1.2234101179323267,-0.044355798678525606,0.2765595590648408,0.32091535774336644,100,34.0,2.0,64.0
gaze/barca/PACIPV,False,473.astar-153B,1.1415492119902337,1.134077231740153,0.5934819392169143,0.0,3.70301678227554,0.6977698558032881,1.5149052973992594,0.8171354415959713,100,0.0,1.0,99.0
gaze/barca/PACIPV,False,481.wrf-1170B,0.3243295517649395,0.5361994198065058,0.63756568570217,-0.14254205751597276,3.1550248537654846,0.0069711722610658125,0.8948171532964059,0.8878459810353401,100,19.0,2.0,79.0
gaze/barca/PACIPV,False,482.sphinx3-1100B,1.095886127230758,3.128091513393713,6.081357247976179,-0.17528128531421253,26.267392766986262,0.0,2.590634462996334,2.590634462996334,100,1.0,35.0,64.0
gaze/barca/PACIPV,False,483.xalancbmk-127B,0.0,0.02619261966914245,0.17032947404239335,-0.27417458512422854,1.1383075209809148,0.0,0.0,0.0,100,14.0,71.0,17.0
gaze/barca/PACIPV,False,600.perlbench_s-1273B,0.0,0.08000679067396224,0.16416963146599026,-0.04862159275986429,0.8266042533598892,0.0,0.06466646591034206,0.06466646591034206,100,6.0,53.0,42.0
gaze/barca/PACIPV,False,602.gcc_s-1850B,0.0,0.0025957444463683187,0.022442134674343344,-0.022738971082230112,0.2079304955897541,0.0,0.0,0.0,100,5.0,91.0,4.0
gaze/barca/PACIPV,False,603.bwaves_s-1080B,0.0,0.01076350128853783,0.09971371735872962,-0.41690649840800337,0.8484713606142369,0.0,0.0,0.0,100,16.0,68.0,17.0
gaze/barca/PACIPV,False,605.mcf_s-1152B,0.4048201387457386,0.3872865040969555,0.2886446275319902,-0.36705113263407463,1.507253366972138,0.18012582519369125,0.5659047709689724,0.38577894577528116,100,5.0,5.0,90.0
gaze/barca/PACIPV,False,607.cactuBSSN_s-2421B,0.4674644108938678,0.44383631362868925,1.7135102883349704,-6.996472554958727,6.892518769038889,-0.4035698956491098,1.4682335608059764,1.8718034564550863,100,33.0,0.0,67.0
gaze/barca/PACIPV,False,619.lbm_s-2676B,-0.11281541706183025,-0.11806445158099844,0.5909942006340982,-1.6331157669601244,1.483986621780824,-0.4692596796054057,0.23207918773861072,0.7013388673440164,100,58.0,0.0,42.0
gaze/barca/PACIPV,False,620.omnetpp_s-141B,0.09993663086454135,0.09945365979282941,0.17856693469288343,-0.3663659751848048,0.6283835350675052,-0.008305365234423372,0.20190196814545103,0.2102073333798744,100,26.0,1.0,73.0
gaze/barca/PACIPV,False,621.wrf_s-575B,0.0023866439205083123,0.10294171592657492,0.18184669812029097,-0.0011639178806018527,0.8631965315657689,0.0005912373240701397,0.14530634174626114,0.14471510442219102,100,4.0,29.0,70.0
gaze/barca/PACIPV,False,623.xalancbmk_s-10B,0.3895351475135206,0.3791902548412123,0.3062395340689378,-0.1823711303444151,1.0859313050373496,0.10814553697378296,0.5874312935102157,0.4792857565364328,100,7.0,5.0,88.0
gaze/barca/PACIPV,False,625.x264_s-12B,1.8552392803133269,2.6226151566301126,2.6252009352012546,-0.038317746763000364,10.076276629592213,0.6760964215683534,3.433321234138548,2.7572248125701946,100,2.0,5.0,93.0
gaze/barca/PACIPV,False,627.cam4_s-490B,0.0,0.597152772264039,1.3390604707047162,-0.3798929994478347,5.9548504201990395,0.0,0.4347744131595595,0.4347744131595595,100,13.0,53.0,34.0
gaze/barca/PACIPV,False,628.pop2_s-17B,0.01870621629906366,0.8744482520725496,1.44662497211421,-0.6523557524578923,6.217693576995692,0.0,1.4227273722757072,1.4227273722757072,100,15.0,32.0,54.0
gaze/barca/PACIPV,False,631.deepsjeng_s-928B,0.0,-0.0014653497016164226,0.3229290883529004,-0.7635169468531138,0.9955822197981998,-0.12508006265592292,0.11910290813660164,0.24418297079252455,100,46.0,10.0,46.0
gaze/barca/PACIPV,False,638.imagick_s-10316B,9.849865099089813,9.897307784468785,1.268671810787093,6.302029043450939,12.881858848035725,8.894481692535265,10.734469620439732,1.8399879279044669,100,0.0,0.0,100.0
gaze/barca/PACIPV,False,641.leela_s-1052B,-0.003562033803643434,0.48532251120961717,0.9421873259670311,-0.8422552199559137,3.5258361057435725,-0.02696451500577593,0.905186109059199,0.932150624064975,100,64.0,3.0,36.0
gaze/barca/PACIPV,False,644.nab_s-12459B,6.110389840128633,5.453547011606767,4.0903625733167654,0.0,12.584583793808148,0.8274735566321341,9.427990620913551,8.600517064281417,100,0.0,18.0,82.0
gaze/barca/PACIPV,False,648.exchange2_s-1227B,0.0,0.15976529883376586,0.5949497218745592,-0.5022874248737966,3.84672746790419,-0.007438445561667851,0.009119872845978497,0.01655831840764635,100,32.0,36.0,32.0
gaze/barca/PACIPV,False,649.fotonik3d_s-10881B,11.686079694029747,11.614596732069499,0.8828982165667641,9.07505601071709,13.432328049871051,10.915618044203978,12.189968506409429,1.274350462205451,100,0.0,0.0,100.0
gaze/barca/PACIPV,False,654.roms_s-1007B,1.053934255273302,0.861737752886894,0.6152561627453491,0.0,2.184548125481875,0.06455042532933021,1.2941293014434143,1.229578876114084,100,0.0,24.0,76.0
gaze/barca/PACIPV,False,657.xz_s-2302B,0.0,0.02831068866996571,0.09844876741470084,-0.26458700126465756,0.4137027795364459,0.0,0.03349682877913765,0.03349682877913765,100,22.0,54.0,32.0
gaze/barca/mockingjay,False,400.perlbench-41B,0.12881639117166516,0.4623420503955973,1.2219663218028318,-0.3474031613687623,9.351103054409135,0.0,0.5207500719378788,0.5207500719378788,100,20.0,11.0,71.0
gaze/barca/mockingjay,False,401.bzip2-226B,0.0,0.13575704300075656,0.5033753704214001,0.0,3.71852743018806,0.0,0.0,0.0,100,0.0,89.0,11.0
gaze/barca/mockingjay,False,403.gcc-16B,0.0,0.030565689116306492,0.12527937159343966,-0.002263050161640621,0.8182938363429544,0.0,0.0,0.0,100,1.0,87.0,12.0
gaze/barca/mockingjay,False,410.bwaves-1963B,22.863255224496555,23.05265891530834,1.56508937704574,19.18508280950829,26.37414629017626,22.184447869984588,23.9654334379858,1.7809855680012134,100,0.0,0.0,100.0
gaze/barca/mockingjay,False,416.gamess-875B,0.18448136224526762,0.3328074617157333,0.4721958546088532,-0.21761404245324054,2.527422902676008,0.002816708431231187,0.5141229598227861,0.511306251391555,100,22.0,3.0,76.0
gaze/barca/mockingjay,False,429.mcf-184B,0.008640723350047352,0.06495550033136073,0.23812838951098833,0.0,2.287445325420002,0.0,0.05130265379742287,0.05130265379742287,100,0.0,44.0,56.0
gaze/barca/mockingjay,False,433.milc-127B,0.1838524419332241,0.3065147499221059,0.33849399053158274,0.0,1.2787991790246633,0.0,0.5910648517650543,0.5910648517650543,100,0.0,37.0,63.0
gaze/barca/mockingjay,False,434.zeusmp-10B,0.5169479239280181,1.2494618407623288,1.6092505216436361,0.0,6.847431162696506,0.0,1.99503768857199,1.99503768857199,100,0.0,30.0,70.0
gaze/barca/mockingjay,False,435.gromacs-111B,0.21041327545790062,1.6432085628146178,2.0942008811833115,0.0,6.04853165819747,0.0,3.5927768282669557,3.5927768282669557,100,0.0,40.0,60.0
gaze/barca/mockingjay,False,436.cactusADM-1804B,0.37731927138986776,0.9457213138311923,1.3811410973270573,0.0,6.738241412210528,0.0,1.3914454236853513,1.3914454236853513,100,0.0,38.0,62.0
gaze/barca/mockingjay,False,437.leslie3d-134B,0.0,1.1823070657664443,1.9560639410808986,0.0,7.93516758137518,0.0,1.5777789571090248,1.5777789571090248,100,0.0,58.0,42.0
gaze/barca/mockingjay,False,444.namd-120B,0.0,0.2887978290658623,0.7104881378742283,0.0,3.5592562256288685,0.0,0.0027274645846894477,0.0027274645846894477,100,0.0,75.0,25.0
gaze/barca/mockingjay,False,445.gobmk-17B,0.054276937580804555,0.47165409964640764,2.0417238391798054,-0.8596355765396894,12.66940357731518,-0.19394394862895012,0.3350103871635173,0.5289543357924674,100,41.0,0.0,59.0
gaze/barca/mockingjay,False,447.dealII-3B,0.0,0.028580647567583117,0.153912545380615,-0.010065054132066343,1.2057619042162167,0.0,0.0,0.0,100,5.0,85.0,10.0
gaze/barca/mockingjay,False,450.soplex-247B,1.3661078231326824,4.765030869041223,7.659761758597715,-0.29138142882218626,37.59784752944472,0.0,5.341736935115011,5.341736935115011,100,1.0,42.0,57.0
gaze/barca/mockingjay,False,453.povray-252B,-0.010036100860148344,-0.005760835612273302,0.19023430492975937,-0.7260185550920517,0.5757354692431642,-0.10469699666946725,0.09064044958999115,0.1953374462594584,100,55.0,1.0,44.0
gaze/barca/mockingjay,False,454.calculix-104B,0.07190417382986049,0.22938140069961876,0.31785297445281746,0.0,1.674534447506684,0.0,0.3525628156715355,0.3525628156715355,100,0.0,45.0,55.0
gaze/barca/mockingjay,False,456.hmmer-191B,1.9370792206860736,1.999208455769281,1.3767301962106098,0.0,6.263277590340316,0.9712449447264297,2.8751740468832963,1.9039291021568665,100,0.0,13.0,87.0
gaze/barca/mockingjay,False,458.sjeng-1088B,0.0030659035740491693,0.12464191562054248,0.2752034387372698,-0.6390480697265857,1.1962674009484426,-0.002753673134847791,0.23520321175292438,0.23795688488777217,100,35.0,13.0,58.0
gaze/barca/mockingjay,False,459.GemsFDTD-1169B,0.0,0.024439820431715747,0.08950869900436438,0.0,0.5057145150632681,0.0,0.0,0.0,100,0.0,89.0,11.0
gaze/barca/mockingjay,False,462.libquantum-1343B,0.0,0.0,0.0,0.0,0.0,0.0,0.0,0.0,100,0.0,100.0,0.0
gaze/barca/mockingjay,False,464.h264ref-30B,0.0,0.6274203682625922,0.9847267284196436,0.0,4.191061847447809,0.0,0.9168713766319486,0.9168713766319486,100,0.0,52.0,48.0
gaze/barca/mockingjay,False,465.tonto-1914B,0.33436223422705835,0.8601505586695545,1.2220766561115737,-0.5383350165921225,5.587995257056735,0.0015226516829720132,1.3963170304804389,1.3947943787974668,100,12.0,14.0,75.0
gaze/barca/mockingjay,False,470.lbm-1274B,0.0,0.0,0.0,0.0,0.0,0.0,0.0,0.0,100,0.0,100.0,0.0
gaze/barca/mockingjay,False,471.omnetpp-188B,0.04685163747654498,0.12166191336061591,0.3296687707308934,-0.6873477394247958,1.127276289846542,-0.06201121209592403,0.30358624829662606,0.3655974603925501,100,34.0,5.0,62.0
gaze/barca/mockingjay,False,473.astar-153B,1.1415492119902337,1.1340320582092611,0.5935359967025032,0.0,3.70301678227554,0.6977698558032881,1.5149052973992594,0.8171354415959713,100,0.0,1.0,99.0
gaze/barca/mockingjay,False,481.wrf-1170B,0.3243295517649395,0.5361994198065058,0.63756568570217,-0.14254205751597276,3.1550248537654846,0.0069711722610658125,0.8948171532964059,0.8878459810353401,100,19.0,2.0,79.0
gaze/barca/mockingjay,False,482.sphinx3-1100B,1.1046688737009713,3.131204785016123,6.080735795478268,0.0,26.267392766986262,0.0,2.590634462996334,2.590634462996334,100,0.0,36.0,64.0
gaze/barca/mockingjay,False,483.xalancbmk-127B,0.0,0.03185634018567722,0.17036813508438312,-0.11173119337061453,1.1664351400066622,0.0,0.0,0.0,100,2.0,90.0,8.0
gaze/barca/mockingjay,False,600.perlbench_s-1273B,0.0,0.08000679067396224,0.16416963146599026,-0.04862159275986429,0.8266042533598892,0.0,0.06466646591034206,0.06466646591034206,100,6.0,53.0,42.0
gaze/barca/mockingjay,False,602.gcc_s-1850B,0.0,0.0,0.0,0.0,0.0,0.0,0.0,0.0,100,0.0,100.0,0.0
gaze/barca/mockingjay,False,603.bwaves_s-1080B,0.0,0.01076350128853783,0.09971371735872962,-0.41690649840800337,0.8484713606142369,0.0,0.0,0.0,100,16.0,68.0,17.0
gaze/barca/mockingjay,False,605.mcf_s-1152B,0.4560265983871965,0.4502191693649968,0.27904664612088353,0.0,1.507253366972138,0.28854391836229953,0.6338168487956282,0.34527293043332863,100,0.0,11.0,89.0
gaze/barca/mockingjay,False,607.cactuBSSN_s-2421B,0.5847157707055971,0.4587098945613821,1.7647959119394916,-6.550162644133091,7.3538173706555385,-0.3483293438508032,1.3946665478336464,1.7429958916844497,100,34.0,0.0,66.0
gaze/barca/mockingjay,False,619.lbm_s-2676B,0.0,0.0,0.0,0.0,0.0,0.0,0.0,0.0,100,0.0,100.0,0.0
gaze/barca/mockingjay,False,620.omnetpp_s-141B,0.09068114097590076,0.1029758059713915,0.17475356913251266,-0.39938169279085683,0.6290967967418164,0.0024882389240216247,0.20826473856626565,0.20577649964224404,100,24.0,1.0,75.0
gaze/barca/mockingjay,False,621.wrf_s-575B,0.0023866439205083123,0.10294171592657492,0.18184669812029097,-0.0011639178806018527,0.8631965315657689,0.0005912373240701397,0.14530634174626114,0.14471510442219102,100,4.0,29.0,70.0
gaze/barca/mockingjay,False,623.xalancbmk_s-10B,0.38360758962064656,0.3727685730103477,0.30925572180335886,-0.20835137517001404,1.076403722597772,0.10101309353145796,0.5925571368062452,0.4915440432747873,100,7.0,11.0,82.0
gaze/barca/mockingjay,False,625.x264_s-12B,1.8552392803133269,2.6226151566301126,2.6252009352012546,-0.038317746763000364,10.076276629592213,0.6760964215683534,3.433321234138548,2.7572248125701946,100,2.0,5.0,93.0
gaze/barca/mockingjay,False,627.cam4_s-490B,0.0,0.6200672191415603,1.367788401179198,0.0,5.9548504201990395,0.0,0.26806510082774787,0.26806510082774787,100,0.0,74.0,26.0
gaze/barca/mockingjay,False,628.pop2_s-17B,0.002026400242567558,0.8835605152245795,1.434551658758094,-0.10958037163568408,6.217693576995692,0.0,1.399567162942247,1.399567162942247,100,5.0,45.0,50.0
gaze/barca/mockingjay,False,631.deepsjeng_s-928B,0.0,-0.0014653497016164226,0.3229290883529004,-0.7635169468531138,0.9955822197981998,-0.12508006265592292,0.11910290813660164,0.24418297079252455,100,46.0,10.0,46.0
gaze/barca/mockingjay,False,638.imagick_s-10316B,9.849865099089813,9.897307784468785,1.268671810787093,6.302029043450939,12.881858848035725,8.894481692535265,10.734469620439732,1.8399879279044669,100,0.0,0.0,100.0
gaze/barca/mockingjay,False,641.leela_s-1052B,-0.003562033803643434,0.48532251120961717,0.9421873259670311,-0.8422552199559137,3.5258361057435725,-0.02696451500577593,0.905186109059199,0.932150624064975,100,64.0,3.0,36.0
gaze/barca/mockingjay,False,644.nab_s-12459B,6.110389840128633,5.453547011606767,4.0903625733167654,0.0,12.584583793808148,0.8274735566321341,9.427990620913551,8.600517064281417,100,0.0,18.0,82.0
gaze/barca/mockingjay,False,648.exchange2_s-1227B,0.0,0.15976529883376586,0.5949497218745592,-0.5022874248737966,3.84672746790419,-0.007438445561667851,0.009119872845978497,0.01655831840764635,100,32.0,36.0,32.0
gaze/barca/mockingjay,False,649.fotonik3d_s-10881B,11.696426108541871,11.589554551597805,0.8990438612823299,9.07505601071709,13.427953965188772,10.932062508651342,12.175442911945602,1.2433804032942604,100,0.0,0.0,100.0
gaze/barca/mockingjay,False,654.roms_s-1007B,1.053934255273302,0.861737752886894,0.6152561627453491,0.0,2.184548125481875,0.06455042532933021,1.2941293014434143,1.229578876114084,100,0.0,24.0,76.0
gaze/barca/mockingjay,False,657.xz_s-2302B,0.0,0.028335569165834015,0.09844137336790475,-0.26458700126465756,0.4137027795364459,0.0,0.03349682877913765,0.03349682877913765,100,21.0,55.0,32.0
gaze/entangling/PACIPV,False,400.perlbench-41B,0.0,0.2720656384031269,1.177037031561713,-0.18853175150594484,9.351103054409135,0.0,0.03556205947043177,0.03556205947043177,100,5.0,59.0,36.0
gaze/entangling/PACIPV,False,401.bzip2-226B,0.0,0.13575704300075656,0.5033753704214001,0.0,3.71852743018806,0.0,0.0,0.0,100,0.0,89.0,11.0
gaze/entangling/PACIPV,False,403.gcc-16B,-0.0017292079614226186,0.02097215995328133,0.135686560102961,-0.4132443531827538,0.8126344636929772,-0.0045124485014373,0.00017781065299300692,0.0046902591544303075,100,58.0,20.0,24.0
gaze/entangling/PACIPV,False,410.bwaves-1963B,22.82471776952205,23.01231303600576,1.586897630871819,19.18508280950829,26.37414629017626,22.081238494720314,23.9654334379858,1.8841949432654879,100,0.0,0.0,100.0
gaze/entangling/PACIPV,False,416.gamess-875B,0.09521437737658181,0.3182959366603075,0.4673809930606628,0.0,2.4794629380408812,0.0,0.4981539913898378,0.4981539913898378,100,0.0,38.0,62.0
gaze/entangling/PACIPV,False,429.mcf-184B,-0.0339403692867474,-0.01240353106170272,0.25464864341057664,-0.27931529315292636,2.2673529002642865,-0.08847240909399565,0.0004099503140223505,0.088882359408018,100,73.0,2.0,25.0
gaze/entangling/PACIPV,False,433.milc-127B,0.2019669949048915,0.3007491398119593,0.3702992516005469,-0.6062931418291729,1.3323238339923664,0.0,0.5910648517650543,0.5910648517650543,100,7.0,25.0,68.0
gaze/entangling/PACIPV,False,434.zeusmp-10B,0.5169479239280181,1.2488448707028905,1.6092445325412885,-0.049470381511784026,6.847431162696506,0.0,1.9900493091206917,1.9900493091206917,100,1.0,27.0,72.0
gaze/entangling/PACIPV,False,435.gromacs-111B,0.21041327545790062,1.6390779418333177,2.0899658532429846,0.0,6.04853165819747,0.0,3.5924798109152043,3.5924798109152043,100,0.0,40.0,60.0
gaze/entangling/PACIPV,False,436.cactusADM-1804B,0.37731927138986776,0.9671106141063558,1.4253863183910414,0.0,6.303331276781532,0.0,1.3832517629965304,1.3832517629965304,100,0.0,37.0,63.0
gaze/entangling/PACIPV,False,437.leslie3d-134B,0.0,1.2029352565758136,1.9702894929781314,-0.008623060996945625,7.93516758137518,0.0,1.5777789571090248,1.5777789571090248,100,1.0,53.0,46.0
gaze/entangling/PACIPV,False,444.namd-120B,0.0,0.2887978290658623,0.7104881378742283,0.0,3.5592562256288685,0.0,0.0027274645846894477,0.0027274645846894477,100,0.0,75.0,25.0
gaze/entangling/PACIPV,False,445.gobmk-17B,0.0,0.4571612441762396,1.9694767251779959,0.0,12.41224589463403,0.0,0.0,0.0,100,0.0,80.0,20.0
gaze/entangling/PACIPV,False,447.dealII-3B,0.0,0.028583027911198853,0.15390132713584562,0.0,1.2057619042162167,0.0,0.0,0.0,100,0.0,93.0,7.0
gaze/entangling/PACIPV,False,450.soplex-247B,1.470202962733132,4.759586283804326,7.655497996002851,-0.334624141702073,37.59784752944472,0.0,5.568884041736398,5.568884041736398,100,10.0,21.0,69.0
gaze/entangling/PACIPV,False,453.povray-252B,0.0,0.03251489465630935,0.09480159668301262,0.0,0.4507033955566694,0.0,0.0,0.0,100,0.0,82.0,18.0
gaze/entangling/PACIPV,False,454.calculix-104B,0.07190417382986049,0.22938140069961876,0.31785297445281746,0.0,1.674534447506684,0.0,0.3525628156715355,0.3525628156715355,100,0.0,45.0,55.0
gaze/entangling/PACIPV,False,456.hmmer-191B,1.9370792206860736,1.999208455769281,1.3767301962106098,0.0,6.263277590340316,0.9712449447264297,2.8751740468832963,1.9039291021568665,100,0.0,13.0,87.0
gaze/entangling/PACIPV,False,458.sjeng-1088B,0.0,0.1449523873841052,0.2486332893769493,0.0,1.2876161542743854,0.0,0.22161345391268428,0.22161345391268428,100,0.0,53.0,47.0
gaze/entangling/PACIPV,False,459.GemsFDTD-1169B,0.0,0.025363115167399163,0.1568007395626759,-0.3952171441487359,0.5057145150632681,0.0,0.04638677756078335,0.04638677756078335,100,19.0,45.0,36.0
gaze/entangling/PACIPV,False,462.libquantum-1343B,0.0,-0.03890794810009588,0.1542162885605683,-0.6843523111569089,0.47967377253905774,-0.06063983087296213,0.018642538563672036,0.07928236943663416,100,47.0,19.0,35.0
gaze/entangling/PACIPV,False,464.h264ref-30B,0.0,0.6274203682625922,0.9847267284196436,0.0,4.191061847447809,0.0,0.9168713766319486,0.9168713766319486,100,0.0,52.0,48.0
gaze/entangling/PACIPV,False,465.tonto-1914B,0.0,0.8262047316801022,1.2388966472626521,0.0,5.463223250063987,0.0,1.4240642302284443,1.4240642302284443,100,0.0,52.0,48.0
gaze/entangling/PACIPV,False,470.lbm-1274B,-0.013808595879846352,-0.029947601621618417,0.23642554775746488,-0.8827492989298396,0.6427963623004733,-0.12445160254183947,0.0815939761899596,0.20604557873179907,100,58.0,2.0,41.0
gaze/entangling/PACIPV,False,471.omnetpp-188B,0.01273782005996664,0.17636361421729918,0.31565389857305975,-0.261730275054723,1.2234101179323267,-0.0003751631959906309,0.3096651113284329,0.3100402745244235,100,25.0,21.0,54.0
gaze/entangling/PACIPV,False,473.astar-153B,1.1415492119902337,1.134077231740153,0.5934819392169143,0.0,3.70301678227554,0.6977698558032881,1.5149052973992594,0.8171354415959713,100,0.0,1.0,99.0
gaze/entangling/PACIPV,False,481.wrf-1170B,0.35801854155128354,0.5547448449039919,0.6274475140096305,0.0,3.1568553274920927,0.0,0.9005203821672423,0.9005203821672423,100,0.0,30.0,70.0
gaze/entangling/PACIPV,False,482.sphinx3-1100B,1.095886127230758,3.128091513393713,6.081357247976179,-0.17528128531421253,26.267392766986262,0.0,2.590634462996334,2.590634462996334,100,1.0,35.0,64.0
gaze/entangling/PACIPV,False,483.xalancbmk-127B,0.0,-0.0030510449023325396,0.08664371434437661,-0.3522308938300618,0.6086285311283428,0.0,0.0,0.0,100,16.0,73.0,13.0
gaze/entangling/PACIPV,False,600.perlbench_s-1273B,0.0,0.07955248214111262,0.16411223368074238,0.0,0.8266042533598892,0.0,0.06292374100952236,0.06292374100952236,100,0.0,66.0,34.0
gaze/entangling/PACIPV,False,602.gcc_s-1850B,0.0,0.0025957444463683187,0.022442134674343344,-0.022738971082230112,0.2079304955897541,0.0,0.0,0.0,100,5.0,91.0,4.0
gaze/entangling/PACIPV,False,603.bwaves_s-1080B,0.0,0.01552867183871262,0.09078269565725904,0.0,0.8525232195708433,0.0,0.0,0.0,100,0.0,93.0,7.0
gaze/entangling/PACIPV,False,605.mcf_s-1152B,0.4048201387457386,0.3872994163196654,0.28863495561486446,-0.36705113263407463,1.507253366972138,0.18044863076143752,0.5659047709689724,0.3854561402075349,100,5.0,5.0,90.0
gaze/entangling/PACIPV,False,607.cactuBSSN_s-2421B,0.5204086334550226,0.7207501288668141,1.2104181929332078,-3.784259974703353,4.824062747355554,0.0,1.3414531681692932,1.3414531681692932,100,20.0,11.0,69.0
gaze/entangling/PACIPV,False,619.lbm_s-2676B,-0.11281541706183025,-0.11806445158099844,0.5909942006340982,-1.6331157669601244,1.483986621780824,-0.4692596796054057,0.23207918773861072,0.7013388673440164,100,58.0,0.0,42.0
gaze/entangling/PACIPV,False,620.omnetpp_s-141B,0.016779173536605112,0.07047269736970356,0.1263390257197193,-0.11350271008282345,0.6269570117188829,0.0,0.10985881157913753,0.10985881157913753,100,17.0,29.0,57.0
gaze/entangling/PACIPV,False,621.wrf_s-575B,0.0,0.10144698717233797,0.18201093620200143,0.0,0.8637918395185805,0.0,0.14377318881100626,0.14377318881100626,100,0.0,61.0,39.0
gaze/entangling/PACIPV,False,623.xalancbmk_s-10B,0.21901527312091762,0.2985250345213313,0.3224901632560187,-0.16015290893540043,1.0859313050373496,0.0,0.5495109649409388,0.5495109649409388,100,14.0,19.0,69.0
gaze/entangling/PACIPV,False,625.x264_s-12B,1.7908886104096398,2.610016480335631,2.629488518354399,0.0,10.076276629592213,0.6758556152846996,3.432147787917218,2.7562921726325187,100,0.0,11.0,89.0
gaze/entangling/PACIPV,False,627.cam4_s-490B,0.0,0.597152772264039,1.3390604707047162,-0.3798929994478347,5.9548504201990395,0.0,0.4347744131595595,0.4347744131595595,100,13.0,53.0,34.0
gaze/entangling/PACIPV,False,628.pop2_s-17B,0.03060920987388064,0.8775656074884048,1.4464109966560375,-0.6784163559710326,6.217693576995692,0.0,1.458607323114225,1.458607323114225,100,13.0,33.0,54.0
gaze/entangling/PACIPV,False,631.deepsjeng_s-928B,0.0,0.05122623822908414,0.16114098947096722,0.0,1.175592890068135,0.0,0.0,0.0,100,0.0,78.0,22.0
gaze/entangling/PACIPV,False,638.imagick_s-10316B,9.849865099089813,9.897307784468785,1.268671810787093,6.302029043450939,12.881858848035725,8.894481692535265,10.734469620439732,1.8399879279044669,100,0.0,0.0,100.0
gaze/entangling/PACIPV,False,641.leela_s-1052B,0.0,0.5483681027331921,0.9055477442027428,0.0,3.528790717005377,0.0,0.9214680404111801,0.9214680404111801,100,0.0,63.0,37.0
gaze/entangling/PACIPV,False,644.nab_s-12459B,6.110389840128633,5.453547011606767,4.0903625733167654,0.0,12.584583793808148,0.8274735566321341,9.427990620913551,8.600517064281417,100,0.0,18.0,82.0
gaze/entangling/PACIPV,False,648.exchange2_s-1227B,0.0,0.1733374995955721,0.585889464655267,0.0,3.84672746790419,0.0,0.0,0.0,100,0.0,85.0,15.0
gaze/entangling/PACIPV,False,649.fotonik3d_s-10881B,11.686079694029747,11.614596732069499,0.8828982165667641,9.07505601071709,13.432328049871051,10.915618044203978,12.189968506409429,1.274350462205451,100,0.0,0.0,100.0
gaze/entangling/PACIPV,False,654.roms_s-1007B,1.053934255273302,0.861737752886894,0.6152561627453491,0.0,2.184548125481875,0.06455042532933021,1.2941293014434143,1.229578876114084,100,0.0,24.0,76.0
gaze/entangling/PACIPV,False,657.xz_s-2302B,0.0,0.035021450716129346,0.08027928394222167,-0.0024880495868307533,0.4140131342097755,0.0,0.027282351488720265,0.027282351488720265,100,1.0,71.0,28.0
gaze/entangling/mockingjay,True,400.perlbench-41B,0.0,0.27132088034805846,1.174937818683306,0.0,9.351103054409135,0.0,0.00031905661340580175,0.00031905661340580175,100,0.0,75.0,25.0
gaze/entangling/mockingjay,True,401.bzip2-226B,0.0,0.13575704300075656,0.5033753704214001,0.0,3.71852743018806,0.0,0.0,0.0,100,0.0,89.0,11.0
gaze/entangling/mockingjay,True,403.gcc-16B,0.0,0.02692592471430335,0.12067156872791272,0.0,0.8182938363429544,0.0,0.0,0.0,100,0.0,89.0,11.0
gaze/entangling/mockingjay,True,410.bwaves-1963B,22.863255224496555,23.05265891530834,1.56508937704574,19.18508280950829,26.37414629017626,22.184447869984588,23.9654334379858,1.7809855680012134,100,0.0,0.0,100.0
gaze/entangling/mockingjay,True,416.gamess-875B,0.09521437737658181,0.3182959366603075,0.4673809930606628,0.0,2.4794629380408812,0.0,0.4981539913898378,0.4981539913898378,100,0.0,38.0,62.0
gaze/entangling/mockingjay,True,429.mcf-184B,0.008640723350047352,0.06495550033136073,0.23812838951098833,0.0,2.287445325420002,0.0,0.05130265379742287,0.05130265379742287,100,0.0,44.0,56.0
gaze/entangling/mockingjay,True,433.milc-127B,0.1838524419332241,0.3065147499221059,0.33849399053158274,0.0,1.2787991790246633,0.0,0.5910648517650543,0.5910648517650543,100,0.0,37.0,63.0
gaze/entangling/mockingjay,True,434.zeusmp-10B,0.5169479239280181,1.2494618407623288,1.6092505216436361,0.0,6.847431162696506,0.0,1.99503768857199,1.99503768857199,100,0.0,30.0,70.0
gaze/entangling/mockingjay,True,435.gromacs-111B,0.21041327545790062,1.6391738552520119,2.090010789434435,0.0,6.04853165819747,0.0,3.5924798109152043,3.5924798109152043,100,0.0,40.0,60.0
gaze/entangling/mockingjay,True,436.cactusADM-1804B,0.37731927138986776,0.9457213138311923,1.3811410973270573,0.0,6.738241412210528,0.0,1.3914454236853513,1.3914454236853513,100,0.0,38.0,62.0
gaze/entangling/mockingjay,True,437.leslie3d-134B,0.0,1.1823070657664443,1.9560639410808986,0.0,7.93516758137518,0.0,1.5777789571090248,1.5777789571090248,100,0.0,58.0,42.0
gaze/entangling/mockingjay,True,444.namd-120B,0.0,0.2887978290658623,0.7104881378742283,0.0,3.5592562256288685,0.0,0.0027274645846894477,0.0027274645846894477,100,0.0,75.0,25.0
gaze/entangling/mockingjay,True,445.gobmk-17B,0.0,0.45704432522445687,1.968895432024967,0.0,12.41224589463403,0.0,0.0,0.0,100,0.0,80.0,20.0
gaze/entangling/mockingjay,True,447.dealII-3B,0.0,0.028583027911198853,0.15390132713584562,0.0,1.2057619042162167,0.0,0.0,0.0,100,0.0,93.0,7.0
gaze/entangling/mockingjay,True,450.soplex-247B,1.3661078231326824,4.762925285310573,7.660790519366951,0.0,37.59784752944472,0.0,5.341736935115011,5.341736935115011,100,0.0,43.0,57.0
gaze/entangling/mockingjay,True,453.povray-252B,0.0,0.03239268950149725,0.0948383443243223,0.0,0.4507033955566694,0.0,0.0,0.0,100,0.0,85.0,15.0
gaze/entangling/mockingjay,True,454.calculix-104B,0.07190417382986049,0.22938140069961876,0.31785297445281746,0.0,1.674534447506684,0.0,0.3525628156715355,0.3525628156715355,100,0.0,45.0,55.0
gaze/entangling/mockingjay,True,456.hmmer-191B,1.9370792206860736,1.999208455769281,1.3767301962106098,0.0,6.263277590340316,0.9712449447264297,2.8751740468832963,1.9039291021568665,100,0.0,13.0,87.0
gaze/entangling/mockingjay,True,458.sjeng-1088B,0.0,0.1449523873841052,0.2486332893769493,0.0,1.2876161542743854,0.0,0.22161345391268428,0.22161345391268428,100,0.0,53.0,47.0
gaze/entangling/mockingjay,True,459.GemsFDTD-1169B,0.0,0.024439820431715747,0.08950869900436438,0.0,0.5057145150632681,0.0,0.0,0.0,100,0.0,89.0,11.0
gaze/entangling/mockingjay,True,462.libquantum-1343B,0.0,0.0,0.0,0.0,0.0,0.0,0.0,0.0,100,0.0,100.0,0.0
gaze/entangling/mockingjay,True,464.h264ref-30B,0.0,0.6274203682625922,0.9847267284196436,0.0,4.191061847447809,0.0,0.9168713766319486,0.9168713766319486,100,0.0,52.0,48.0
gaze/entangling/mockingjay,True,465.tonto-1914B,0.0,0.8261172336686933,1.2389546851659325,0.0,5.463223250063987,0.0,1.4240642302284443,1.4240642302284443,100,0.0,53.0,47.0
gaze/entangling/mockingjay,True,470.lbm-1274B,0.0,0.0,0.0,0.0,0.0,0.0,0.0,0.0,100,0.0,100.0,0.0
gaze/entangling/mockingjay,True,471.omnetpp-188B,0.0,0.18506946749466632,0.30896670553175104,0.0,1.127276289846542,0.0,0.30237150493330184,0.30237150493330184,100,0.0,61.0,39.0
gaze/entangling/mockingjay,True,473.astar-153B,1.1415492119902337,1.1340320582092611,0.5935359967025032,0.0,3.70301678227554,0.6977698558032881,1.5149052973992594,0.8171354415959713,100,0.0,1.0,99.0
gaze/entangling/mockingjay,True,481.wrf-1170B,0.35801854155128354,0.5547448449039919,0.6274475140096305,0.0,3.1568553274920927,0.0,0.9005203821672423,0.9005203821672423,100,0.0,30.0,70.0
gaze/entangling/mockingjay,True,482.sphinx3-1100B,1.1046688737009713,3.131204785016123,6.080735795478268,0.0,26.267392766986262,0.0,2.590634462996334,2.590634462996334,100,0.0,36.0,64.0
gaze/entangling/mockingjay,True,483.xalancbmk-127B,0.0,0.0004115306982304216,0.00409467874722985,0.0,0.04115306982304216,0.0,0.0,0.0,100,0.0,99.0,1.0
gaze/entangling/mockingjay,True,600.perlbench_s-1273B,0.0,0.07955248214111262,0.16411223368074238,0.0,0.8266042533598892,0.0,0.06292374100952236,0.06292374100952236,100,0.0,66.0,34.0
gaze/entangling/mockingjay,True,602.gcc_s-1850B,0.0,0.0,0.0,0.0,0.0,0.0,0.0,0.0,100,0.0,100.0,0.0
gaze/entangling/mockingjay,True,603.bwaves_s-1080B,0.0,0.01552867183871262,0.09078269565725904,0.0,0.8525232195708433,0.0,0.0,0.0,100,0.0,93.0,7.0
gaze/entangling/mockingjay,True,605.mcf_s-1152B,0.4560265983871965,0.4502191693649968,0.27904664612088353,0.0,1.507253366972138,0.28854391836229953,0.6338168487956282,0.34527293043332863,100,0.0,11.0,89.0
gaze/entangling/mockingjay,True,607.cactuBSSN_s-2421B,0.008804711498952972,0.6592302535489114,0.9475742719427241,0.0,4.963181502002835,0.0,1.196465549875534,1.196465549875534,100,0.0,50.0,50.0
gaze/entangling/mockingjay,True,619.lbm_s-2676B,0.0,0.0,0.0,0.0,0.0,0.0,0.0,0.0,100,0.0,100.0,0.0
gaze/entangling/mockingjay,True,620.omnetpp_s-141B,0.00032076367415575006,0.0741893169888436,0.11925842211385457,0.0,0.5977132830721645,0.0,0.09389220659433584,0.09389220659433584,100,0.0,51.0,49.0
gaze/entangling/mockingjay,True,621.wrf_s-575B,0.0,0.10144698717233797,0.18201093620200143,0.0,0.8637918395185805,0.0,0.14377318881100626,0.14377318881100626,100,0.0,61.0,39.0
gaze/entangling/mockingjay,True,623.xalancbmk_s-10B,0.2019610143833182,0.29012931221644805,0.32192160615553195,0.0,1.076403722597772,0.0,0.5625838454209918,0.5625838454209918,100,0.0,47.0,53.0
gaze/entangling/mockingjay,True,625.x264_s-12B,1.7908886104096398,2.610016480335631,2.629488518354399,0.0,10.076276629592213,0.6758556152846996,3.432147787917218,2.7562921726325187,100,0.0,11.0,89.0
gaze/entangling/mockingjay,True,627.cam4_s-490B,0.0,0.6200672191415603,1.367788401179198,0.0,5.9548504201990395,0.0,0.26806510082774787,0.26806510082774787,100,0.0,74.0,26.0
gaze/entangling/mockingjay,True,628.pop2_s-17B,0.0,0.879141303620466,1.436831424806296,0.0,6.217693576995692,0.0,1.3991046221395382,1.3991046221395382,100,0.0,56.0,44.0
gaze/entangling/mockingjay,True,631.deepsjeng_s-928B,0.0,0.05122623822908414,0.16114098947096722,0.0,1.175592890068135,0.0,0.0,0.0,100,0.0,78.0,22.0
gaze/entangling/mockingjay,True,638.imagick_s-10316B,9.849865099089813,9.897307784468785,1.268671810787093,6.302029043450939,12.881858848035725,8.894481692535265,10.734469620439732,1.8399879279044669,100,0.0,0.0,100.0
gaze/entangling/mockingjay,True,641.leela_s-1052B,0.0,0.5483681027331921,0.9055477442027428,0.0,3.528790717005377,0.0,0.9214680404111801,0.9214680404111801,100,0.0,63.0,37.0
gaze/entangling/mockingjay,True,644.nab_s-12459B,6.110389840128633,5.453547011606767,4.0903625733167654,0.0,12.584583793808148,0.8274735566321341,9.427990620913551,8.600517064281417,100,0.0,18.0,82.0
gaze/entangling/mockingjay,True,648.exchange2_s-1227B,0.0,0.1733374995955721,0.585889464655267,0.0,3.84672746790419,0.0,0.0,0.0,100,0.0,85.0,15.0
gaze/entangling/mockingjay,True,649.fotonik3d_s-10881B,11.696426108541871,11.589554551597805,0.8990438612823299,9.07505601071709,13.427953965188772,10.932062508651342,12.175442911945602,1.2433804032942604,100,0.0,0.0,100.0
gaze/entangling/mockingjay,True,654.roms_s-1007B,1.053934255273302,0.861737752886894,0.6152561627453491,0.0,2.184548125481875,0.06455042532933021,1.2941293014434143,1.229578876114084,100,0.0,24.0,76.0
gaze/entangling/mockingjay,True,657.xz_s-2302B,0.0,0.03386602525678529,0.07990609272856773,0.0,0.4140131342097755,0.0,0.01968468858496003,0.01968468858496003,100,0.0,73.0,27.0
