trace,policy,avg_l1d_coverage,avg_l1d_accuracy,total_ipc,is_best_fixed_policy
400.perlbench-41B,l1d_prefetcher-berti_l1i_prefetcher-barca_l2c_replacement-PACIPV,0.004283280668,0.006012234641,48.022878976631,no
400.perlbench-41B,l1d_prefetcher-berti_l1i_prefetcher-barca_l2c_replacement-mockingjay,0.004268778409,0.006058600683,48.022376862795,no
400.perlbench-41B,l1d_prefetcher-berti_l1i_prefetcher-entangling_l2c_replacement-PACIPV,0.004421372357,0.006361106464,48.074832957630,no
400.perlbench-41B,l1d_prefetcher-berti_l1i_prefetcher-entangling_l2c_replacement-mockingjay,0.004412601246,0.006285756125,48.073980222798,no
400.perlbench-41B,l1d_prefetcher-gaze_l1i_prefetcher-barca_l2c_replacement-PACIPV,0.037245223298,0.279760593336,48.143623784586,no
400.perlbench-41B,l1d_prefetcher-gaze_l1i_prefetcher-barca_l2c_replacement-mockingjay,0.037234135001,0.279599373811,48.143888156371,no
400.perlbench-41B,l1d_prefetcher-gaze_l1i_prefetcher-entangling_l2c_replacement-PACIPV,0.037146891778,0.279028925827,48.185820777473,no
400.perlbench-41B,l1d_prefetcher-gaze_l1i_prefetcher-entangling_l2c_replacement-mockingjay,0.037145078106,0.279052696212,48.185944034216,yes
401.bzip2-226B,l1d_prefetcher-berti_l1i_prefetcher-barca_l2c_replacement-PACIPV,0.028501108192,0.012474355240,193.347020976444,no
401.bzip2-226B,l1d_prefetcher-berti_l1i_prefetcher-barca_l2c_replacement-mockingjay,0.028501108192,0.012474355240,193.347020976444,no
401.bzip2-226B,l1d_prefetcher-berti_l1i_prefetcher-entangling_l2c_replacement-PACIPV,0.028501108192,0.012474355240,193.347020976444,no
401.bzip2-226B,l1d_prefetcher-berti_l1i_prefetcher-entangling_l2c_replacement-mockingjay,0.028501108192,0.012474355240,193.347020976444,no
401.bzip2-226B,l1d_prefetcher-gaze_l1i_prefetcher-barca_l2c_replacement-PACIPV,0.088126617485,0.559966785243,195.834081981755,no
401.bzip2-226B,l1d_prefetcher-gaze_l1i_prefetcher-barca_l2c_replacement-mockingjay,0.088126617485,0.559966785243,195.834081981755,no
401.bzip2-226B,l1d_prefetcher-gaze_l1i_prefetcher-entangling_l2c_replacement-PACIPV,0.088126617485,0.559966785243,195.834081981755,no
401.bzip2-226B,l1d_prefetcher-gaze_l1i_prefetcher-entangling_l2c_replacement-mockingjay,0.088126617485,0.559966785243,195.834081981755,yes
403.gcc-16B,l1d_prefetcher-berti_l1i_prefetcher-barca_l2c_replacement-PACIPV,0.000000000000,0.000000000000,74.313869728699,no
403.gcc-16B,l1d_prefetcher-berti_l1i_prefetcher-barca_l2c_replacement-mockingjay,0.000000000000,0.000000000000,74.310883069688,no
403.gcc-16B,l1d_prefetcher-berti_l1i_prefetcher-entangling_l2c_replacement-PACIPV,0.000000000000,0.000000000000,74.313825592404,no
403.gcc-16B,l1d_prefetcher-berti_l1i_prefetcher-entangling_l2c_replacement-mockingjay,0.000000000000,0.000000000000,74.310688521616,no
403.gcc-16B,l1d_prefetcher-gaze_l1i_prefetcher-barca_l2c_replacement-PACIPV,0.000079604150,0.109586292160,74.345026224401,no
403.gcc-16B,l1d_prefetcher-gaze_l1i_prefetcher-barca_l2c_replacement-mockingjay,0.000079603936,0.109586292160,74.339560296299,no
403.gcc-16B,l1d_prefetcher-gaze_l1i_prefetcher-entangling_l2c_replacement-PACIPV,0.000079603973,0.109586292160,74.345444451500,yes
403.gcc-16B,l1d_prefetcher-gaze_l1i_prefetcher-entangling_l2c_replacement-mockingjay,0.000079603929,0.109586292160,74.341659032979,no
410.bwaves-1963B,l1d_prefetcher-berti_l1i_prefetcher-barca_l2c_replacement-PACIPV,0.446232127369,0.125038569902,179.667966821269,no
410.bwaves-1963B,l1d_prefetcher-berti_l1i_prefetcher-barca_l2c_replacement-mockingjay,0.446474658654,0.125033999100,179.538672743038,no
410.bwaves-1963B,l1d_prefetcher-berti_l1i_prefetcher-entangling_l2c_replacement-PACIPV,0.446232127369,0.125038569902,179.667966821269,yes
410.bwaves-1963B,l1d_prefetcher-berti_l1i_prefetcher-entangling_l2c_replacement-mockingjay,0.446474658654,0.125033999100,179.538672743038,no
410.bwaves-1963B,l1d_prefetcher-gaze_l1i_prefetcher-barca_l2c_replacement-PACIPV,0.282927768887,0.656629362507,138.201744535772,no
410.bwaves-1963B,l1d_prefetcher-gaze_l1i_prefetcher-barca_l2c_replacement-mockingjay,0.282930899408,0.656724807401,138.130720342685,no
410.bwaves-1963B,l1d_prefetcher-gaze_l1i_prefetcher-entangling_l2c_replacement-PACIPV,0.282927768887,0.656629362507,138.201744535772,no
410.bwaves-1963B,l1d_prefetcher-gaze_l1i_prefetcher-entangling_l2c_replacement-mockingjay,0.282930899408,0.656724807401,138.130720342685,no
416.gamess-875B,l1d_prefetcher-berti_l1i_prefetcher-barca_l2c_replacement-PACIPV,0.000114754098,0.000739436620,96.956789274015,no
416.gamess-875B,l1d_prefetcher-berti_l1i_prefetcher-barca_l2c_replacement-mockingjay,0.000114754098,0.000739436620,96.956789274015,no
416.gamess-875B,l1d_prefetcher-berti_l1i_prefetcher-entangling_l2c_replacement-PACIPV,0.000114754098,0.000747330961,96.981744912087,no
416.gamess-875B,l1d_prefetcher-berti_l1i_prefetcher-entangling_l2c_replacement-mockingjay,0.000114754098,0.000747330961,96.981744912087,yes
416.gamess-875B,l1d_prefetcher-gaze_l1i_prefetcher-barca_l2c_replacement-PACIPV,0.009000856744,0.054910456744,96.784726541760,no
416.gamess-875B,l1d_prefetcher-gaze_l1i_prefetcher-barca_l2c_replacement-mockingjay,0.009000856744,0.054910456744,96.784726541760,no
416.gamess-875B,l1d_prefetcher-gaze_l1i_prefetcher-entangling_l2c_replacement-PACIPV,0.009006080022,0.054659020994,96.797508397384,no
416.gamess-875B,l1d_prefetcher-gaze_l1i_prefetcher-entangling_l2c_replacement-mockingjay,0.009006080022,0.054659020994,96.797508397384,no
429.mcf-184B,l1d_prefetcher-berti_l1i_prefetcher-barca_l2c_replacement-PACIPV,0.000000000000,0.000000000000,5.694427926014,no
429.mcf-184B,l1d_prefetcher-berti_l1i_prefetcher-barca_l2c_replacement-mockingjay,0.000000000000,0.000000000000,5.689884861157,no
429.mcf-184B,l1d_prefetcher-berti_l1i_prefetcher-entangling_l2c_replacement-PACIPV,0.000000000000,0.000000000000,5.694427926014,yes
429.mcf-184B,l1d_prefetcher-berti_l1i_prefetcher-entangling_l2c_replacement-mockingjay,0.000000000000,0.000000000000,5.689884861157,no
429.mcf-184B,l1d_prefetcher-gaze_l1i_prefetcher-barca_l2c_replacement-PACIPV,0.001178759720,0.084869347982,5.692649365698,no
429.mcf-184B,l1d_prefetcher-gaze_l1i_prefetcher-barca_l2c_replacement-mockingjay,0.001179047933,0.085388327141,5.688214719106,no
429.mcf-184B,l1d_prefetcher-gaze_l1i_prefetcher-entangling_l2c_replacement-PACIPV,0.001178759720,0.084869347982,5.692649365698,no
429.mcf-184B,l1d_prefetcher-gaze_l1i_prefetcher-entangling_l2c_replacement-mockingjay,0.001179047933,0.085388327141,5.688214719106,no
433.milc-127B,l1d_prefetcher-berti_l1i_prefetcher-barca_l2c_replacement-PACIPV,0.042886366215,0.057457562531,35.144102475041,no
433.milc-127B,l1d_prefetcher-berti_l1i_prefetcher-barca_l2c_replacement-mockingjay,0.043136750419,0.058040375182,35.144227350552,no
433.milc-127B,l1d_prefetcher-berti_l1i_prefetcher-entangling_l2c_replacement-PACIPV,0.042886366215,0.057457562531,35.144102475041,no
433.milc-127B,l1d_prefetcher-berti_l1i_prefetcher-entangling_l2c_replacement-mockingjay,0.043136750419,0.058040375182,35.144227350552,no
433.milc-127B,l1d_prefetcher-gaze_l1i_prefetcher-barca_l2c_replacement-PACIPV,0.113870624728,0.708575407290,35.222416333469,no
433.milc-127B,l1d_prefetcher-gaze_l1i_prefetcher-barca_l2c_replacement-mockingjay,0.113864120606,0.708594203098,35.219463560944,no
433.milc-127B,l1d_prefetcher-gaze_l1i_prefetcher-entangling_l2c_replacement-PACIPV,0.113870624728,0.708575407290,35.222416333469,yes
433.milc-127B,l1d_prefetcher-gaze_l1i_prefetcher-entangling_l2c_replacement-mockingjay,0.113864120606,0.708594203098,35.219463560944,no
434.zeusmp-10B,l1d_prefetcher-berti_l1i_prefetcher-barca_l2c_replacement-PACIPV,0.043597721252,0.019658068856,90.744427114703,no
434.zeusmp-10B,l1d_prefetcher-berti_l1i_prefetcher-barca_l2c_replacement-mockingjay,0.043602265770,0.019658207218,90.744005428655,no
434.zeusmp-10B,l1d_prefetcher-berti_l1i_prefetcher-entangling_l2c_replacement-PACIPV,0.043597721252,0.019658068856,90.744427114703,yes
434.zeusmp-10B,l1d_prefetcher-berti_l1i_prefetcher-entangling_l2c_replacement-mockingjay,0.043602265770,0.019658207218,90.744005428655,no
434.zeusmp-10B,l1d_prefetcher-gaze_l1i_prefetcher-barca_l2c_replacement-PACIPV,0.055771095163,0.527788852263,88.924935665835,no
434.zeusmp-10B,l1d_prefetcher-gaze_l1i_prefetcher-barca_l2c_replacement-mockingjay,0.055770079996,0.527745098971,88.924607762901,no
434.zeusmp-10B,l1d_prefetcher-gaze_l1i_prefetcher-entangling_l2c_replacement-PACIPV,0.055771095163,0.527788852263,88.924935665835,no
434.zeusmp-10B,l1d_prefetcher-gaze_l1i_prefetcher-entangling_l2c_replacement-mockingjay,0.055770079996,0.527745098971,88.924607762901,no
435.gromacs-111B,l1d_prefetcher-berti_l1i_prefetcher-barca_l2c_replacement-PACIPV,0.005426204205,0.018170815644,64.393741864292,no
435.gromacs-111B,l1d_prefetcher-berti_l1i_prefetcher-barca_l2c_replacement-mockingjay,0.005427321093,0.018171361645,64.394665038308,yes
435.gromacs-111B,l1d_prefetcher-berti_l1i_prefetcher-entangling_l2c_replacement-PACIPV,0.005421297648,0.018158035038,64.386658096955,no
435.gromacs-111B,l1d_prefetcher-berti_l1i_prefetcher-entangling_l2c_replacement-mockingjay,0.005421293442,0.018158035038,64.386638628856,no
435.gromacs-111B,l1d_prefetcher-gaze_l1i_prefetcher-barca_l2c_replacement-PACIPV,0.012208632707,0.300392712244,63.641666448851,no
435.gromacs-111B,l1d_prefetcher-gaze_l1i_prefetcher-barca_l2c_replacement-mockingjay,0.012208632707,0.300392712244,63.641638422988,no
435.gromacs-111B,l1d_prefetcher-gaze_l1i_prefetcher-entangling_l2c_replacement-PACIPV,0.012210471900,0.300326947214,63.643629951777,no
435.gromacs-111B,l1d_prefetcher-gaze_l1i_prefetcher-entangling_l2c_replacement-mockingjay,0.012210471900,0.300326947214,63.643585249449,no
436.cactusADM-1804B,l1d_prefetcher-berti_l1i_prefetcher-barca_l2c_replacement-PACIPV,0.006632875376,0.003518568593,122.953826083615,no
436.cactusADM-1804B,l1d_prefetcher-berti_l1i_prefetcher-barca_l2c_replacement-mockingjay,0.006637557496,0.003516839900,122.945727065436,no
436.cactusADM-1804B,l1d_prefetcher-berti_l1i_prefetcher-entangling_l2c_replacement-PACIPV,0.006632875376,0.003518568593,122.953826083615,yes
436.cactusADM-1804B,l1d_prefetcher-berti_l1i_prefetcher-entangling_l2c_replacement-mockingjay,0.006637557496,0.003516839900,122.945727065436,no
436.cactusADM-1804B,l1d_prefetcher-gaze_l1i_prefetcher-barca_l2c_replacement-PACIPV,0.045540897690,0.326647383644,122.285436915001,no
436.cactusADM-1804B,l1d_prefetcher-gaze_l1i_prefetcher-barca_l2c_replacement-mockingjay,0.045597051738,0.326524112852,122.300565398451,no
436.cactusADM-1804B,l1d_prefetcher-gaze_l1i_prefetcher-entangling_l2c_replacement-PACIPV,0.045540897690,0.326647383644,122.285436915001,no
436.cactusADM-1804B,l1d_prefetcher-gaze_l1i_prefetcher-entangling_l2c_replacement-mockingjay,0.045597051738,0.326524112852,122.300565398451,no
437.leslie3d-134B,l1d_prefetcher-berti_l1i_prefetcher-barca_l2c_replacement-PACIPV,0.055397923672,0.036996537024,116.207795951299,no
437.leslie3d-134B,l1d_prefetcher-berti_l1i_prefetcher-barca_l2c_replacement-mockingjay,0.055401419969,0.036996576213,116.214915446474,no
437.leslie3d-134B,l1d_prefetcher-berti_l1i_prefetcher-entangling_l2c_replacement-PACIPV,0.055397923672,0.036996537024,116.207795951299,no
437.leslie3d-134B,l1d_prefetcher-berti_l1i_prefetcher-entangling_l2c_replacement-mockingjay,0.055401419969,0.036996576213,116.214915446474,yes
437.leslie3d-134B,l1d_prefetcher-gaze_l1i_prefetcher-barca_l2c_replacement-PACIPV,0.143125078195,0.501068990695,115.926483995665,no
437.leslie3d-134B,l1d_prefetcher-gaze_l1i_prefetcher-barca_l2c_replacement-mockingjay,0.143164848190,0.501078813818,115.949465182066,no
437.leslie3d-134B,l1d_prefetcher-gaze_l1i_prefetcher-entangling_l2c_replacement-PACIPV,0.143125078195,0.501068990695,115.926483995665,no
437.leslie3d-134B,l1d_prefetcher-gaze_l1i_prefetcher-entangling_l2c_replacement-mockingjay,0.143164848190,0.501078813818,115.949465182066,no
444.namd-120B,l1d_prefetcher-berti_l1i_prefetcher-barca_l2c_replacement-PACIPV,0.043945950541,0.023614930803,167.004543390599,no
444.namd-120B,l1d_prefetcher-berti_l1i_prefetcher-barca_l2c_replacement-mockingjay,0.043945950541,0.023614930803,167.004543390599,no
444.namd-120B,l1d_prefetcher-berti_l1i_prefetcher-entangling_l2c_replacement-PACIPV,0.043945950541,0.023614930803,167.004543390599,no
444.namd-120B,l1d_prefetcher-berti_l1i_prefetcher-entangling_l2c_replacement-mockingjay,0.043945950541,0.023614930803,167.004543390599,no
444.namd-120B,l1d_prefetcher-gaze_l1i_prefetcher-barca_l2c_replacement-PACIPV,0.139253179843,0.589817213748,168.802830476447,no
444.namd-120B,l1d_prefetcher-gaze_l1i_prefetcher-barca_l2c_replacement-mockingjay,0.139253179843,0.589817213748,168.802830476447,no
444.namd-120B,l1d_prefetcher-gaze_l1i_prefetcher-entangling_l2c_replacement-PACIPV,0.139253179843,0.589817213748,168.802830476447,no
444.namd-120B,l1d_prefetcher-gaze_l1i_prefetcher-entangling_l2c_replacement-mockingjay,0.139253179843,0.589817213748,168.802830476447,yes
445.gobmk-17B,l1d_prefetcher-berti_l1i_prefetcher-barca_l2c_replacement-PACIPV,0.002028857504,0.005859435915,62.390974022810,no
445.gobmk-17B,l1d_prefetcher-berti_l1i_prefetcher-barca_l2c_replacement-mockingjay,0.002032704271,0.005860654161,62.390046139581,no
445.gobmk-17B,l1d_prefetcher-berti_l1i_prefetcher-entangling_l2c_replacement-PACIPV,0.002022417227,0.005805855736,62.448465545742,no
445.gobmk-17B,l1d_prefetcher-berti_l1i_prefetcher-entangling_l2c_replacement-mockingjay,0.002069160814,0.005858385304,62.445503069662,no
445.gobmk-17B,l1d_prefetcher-gaze_l1i_prefetcher-barca_l2c_replacement-PACIPV,0.020841502429,0.344819446922,62.577484807789,no
445.gobmk-17B,l1d_prefetcher-gaze_l1i_prefetcher-barca_l2c_replacement-mockingjay,0.020841993696,0.344819446922,62.578159219135,no
445.gobmk-17B,l1d_prefetcher-gaze_l1i_prefetcher-entangling_l2c_replacement-PACIPV,0.020977098140,0.346019395265,62.579764019278,no
445.gobmk-17B,l1d_prefetcher-gaze_l1i_prefetcher-entangling_l2c_replacement-mockingjay,0.020977241782,0.346019395265,62.579808170640,yes
447.dealII-3B,l1d_prefetcher-berti_l1i_prefetcher-barca_l2c_replacement-PACIPV,0.046979690067,0.007601817315,124.736626037084,no
447.dealII-3B,l1d_prefetcher-berti_l1i_prefetcher-barca_l2c_replacement-mockingjay,0.046979690067,0.007601817315,124.736626037084,no
447.dealII-3B,l1d_prefetcher-berti_l1i_prefetcher-entangling_l2c_replacement-PACIPV,0.047132492597,0.007605825119,124.734927912950,no
447.dealII-3B,l1d_prefetcher-berti_l1i_prefetcher-entangling_l2c_replacement-mockingjay,0.047132492597,0.007605825119,124.734927912950,no
447.dealII-3B,l1d_prefetcher-gaze_l1i_prefetcher-barca_l2c_replacement-PACIPV,0.523831985593,0.666586449710,125.853004782166,no
447.dealII-3B,l1d_prefetcher-gaze_l1i_prefetcher-barca_l2c_replacement-mockingjay,0.523831985593,0.666586449710,125.853004782166,no
447.dealII-3B,l1d_prefetcher-gaze_l1i_prefetcher-entangling_l2c_replacement-PACIPV,0.523827889968,0.666586449710,125.853008359161,no
447.dealII-3B,l1d_prefetcher-gaze_l1i_prefetcher-entangling_l2c_replacement-mockingjay,0.523827889968,0.666586449710,125.853008359161,yes
450.soplex-247B,l1d_prefetcher-berti_l1i_prefetcher-barca_l2c_replacement-PACIPV,0.088118250374,0.058941954900,65.630556841158,no
450.soplex-247B,l1d_prefetcher-berti_l1i_prefetcher-barca_l2c_replacement-mockingjay,0.087989637190,0.058914030861,65.606988887556,no
450.soplex-247B,l1d_prefetcher-berti_l1i_prefetcher-entangling_l2c_replacement-PACIPV,0.088122237295,0.059020580826,65.632342284345,yes
450.soplex-247B,l1d_prefetcher-berti_l1i_prefetcher-entangling_l2c_replacement-mockingjay,0.087968615212,0.058710432746,65.609051576591,no
450.soplex-247B,l1d_prefetcher-gaze_l1i_prefetcher-barca_l2c_replacement-PACIPV,0.161080570237,0.562583150607,63.857833471562,no
450.soplex-247B,l1d_prefetcher-gaze_l1i_prefetcher-barca_l2c_replacement-mockingjay,0.160973125353,0.562560012529,63.854246088593,no
450.soplex-247B,l1d_prefetcher-gaze_l1i_prefetcher-entangling_l2c_replacement-PACIPV,0.161087325047,0.562785633699,63.857809595857,no
450.soplex-247B,l1d_prefetcher-gaze_l1i_prefetcher-entangling_l2c_replacement-mockingjay,0.160981765365,0.562815714984,63.854471662483,no
453.povray-252B,l1d_prefetcher-berti_l1i_prefetcher-barca_l2c_replacement-PACIPV,0.000278374862,0.006580760806,55.047706566398,no
453.povray-252B,l1d_prefetcher-berti_l1i_prefetcher-barca_l2c_replacement-mockingjay,0.000278374862,0.006580760806,55.047484129415,no
453.povray-252B,l1d_prefetcher-berti_l1i_prefetcher-entangling_l2c_replacement-PACIPV,0.000259725293,0.005671669896,55.053855605792,no
453.povray-252B,l1d_prefetcher-berti_l1i_prefetcher-entangling_l2c_replacement-mockingjay,0.000259725293,0.005671669896,55.053873610034,no
453.povray-252B,l1d_prefetcher-gaze_l1i_prefetcher-barca_l2c_replacement-PACIPV,0.042054506925,0.149058897214,55.385104695990,no
453.povray-252B,l1d_prefetcher-gaze_l1i_prefetcher-barca_l2c_replacement-mockingjay,0.042061735739,0.149086798010,55.385773008864,yes
453.povray-252B,l1d_prefetcher-gaze_l1i_prefetcher-entangling_l2c_replacement-PACIPV,0.041996404388,0.148523916008,55.364913630603,no
453.povray-252B,l1d_prefetcher-gaze_l1i_prefetcher-entangling_l2c_replacement-mockingjay,0.041995773778,0.148523916008,55.364978667741,no
454.calculix-104B,l1d_prefetcher-berti_l1i_prefetcher-barca_l2c_replacement-PACIPV,0.003299585581,0.004627526357,284.632339199876,no
454.calculix-104B,l1d_prefetcher-berti_l1i_prefetcher-barca_l2c_replacement-mockingjay,0.003299585581,0.004627526357,284.632339199876,no
454.calculix-104B,l1d_prefetcher-berti_l1i_prefetcher-entangling_l2c_replacement-PACIPV,0.003299585581,0.004627526357,284.632339199876,no
454.calculix-104B,l1d_prefetcher-berti_l1i_prefetcher-entangling_l2c_replacement-mockingjay,0.003299585581,0.004627526357,284.632339199876,yes
454.calculix-104B,l1d_prefetcher-gaze_l1i_prefetcher-barca_l2c_replacement-PACIPV,0.038384494892,0.495925195519,284.468509112437,no
454.calculix-104B,l1d_prefetcher-gaze_l1i_prefetcher-barca_l2c_replacement-mockingjay,0.038384494892,0.495925195519,284.468509112437,no
454.calculix-104B,l1d_prefetcher-gaze_l1i_prefetcher-entangling_l2c_replacement-PACIPV,0.038384494892,0.495925195519,284.468509112437,no
454.calculix-104B,l1d_prefetcher-gaze_l1i_prefetcher-entangling_l2c_replacement-mockingjay,0.038384494892,0.495925195519,284.468509112437,no
456.hmmer-191B,l1d_prefetcher-berti_l1i_prefetcher-barca_l2c_replacement-PACIPV,0.023656590851,0.014517099695,175.822077057010,no
456.hmmer-191B,l1d_prefetcher-berti_l1i_prefetcher-barca_l2c_replacement-mockingjay,0.023656590851,0.014517099695,175.822077057010,no
456.hmmer-191B,l1d_prefetcher-berti_l1i_prefetcher-entangling_l2c_replacement-PACIPV,0.023656590851,0.014517099695,175.822077057010,no
456.hmmer-191B,l1d_prefetcher-berti_l1i_prefetcher-entangling_l2c_replacement-mockingjay,0.023656590851,0.014517099695,175.822077057010,yes
456.hmmer-191B,l1d_prefetcher-gaze_l1i_prefetcher-barca_l2c_replacement-PACIPV,0.028808648310,0.284875277121,172.433585599407,no
456.hmmer-191B,l1d_prefetcher-gaze_l1i_prefetcher-barca_l2c_replacement-mockingjay,0.028808648310,0.284875277121,172.433585599407,no
456.hmmer-191B,l1d_prefetcher-gaze_l1i_prefetcher-entangling_l2c_replacement-PACIPV,0.028808648310,0.284875277121,172.433585599407,no
456.hmmer-191B,l1d_prefetcher-gaze_l1i_prefetcher-entangling_l2c_replacement-mockingjay,0.028808648310,0.284875277121,172.433585599407,no
458.sjeng-1088B,l1d_prefetcher-berti_l1i_prefetcher-barca_l2c_replacement-PACIPV,0.000000000000,0.000000000000,74.001533197869,no
458.sjeng-1088B,l1d_prefetcher-berti_l1i_prefetcher-barca_l2c_replacement-mockingjay,0.000000000000,0.000000000000,74.001533197869,yes
458.sjeng-1088B,l1d_prefetcher-berti_l1i_prefetcher-entangling_l2c_replacement-PACIPV,0.000000000000,0.000000000000,73.991743592091,no
458.sjeng-1088B,l1d_prefetcher-berti_l1i_prefetcher-entangling_l2c_replacement-mockingjay,0.000000000000,0.000000000000,73.991743592091,no
458.sjeng-1088B,l1d_prefetcher-gaze_l1i_prefetcher-barca_l2c_replacement-PACIPV,0.004146544768,0.050884007223,73.967846658940,no
458.sjeng-1088B,l1d_prefetcher-gaze_l1i_prefetcher-barca_l2c_replacement-mockingjay,0.004146544768,0.050884007223,73.967846658940,no
458.sjeng-1088B,l1d_prefetcher-gaze_l1i_prefetcher-entangling_l2c_replacement-PACIPV,0.004159451377,0.050410126248,73.953479290459,no
458.sjeng-1088B,l1d_prefetcher-gaze_l1i_prefetcher-entangling_l2c_replacement-mockingjay,0.004159451377,0.050410126248,73.953479290459,no
459.GemsFDTD-1169B,l1d_prefetcher-berti_l1i_prefetcher-barca_l2c_replacement-PACIPV,0.090357282942,0.070025455731,129.842925418284,no
459.GemsFDTD-1169B,l1d_prefetcher-berti_l1i_prefetcher-barca_l2c_replacement-mockingjay,0.090120907472,0.069982426885,129.871828094525,no
459.GemsFDTD-1169B,l1d_prefetcher-berti_l1i_prefetcher-entangling_l2c_replacement-PACIPV,0.090357282942,0.070025455731,129.842925418284,no
459.GemsFDTD-1169B,l1d_prefetcher-berti_l1i_prefetcher-entangling_l2c_replacement-mockingjay,0.090120907472,0.069982426885,129.871828094525,no
459.GemsFDTD-1169B,l1d_prefetcher-gaze_l1i_prefetcher-barca_l2c_replacement-PACIPV,0.178721363790,0.706886660925,131.502576909444,no
459.GemsFDTD-1169B,l1d_prefetcher-gaze_l1i_prefetcher-barca_l2c_replacement-mockingjay,0.178736764464,0.706808450729,131.503715141816,no
459.GemsFDTD-1169B,l1d_prefetcher-gaze_l1i_prefetcher-entangling_l2c_replacement-PACIPV,0.178721363790,0.706886660925,131.502576909444,no
459.GemsFDTD-1169B,l1d_prefetcher-gaze_l1i_prefetcher-entangling_l2c_replacement-mockingjay,0.178736764464,0.706808450729,131.503715141816,yes
462.libquantum-1343B,l1d_prefetcher-berti_l1i_prefetcher-barca_l2c_replacement-PACIPV,0.140810361401,0.116917111771,132.043052137001,no
462.libquantum-1343B,l1d_prefetcher-berti_l1i_prefetcher-barca_l2c_replacement-mockingjay,0.140356777399,0.116792931127,132.183205645501,no
462.libquantum-1343B,l1d_prefetcher-berti_l1i_prefetcher-entangling_l2c_replacement-PACIPV,0.140810361401,0.116917111771,132.043052137001,no
462.libquantum-1343B,l1d_prefetcher-berti_l1i_prefetcher-entangling_l2c_replacement-mockingjay,0.140356777399,0.116792931127,132.183205645501,no
462.libquantum-1343B,l1d_prefetcher-gaze_l1i_prefetcher-barca_l2c_replacement-PACIPV,0.516415182907,0.737233775095,145.254257217651,no
462.libquantum-1343B,l1d_prefetcher-gaze_l1i_prefetcher-barca_l2c_replacement-mockingjay,0.516273005889,0.737226862014,145.198064432230,no
462.libquantum-1343B,l1d_prefetcher-gaze_l1i_prefetcher-entangling_l2c_replacement-PACIPV,0.516415182907,0.737233775095,145.254257217651,yes
462.libquantum-1343B,l1d_prefetcher-gaze_l1i_prefetcher-entangling_l2c_replacement-mockingjay,0.516273005889,0.737226862014,145.198064432230,no
464.h264ref-30B,l1d_prefetcher-berti_l1i_prefetcher-barca_l2c_replacement-PACIPV,0.010083020628,0.027688652360,185.984649815165,no
464.h264ref-30B,l1d_prefetcher-berti_l1i_prefetcher-barca_l2c_replacement-mockingjay,0.010082651490,0.027697734249,185.982349803400,no
464.h264ref-30B,l1d_prefetcher-berti_l1i_prefetcher-entangling_l2c_replacement-PACIPV,0.010083020628,0.027688652360,185.984649815165,no
464.h264ref-30B,l1d_prefetcher-berti_l1i_prefetcher-entangling_l2c_replacement-mockingjay,0.010082651490,0.027697734249,185.982349803400,no
464.h264ref-30B,l1d_prefetcher-gaze_l1i_prefetcher-barca_l2c_replacement-PACIPV,0.031497177263,0.318568481579,186.449519597359,no
464.h264ref-30B,l1d_prefetcher-gaze_l1i_prefetcher-barca_l2c_replacement-mockingjay,0.031497177263,0.318568481579,186.449519597359,no
464.h264ref-30B,l1d_prefetcher-gaze_l1i_prefetcher-entangling_l2c_replacement-PACIPV,0.031497177263,0.318568481579,186.449519597359,no
464.h264ref-30B,l1d_prefetcher-gaze_l1i_prefetcher-entangling_l2c_replacement-mockingjay,0.031497177263,0.318568481579,186.449519597359,yes
465.tonto-1914B,l1d_prefetcher-berti_l1i_prefetcher-barca_l2c_replacement-PACIPV,0.041467727780,0.020219378533,92.530194174416,no
465.tonto-1914B,l1d_prefetcher-berti_l1i_prefetcher-barca_l2c_replacement-mockingjay,0.041493475612,0.020222550460,92.530264579541,yes
465.tonto-1914B,l1d_prefetcher-berti_l1i_prefetcher-entangling_l2c_replacement-PACIPV,0.041438049149,0.020204314222,92.521458422442,no
465.tonto-1914B,l1d_prefetcher-berti_l1i_prefetcher-entangling_l2c_replacement-mockingjay,0.041463511754,0.020207486096,92.519931265154,no
465.tonto-1914B,l1d_prefetcher-gaze_l1i_prefetcher-barca_l2c_replacement-PACIPV,0.071194184821,0.495590432138,92.481530741126,no
465.tonto-1914B,l1d_prefetcher-gaze_l1i_prefetcher-barca_l2c_replacement-mockingjay,0.071194184821,0.495590432138,92.481607945198,no
465.tonto-1914B,l1d_prefetcher-gaze_l1i_prefetcher-entangling_l2c_replacement-PACIPV,0.071147002381,0.495135718277,92.511212617763,no
465.tonto-1914B,l1d_prefetcher-gaze_l1i_prefetcher-entangling_l2c_replacement-mockingjay,0.071147002381,0.495135718277,92.511290052993,no
470.lbm-1274B,l1d_prefetcher-berti_l1i_prefetcher-barca_l2c_replacement-PACIPV,0.024949349482,0.069180483034,129.066632563294,no
470.lbm-1274B,l1d_prefetcher-berti_l1i_prefetcher-barca_l2c_replacement-mockingjay,0.025029697363,0.069353232353,128.834512939383,no
470.lbm-1274B,l1d_prefetcher-berti_l1i_prefetcher-entangling_l2c_replacement-PACIPV,0.024949349482,0.069180483034,129.066632563294,no
470.lbm-1274B,l1d_prefetcher-berti_l1i_prefetcher-entangling_l2c_replacement-mockingjay,0.025029697363,0.069353232353,128.834512939383,no
470.lbm-1274B,l1d_prefetcher-gaze_l1i_prefetcher-barca_l2c_replacement-PACIPV,0.000297472486,0.476488095238,146.784818252642,no
470.lbm-1274B,l1d_prefetcher-gaze_l1i_prefetcher-barca_l2c_replacement-mockingjay,0.000318298602,0.567293650794,146.744923618151,no
470.lbm-1274B,l1d_prefetcher-gaze_l1i_prefetcher-entangling_l2c_replacement-PACIPV,0.000297472486,0.476488095238,146.784818252642,yes
470.lbm-1274B,l1d_prefetcher-gaze_l1i_prefetcher-entangling_l2c_replacement-mockingjay,0.000318298602,0.567293650794,146.744923618151,no
471.omnetpp-188B,l1d_prefetcher-berti_l1i_prefetcher-barca_l2c_replacement-PACIPV,0.001149153250,0.050220872276,18.146135217522,no
471.omnetpp-188B,l1d_prefetcher-berti_l1i_prefetcher-barca_l2c_replacement-mockingjay,0.001151985101,0.047696826497,18.145289984765,no
471.omnetpp-188B,l1d_prefetcher-berti_l1i_prefetcher-entangling_l2c_replacement-PACIPV,0.001144425757,0.044680702235,18.140379807133,no
471.omnetpp-188B,l1d_prefetcher-berti_l1i_prefetcher-entangling_l2c_replacement-mockingjay,0.001144653641,0.042114623333,18.141120979044,no
471.omnetpp-188B,l1d_prefetcher-gaze_l1i_prefetcher-barca_l2c_replacement-PACIPV,0.029222758335,0.238979699459,18.246608949151,no
471.omnetpp-188B,l1d_prefetcher-gaze_l1i_prefetcher-barca_l2c_replacement-mockingjay,0.029201732491,0.238847320515,18.249970812029,yes
471.omnetpp-188B,l1d_prefetcher-gaze_l1i_prefetcher-entangling_l2c_replacement-PACIPV,0.029182349796,0.239491042943,18.239542260583,no
471.omnetpp-188B,l1d_prefetcher-gaze_l1i_prefetcher-entangling_l2c_replacement-mockingjay,0.029178571379,0.239165081843,18.238125853060,no
473.astar-153B,l1d_prefetcher-berti_l1i_prefetcher-barca_l2c_replacement-PACIPV,0.039371462861,0.023942939766,64.311269897633,no
473.astar-153B,l1d_prefetcher-berti_l1i_prefetcher-barca_l2c_replacement-mockingjay,0.039383407632,0.023948860751,64.310838415848,no
473.astar-153B,l1d_prefetcher-berti_l1i_prefetcher-entangling_l2c_replacement-PACIPV,0.039371462861,0.023942939766,64.311269897633,yes
473.astar-153B,l1d_prefetcher-berti_l1i_prefetcher-entangling_l2c_replacement-mockingjay,0.039383407632,0.023948860751,64.310838415848,no
473.astar-153B,l1d_prefetcher-gaze_l1i_prefetcher-barca_l2c_replacement-PACIPV,0.062939010216,0.533204382096,63.575261748041,no
473.astar-153B,l1d_prefetcher-gaze_l1i_prefetcher-barca_l2c_replacement-mockingjay,0.062928339890,0.533166757169,63.575290318682,no
473.astar-153B,l1d_prefetcher-gaze_l1i_prefetcher-entangling_l2c_replacement-PACIPV,0.062939010216,0.533204382096,63.575261748041,no
473.astar-153B,l1d_prefetcher-gaze_l1i_prefetcher-entangling_l2c_replacement-mockingjay,0.062928339890,0.533166757169,63.575290318682,no
481.wrf-1170B,l1d_prefetcher-berti_l1i_prefetcher-barca_l2c_replacement-PACIPV,0.003861760751,0.007935364358,95.269461049072,no
481.wrf-1170B,l1d_prefetcher-berti_l1i_prefetcher-barca_l2c_replacement-mockingjay,0.003861627885,0.007935364358,95.269461049072,yes
481.wrf-1170B,l1d_prefetcher-berti_l1i_prefetcher-entangling_l2c_replacement-PACIPV,0.003854736154,0.007905244046,95.261876190155,no
481.wrf-1170B,l1d_prefetcher-berti_l1i_prefetcher-entangling_l2c_replacement-mockingjay,0.003854703012,0.007905244046,95.261876190155,no
481.wrf-1170B,l1d_prefetcher-gaze_l1i_prefetcher-barca_l2c_replacement-PACIPV,0.070328521419,0.203070698032,94.910406478062,no
481.wrf-1170B,l1d_prefetcher-gaze_l1i_prefetcher-barca_l2c_replacement-mockingjay,0.070328521419,0.203070698032,94.910406478062,no
481.wrf-1170B,l1d_prefetcher-gaze_l1i_prefetcher-entangling_l2c_replacement-PACIPV,0.070041730527,0.202466487592,94.891943433001,no
481.wrf-1170B,l1d_prefetcher-gaze_l1i_prefetcher-entangling_l2c_replacement-mockingjay,0.070041730527,0.202466487592,94.891943433001,no
482.sphinx3-1100B,l1d_prefetcher-berti_l1i_prefetcher-barca_l2c_replacement-PACIPV,0.173101265801,0.057827577908,115.606053364101,no
482.sphinx3-1100B,l1d_prefetcher-berti_l1i_prefetcher-barca_l2c_replacement-mockingjay,0.173056226891,0.057832501681,115.595786381749,no
482.sphinx3-1100B,l1d_prefetcher-berti_l1i_prefetcher-entangling_l2c_replacement-PACIPV,0.173101265801,0.057827577908,115.606053364101,yes
482.sphinx3-1100B,l1d_prefetcher-berti_l1i_prefetcher-entangling_l2c_replacement-mockingjay,0.173056226891,0.057832501681,115.595786381749,no
482.sphinx3-1100B,l1d_prefetcher-gaze_l1i_prefetcher-barca_l2c_replacement-PACIPV,0.311327091189,0.650057573183,113.693601424278,no
482.sphinx3-1100B,l1d_prefetcher-gaze_l1i_prefetcher-barca_l2c_replacement-mockingjay,0.311332499604,0.650056358629,113.691246750433,no
482.sphinx3-1100B,l1d_prefetcher-gaze_l1i_prefetcher-entangling_l2c_replacement-PACIPV,0.311327091189,0.650057573183,113.693601424278,no
482.sphinx3-1100B,l1d_prefetcher-gaze_l1i_prefetcher-entangling_l2c_replacement-mockingjay,0.311332499604,0.650056358629,113.691246750433,no
483.xalancbmk-127B,l1d_prefetcher-berti_l1i_prefetcher-barca_l2c_replacement-PACIPV,0.007403521352,0.109016763889,20.171686526865,no
483.xalancbmk-127B,l1d_prefetcher-berti_l1i_prefetcher-barca_l2c_replacement-mockingjay,0.007414547253,0.109044373124,20.169066400774,no
483.xalancbmk-127B,l1d_prefetcher-berti_l1i_prefetcher-entangling_l2c_replacement-PACIPV,0.007390360308,0.108556026355,20.176579541661,no
483.xalancbmk-127B,l1d_prefetcher-berti_l1i_prefetcher-entangling_l2c_replacement-mockingjay,0.007399489364,0.108594956570,20.176257555473,no
483.xalancbmk-127B,l1d_prefetcher-gaze_l1i_prefetcher-barca_l2c_replacement-PACIPV,0.046328440814,0.373249358607,21.035479958550,no
483.xalancbmk-127B,l1d_prefetcher-gaze_l1i_prefetcher-barca_l2c_replacement-mockingjay,0.046308074250,0.373361827263,21.034259913045,no
483.xalancbmk-127B,l1d_prefetcher-gaze_l1i_prefetcher-entangling_l2c_replacement-PACIPV,0.046266035842,0.373140327380,21.040720911522,yes
483.xalancbmk-127B,l1d_prefetcher-gaze_l1i_prefetcher-entangling_l2c_replacement-mockingjay,0.046289517167,0.373122321263,21.039978140271,no
600.perlbench_s-1273B,l1d_prefetcher-berti_l1i_prefetcher-barca_l2c_replacement-PACIPV,0.003887476112,0.003241394493,179.095049075382,no
600.perlbench_s-1273B,l1d_prefetcher-berti_l1i_prefetcher-barca_l2c_replacement-mockingjay,0.003887476112,0.003241394493,179.095049075382,no
600.perlbench_s-1273B,l1d_prefetcher-berti_l1i_prefetcher-entangling_l2c_replacement-PACIPV,0.003887948259,0.003240793810,179.095748601719,no
600.perlbench_s-1273B,l1d_prefetcher-berti_l1i_prefetcher-entangling_l2c_replacement-mockingjay,0.003887948259,0.003240793810,179.095748601719,yes
600.perlbench_s-1273B,l1d_prefetcher-gaze_l1i_prefetcher-barca_l2c_replacement-PACIPV,0.050508222183,0.287610762222,179.048503439431,no
600.perlbench_s-1273B,l1d_prefetcher-gaze_l1i_prefetcher-barca_l2c_replacement-mockingjay,0.050508222183,0.287610762222,179.048503439431,no
600.perlbench_s-1273B,l1d_prefetcher-gaze_l1i_prefetcher-entangling_l2c_replacement-PACIPV,0.050510037430,0.287610762222,179.048864727701,no
600.perlbench_s-1273B,l1d_prefetcher-gaze_l1i_prefetcher-entangling_l2c_replacement-mockingjay,0.050510037430,0.287610762222,179.048864727701,no
602.gcc_s-1850B,l1d_prefetcher-berti_l1i_prefetcher-barca_l2c_replacement-PACIPV,0.110752250547,0.065125543525,86.083212992784,no
602.gcc_s-1850B,l1d_prefetcher-berti_l1i_prefetcher-barca_l2c_replacement-mockingjay,0.110642093008,0.065085194731,86.111271017136,no
602.gcc_s-1850B,l1d_prefetcher-berti_l1i_prefetcher-entangling_l2c_replacement-PACIPV,0.110752250547,0.065125543525,86.083212992784,no
602.gcc_s-1850B,l1d_prefetcher-berti_l1i_prefetcher-entangling_l2c_replacement-mockingjay,0.110642093008,0.065085194731,86.111271017136,no
602.gcc_s-1850B,l1d_prefetcher-gaze_l1i_prefetcher-barca_l2c_replacement-PACIPV,0.484145287734,0.727673917290,92.806987127087,no
602.gcc_s-1850B,l1d_prefetcher-gaze_l1i_prefetcher-barca_l2c_replacement-mockingjay,0.484117035504,0.727675855276,92.809362922404,no
602.gcc_s-1850B,l1d_prefetcher-gaze_l1i_prefetcher-entangling_l2c_replacement-PACIPV,0.484145287734,0.727673917290,92.806987127087,no
602.gcc_s-1850B,l1d_prefetcher-gaze_l1i_prefetcher-entangling_l2c_replacement-mockingjay,0.484117035504,0.727675855276,92.809362922404,yes
603.bwaves_s-1080B,l1d_prefetcher-berti_l1i_prefetcher-barca_l2c_replacement-PACIPV,0.001752296109,0.043270987814,189.843960836080,no
603.bwaves_s-1080B,l1d_prefetcher-berti_l1i_prefetcher-barca_l2c_replacement-mockingjay,0.001752296109,0.043270987814,189.843960836080,no
603.bwaves_s-1080B,l1d_prefetcher-berti_l1i_prefetcher-entangling_l2c_replacement-PACIPV,0.001752296109,0.043270987814,189.838136258778,no
603.bwaves_s-1080B,l1d_prefetcher-berti_l1i_prefetcher-entangling_l2c_replacement-mockingjay,0.001752296109,0.043270987814,189.838136258778,no
603.bwaves_s-1080B,l1d_prefetcher-gaze_l1i_prefetcher-barca_l2c_replacement-PACIPV,0.030137509284,0.560557736450,192.159536813493,no
603.bwaves_s-1080B,l1d_prefetcher-gaze_l1i_prefetcher-barca_l2c_replacement-mockingjay,0.030137509284,0.560557736450,192.159536813493,yes
603.bwaves_s-1080B,l1d_prefetcher-gaze_l1i_prefetcher-entangling_l2c_replacement-PACIPV,0.030134875273,0.560557736450,192.152887757995,no
603.bwaves_s-1080B,l1d_prefetcher-gaze_l1i_prefetcher-entangling_l2c_replacement-mockingjay,0.030134875273,0.560557736450,192.152887757995,no
605.mcf_s-1152B,l1d_prefetcher-berti_l1i_prefetcher-barca_l2c_replacement-PACIPV,0.113420624474,0.066513227427,14.610483307668,yes
605.mcf_s-1152B,l1d_prefetcher-berti_l1i_prefetcher-barca_l2c_replacement-mockingjay,0.112716351147,0.066564298728,14.606944220855,no
605.mcf_s-1152B,l1d_prefetcher-berti_l1i_prefetcher-entangling_l2c_replacement-PACIPV,0.113420496357,0.066513161271,14.610482893409,no
605.mcf_s-1152B,l1d_prefetcher-berti_l1i_prefetcher-entangling_l2c_replacement-mockingjay,0.112716235118,0.066564174252,14.606944311865,no
605.mcf_s-1152B,l1d_prefetcher-gaze_l1i_prefetcher-barca_l2c_replacement-PACIPV,0.107817554760,0.691241981987,14.555995488541,no
605.mcf_s-1152B,l1d_prefetcher-gaze_l1i_prefetcher-barca_l2c_replacement-mockingjay,0.107590537359,0.691299246322,14.550686755550,no
605.mcf_s-1152B,l1d_prefetcher-gaze_l1i_prefetcher-entangling_l2c_replacement-PACIPV,0.107817671599,0.691241981987,14.555994898951,no
605.mcf_s-1152B,l1d_prefetcher-gaze_l1i_prefetcher-entangling_l2c_replacement-mockingjay,0.107590531035,0.691299246322,14.550686386718,no
607.cactuBSSN_s-2421B,l1d_prefetcher-berti_l1i_prefetcher-barca_l2c_replacement-PACIPV,0.000000000000,0.000000000000,104.362170348775,yes
607.cactuBSSN_s-2421B,l1d_prefetcher-berti_l1i_prefetcher-barca_l2c_replacement-mockingjay,0.000000000000,0.000000000000,104.354046300006,no
607.cactuBSSN_s-2421B,l1d_prefetcher-berti_l1i_prefetcher-entangling_l2c_replacement-PACIPV,0.000000000000,0.000000000000,104.046127292805,no
607.cactuBSSN_s-2421B,l1d_prefetcher-berti_l1i_prefetcher-entangling_l2c_replacement-mockingjay,0.000000000000,0.000000000000,103.932762960897,no
607.cactuBSSN_s-2421B,l1d_prefetcher-gaze_l1i_prefetcher-barca_l2c_replacement-PACIPV,0.086145142487,0.481443016045,104.125773555971,no
607.cactuBSSN_s-2421B,l1d_prefetcher-gaze_l1i_prefetcher-barca_l2c_replacement-mockingjay,0.086173268342,0.481358432915,104.111313578532,no
607.cactuBSSN_s-2421B,l1d_prefetcher-gaze_l1i_prefetcher-entangling_l2c_replacement-PACIPV,0.085910913428,0.480977961493,103.828476111521,no
607.cactuBSSN_s-2421B,l1d_prefetcher-gaze_l1i_prefetcher-entangling_l2c_replacement-mockingjay,0.085858433246,0.481207619630,103.894209610110,no
619.lbm_s-2676B,l1d_prefetcher-berti_l1i_prefetcher-barca_l2c_replacement-PACIPV,0.016469460411,0.085018593427,88.314856916428,no
619.lbm_s-2676B,l1d_prefetcher-berti_l1i_prefetcher-barca_l2c_replacement-mockingjay,0.016479361740,0.085064367667,88.274076008485,no
619.lbm_s-2676B,l1d_prefetcher-berti_l1i_prefetcher-entangling_l2c_replacement-PACIPV,0.016469460411,0.085018593427,88.314856916428,no
619.lbm_s-2676B,l1d_prefetcher-berti_l1i_prefetcher-entangling_l2c_replacement-mockingjay,0.016479361740,0.085064367667,88.274076008485,no
619.lbm_s-2676B,l1d_prefetcher-gaze_l1i_prefetcher-barca_l2c_replacement-PACIPV,0.000774982322,0.442939636738,100.440726802137,no
619.lbm_s-2676B,l1d_prefetcher-gaze_l1i_prefetcher-barca_l2c_replacement-mockingjay,0.000763299637,0.461061196197,100.330861480143,no
619.lbm_s-2676B,l1d_prefetcher-gaze_l1i_prefetcher-entangling_l2c_replacement-PACIPV,0.000774982322,0.442939636738,100.440726802137,yes
619.lbm_s-2676B,l1d_prefetcher-gaze_l1i_prefetcher-entangling_l2c_replacement-mockingjay,0.000763299637,0.461061196197,100.330861480143,no
620.omnetpp_s-141B,l1d_prefetcher-berti_l1i_prefetcher-barca_l2c_replacement-PACIPV,0.000081232057,0.006207124957,13.588452996645,no
620.omnetpp_s-141B,l1d_prefetcher-berti_l1i_prefetcher-barca_l2c_replacement-mockingjay,0.000079229254,0.006227908163,13.587824884549,no
620.omnetpp_s-141B,l1d_prefetcher-berti_l1i_prefetcher-entangling_l2c_replacement-PACIPV,0.000089229674,0.005986288067,13.589170294023,no
620.omnetpp_s-141B,l1d_prefetcher-berti_l1i_prefetcher-entangling_l2c_replacement-mockingjay,0.000090110224,0.007808639389,13.588969750266,no
620.omnetpp_s-141B,l1d_prefetcher-gaze_l1i_prefetcher-barca_l2c_replacement-PACIPV,0.012777246378,0.143382587704,13.587106927819,no
620.omnetpp_s-141B,l1d_prefetcher-gaze_l1i_prefetcher-barca_l2c_replacement-mockingjay,0.012768926481,0.143201765544,13.586575362425,no
620.omnetpp_s-141B,l1d_prefetcher-gaze_l1i_prefetcher-entangling_l2c_replacement-PACIPV,0.012804536020,0.143315568660,13.591166520065,yes
620.omnetpp_s-141B,l1d_prefetcher-gaze_l1i_prefetcher-entangling_l2c_replacement-mockingjay,0.012762954434,0.142843709488,13.590717711408,no
621.wrf_s-575B,l1d_prefetcher-berti_l1i_prefetcher-barca_l2c_replacement-PACIPV,0.000000000000,0.000000000000,121.550697820442,no
621.wrf_s-575B,l1d_prefetcher-berti_l1i_prefetcher-barca_l2c_replacement-mockingjay,0.000000000000,0.000000000000,121.550697820442,no
621.wrf_s-575B,l1d_prefetcher-berti_l1i_prefetcher-entangling_l2c_replacement-PACIPV,0.000000000000,0.000000000000,121.552146553168,no
621.wrf_s-575B,l1d_prefetcher-berti_l1i_prefetcher-entangling_l2c_replacement-mockingjay,0.000000000000,0.000000000000,121.552146553168,yes
621.wrf_s-575B,l1d_prefetcher-gaze_l1i_prefetcher-barca_l2c_replacement-PACIPV,0.002769510019,0.035586299592,121.487295991607,no
621.wrf_s-575B,l1d_prefetcher-gaze_l1i_prefetcher-barca_l2c_replacement-mockingjay,0.002769510019,0.035586299592,121.487295991607,no
621.wrf_s-575B,l1d_prefetcher-gaze_l1i_prefetcher-entangling_l2c_replacement-PACIPV,0.002769510019,0.035586299592,121.489089058034,no
621.wrf_s-575B,l1d_prefetcher-gaze_l1i_prefetcher-entangling_l2c_replacement-mockingjay,0.002769510019,0.035586299592,121.489089058034,no
623.xalancbmk_s-10B,l1d_prefetcher-berti_l1i_prefetcher-barca_l2c_replacement-PACIPV,0.005383509808,0.093307483780,17.116685852650,no
623.xalancbmk_s-10B,l1d_prefetcher-berti_l1i_prefetcher-barca_l2c_replacement-mockingjay,0.005318067255,0.092898730845,17.116491183066,no
623.xalancbmk_s-10B,l1d_prefetcher-berti_l1i_prefetcher-entangling_l2c_replacement-PACIPV,0.005345408565,0.092700373774,17.133107489319,no
623.xalancbmk_s-10B,l1d_prefetcher-berti_l1i_prefetcher-entangling_l2c_replacement-mockingjay,0.005320580468,0.092543301349,17.133852683428,no
623.xalancbmk_s-10B,l1d_prefetcher-gaze_l1i_prefetcher-barca_l2c_replacement-PACIPV,0.032591236206,0.241876510800,17.233308264826,no
623.xalancbmk_s-10B,l1d_prefetcher-gaze_l1i_prefetcher-barca_l2c_replacement-mockingjay,0.032545877651,0.241732027572,17.234539594366,no
623.xalancbmk_s-10B,l1d_prefetcher-gaze_l1i_prefetcher-entangling_l2c_replacement-PACIPV,0.032614361802,0.242106751124,17.253184464683,no
623.xalancbmk_s-10B,l1d_prefetcher-gaze_l1i_prefetcher-entangling_l2c_replacement-mockingjay,0.032637344495,0.242298242849,17.254896891956,yes
625.x264_s-12B,l1d_prefetcher-berti_l1i_prefetcher-barca_l2c_replacement-PACIPV,0.015309005601,0.008451124421,203.962731863519,no
625.x264_s-12B,l1d_prefetcher-berti_l1i_prefetcher-barca_l2c_replacement-mockingjay,0.015309005601,0.008451124421,203.962731863519,yes
625.x264_s-12B,l1d_prefetcher-berti_l1i_prefetcher-entangling_l2c_replacement-PACIPV,0.015501016619,0.008619620605,203.904602892288,no
625.x264_s-12B,l1d_prefetcher-berti_l1i_prefetcher-entangling_l2c_replacement-mockingjay,0.015501016619,0.008619620605,203.904602892288,no
625.x264_s-12B,l1d_prefetcher-gaze_l1i_prefetcher-barca_l2c_replacement-PACIPV,0.017511778293,0.424153240824,198.192697616360,no
625.x264_s-12B,l1d_prefetcher-gaze_l1i_prefetcher-barca_l2c_replacement-mockingjay,0.017511778293,0.424153240824,198.192697616360,no
625.x264_s-12B,l1d_prefetcher-gaze_l1i_prefetcher-entangling_l2c_replacement-PACIPV,0.017540667141,0.425026224384,198.213791260876,no
625.x264_s-12B,l1d_prefetcher-gaze_l1i_prefetcher-entangling_l2c_replacement-mockingjay,0.017540667141,0.425026224384,198.213791260876,no
627.cam4_s-490B,l1d_prefetcher-berti_l1i_prefetcher-barca_l2c_replacement-PACIPV,0.138022093344,0.054058148908,137.245389861019,no
627.cam4_s-490B,l1d_prefetcher-berti_l1i_prefetcher-barca_l2c_replacement-mockingjay,0.138030475896,0.054007231104,137.226732396396,no
627.cam4_s-490B,l1d_prefetcher-berti_l1i_prefetcher-entangling_l2c_replacement-PACIPV,0.138022093344,0.054058148908,137.245389861019,no
627.cam4_s-490B,l1d_prefetcher-berti_l1i_prefetcher-entangling_l2c_replacement-mockingjay,0.138030475896,0.054007231104,137.226732396396,no
627.cam4_s-490B,l1d_prefetcher-gaze_l1i_prefetcher-barca_l2c_replacement-PACIPV,0.241430995829,0.650149024943,138.834744339835,no
627.cam4_s-490B,l1d_prefetcher-gaze_l1i_prefetcher-barca_l2c_replacement-mockingjay,0.241194446837,0.650052533892,138.813838399656,no
627.cam4_s-490B,l1d_prefetcher-gaze_l1i_prefetcher-entangling_l2c_replacement-PACIPV,0.241430995829,0.650149024943,138.834744339835,yes
627.cam4_s-490B,l1d_prefetcher-gaze_l1i_prefetcher-entangling_l2c_replacement-mockingjay,0.241194446837,0.650052533892,138.813838399656,no
628.pop2_s-17B,l1d_prefetcher-berti_l1i_prefetcher-barca_l2c_replacement-PACIPV,0.096974324004,0.083001727419,78.809390229860,no
628.pop2_s-17B,l1d_prefetcher-berti_l1i_prefetcher-barca_l2c_replacement-mockingjay,0.097103497218,0.083059150079,78.814323784826,no
628.pop2_s-17B,l1d_prefetcher-berti_l1i_prefetcher-entangling_l2c_replacement-PACIPV,0.096989784128,0.083050092258,78.810858937272,no
628.pop2_s-17B,l1d_prefetcher-berti_l1i_prefetcher-entangling_l2c_replacement-mockingjay,0.097117746100,0.083105363183,78.815781947095,yes
628.pop2_s-17B,l1d_prefetcher-gaze_l1i_prefetcher-barca_l2c_replacement-PACIPV,0.151299578587,0.580725958413,78.727105727977,no
628.pop2_s-17B,l1d_prefetcher-gaze_l1i_prefetcher-barca_l2c_replacement-mockingjay,0.151301130135,0.580644310749,78.723449348787,no
628.pop2_s-17B,l1d_prefetcher-gaze_l1i_prefetcher-entangling_l2c_replacement-PACIPV,0.151293830893,0.580712654763,78.725027504273,no
628.pop2_s-17B,l1d_prefetcher-gaze_l1i_prefetcher-entangling_l2c_replacement-mockingjay,0.151287476375,0.580629314711,78.725877340717,no
631.deepsjeng_s-928B,l1d_prefetcher-berti_l1i_prefetcher-barca_l2c_replacement-PACIPV,0.000000000000,0.000000000000,75.977792290893,no
631.deepsjeng_s-928B,l1d_prefetcher-berti_l1i_prefetcher-barca_l2c_replacement-mockingjay,0.000000000000,0.000000000000,75.977792290893,no
631.deepsjeng_s-928B,l1d_prefetcher-berti_l1i_prefetcher-entangling_l2c_replacement-PACIPV,0.000000000000,0.000000000000,75.933398383783,no
631.deepsjeng_s-928B,l1d_prefetcher-berti_l1i_prefetcher-entangling_l2c_replacement-mockingjay,0.000000000000,0.000000000000,75.933398383783,no
631.deepsjeng_s-928B,l1d_prefetcher-gaze_l1i_prefetcher-barca_l2c_replacement-PACIPV,0.009187467682,0.236758914675,76.220393759437,no
631.deepsjeng_s-928B,l1d_prefetcher-gaze_l1i_prefetcher-barca_l2c_replacement-mockingjay,0.009187467682,0.236758914675,76.220393759437,yes
631.deepsjeng_s-928B,l1d_prefetcher-gaze_l1i_prefetcher-entangling_l2c_replacement-PACIPV,0.009165525881,0.237097685435,76.183115820978,no
631.deepsjeng_s-928B,l1d_prefetcher-gaze_l1i_prefetcher-entangling_l2c_replacement-mockingjay,0.009165525881,0.237097685435,76.183115820978,no
638.imagick_s-10316B,l1d_prefetcher-berti_l1i_prefetcher-barca_l2c_replacement-PACIPV,0.142415252142,0.042351951444,123.871755482797,no
638.imagick_s-10316B,l1d_prefetcher-berti_l1i_prefetcher-barca_l2c_replacement-mockingjay,0.142415252142,0.042351951444,123.871755482797,no
638.imagick_s-10316B,l1d_prefetcher-berti_l1i_prefetcher-entangling_l2c_replacement-PACIPV,0.142415252142,0.042351951444,123.871755482797,no
638.imagick_s-10316B,l1d_prefetcher-berti_l1i_prefetcher-entangling_l2c_replacement-mockingjay,0.142415252142,0.042351951444,123.871755482797,yes
638.imagick_s-10316B,l1d_prefetcher-gaze_l1i_prefetcher-barca_l2c_replacement-PACIPV,0.238847700410,0.625450552818,111.605260260066,no
638.imagick_s-10316B,l1d_prefetcher-gaze_l1i_prefetcher-barca_l2c_replacement-mockingjay,0.238847700410,0.625450552818,111.605260260066,no
638.imagick_s-10316B,l1d_prefetcher-gaze_l1i_prefetcher-entangling_l2c_replacement-PACIPV,0.238847700410,0.625450552818,111.605260260066,no
638.imagick_s-10316B,l1d_prefetcher-gaze_l1i_prefetcher-entangling_l2c_replacement-mockingjay,0.238847700410,0.625450552818,111.605260260066,no
641.leela_s-1052B,l1d_prefetcher-berti_l1i_prefetcher-barca_l2c_replacement-PACIPV,0.020497686086,0.015102654406,72.067291322430,no
641.leela_s-1052B,l1d_prefetcher-berti_l1i_prefetcher-barca_l2c_replacement-mockingjay,0.020497686086,0.015102654406,72.067291322430,yes
641.leela_s-1052B,l1d_prefetcher-berti_l1i_prefetcher-entangling_l2c_replacement-PACIPV,0.020467759560,0.015125626416,71.997531683969,no
641.leela_s-1052B,l1d_prefetcher-berti_l1i_prefetcher-entangling_l2c_replacement-mockingjay,0.020467759560,0.015125626416,71.997531683969,no
641.leela_s-1052B,l1d_prefetcher-gaze_l1i_prefetcher-barca_l2c_replacement-PACIPV,0.050421199192,0.509997057229,71.872148134814,no
641.leela_s-1052B,l1d_prefetcher-gaze_l1i_prefetcher-barca_l2c_replacement-mockingjay,0.050421199192,0.509997057229,71.872148134814,no
641.leela_s-1052B,l1d_prefetcher-gaze_l1i_prefetcher-entangling_l2c_replacement-PACIPV,0.050495318058,0.511400030239,71.822974985771,no
641.leela_s-1052B,l1d_prefetcher-gaze_l1i_prefetcher-entangling_l2c_replacement-mockingjay,0.050495318058,0.511400030239,71.822974985771,no
644.nab_s-12459B,l1d_prefetcher-berti_l1i_prefetcher-barca_l2c_replacement-PACIPV,0.026232804836,0.021302311146,130.122949821905,no
644.nab_s-12459B,l1d_prefetcher-berti_l1i_prefetcher-barca_l2c_replacement-mockingjay,0.026232804836,0.021302311146,130.122949821905,no
644.nab_s-12459B,l1d_prefetcher-berti_l1i_prefetcher-entangling_l2c_replacement-PACIPV,0.026232804836,0.021302311146,130.122949821905,no
644.nab_s-12459B,l1d_prefetcher-berti_l1i_prefetcher-entangling_l2c_replacement-mockingjay,0.026232804836,0.021302311146,130.122949821905,yes
644.nab_s-12459B,l1d_prefetcher-gaze_l1i_prefetcher-barca_l2c_replacement-PACIPV,0.049395820189,0.532468117413,125.651341007423,no
644.nab_s-12459B,l1d_prefetcher-gaze_l1i_prefetcher-barca_l2c_replacement-mockingjay,0.049395820189,0.532468117413,125.651341007423,no
644.nab_s-12459B,l1d_prefetcher-gaze_l1i_prefetcher-entangling_l2c_replacement-PACIPV,0.049395820189,0.532468117413,125.651341007423,no
644.nab_s-12459B,l1d_prefetcher-gaze_l1i_prefetcher-entangling_l2c_replacement-mockingjay,0.049395820189,0.532468117413,125.651341007423,no
648.exchange2_s-1227B,l1d_prefetcher-berti_l1i_prefetcher-barca_l2c_replacement-PACIPV,0.005757409170,0.053039244436,203.371046659105,no
648.exchange2_s-1227B,l1d_prefetcher-berti_l1i_prefetcher-barca_l2c_replacement-mockingjay,0.005757409170,0.053039244436,203.371046659105,no
648.exchange2_s-1227B,l1d_prefetcher-berti_l1i_prefetcher-entangling_l2c_replacement-PACIPV,0.005757587223,0.053039244436,203.361913096534,no
648.exchange2_s-1227B,l1d_prefetcher-berti_l1i_prefetcher-entangling_l2c_replacement-mockingjay,0.005757587223,0.053039244436,203.361913096534,no
648.exchange2_s-1227B,l1d_prefetcher-gaze_l1i_prefetcher-barca_l2c_replacement-PACIPV,0.067795673861,0.709155397061,204.537088936095,no
648.exchange2_s-1227B,l1d_prefetcher-gaze_l1i_prefetcher-barca_l2c_replacement-mockingjay,0.067795673861,0.709155397061,204.537088936095,yes
648.exchange2_s-1227B,l1d_prefetcher-gaze_l1i_prefetcher-entangling_l2c_replacement-PACIPV,0.067761919123,0.709155397061,204.508932133270,no
648.exchange2_s-1227B,l1d_prefetcher-gaze_l1i_prefetcher-entangling_l2c_replacement-mockingjay,0.067761919123,0.709155397061,204.508932133270,no
649.fotonik3d_s-10881B,l1d_prefetcher-berti_l1i_prefetcher-barca_l2c_replacement-PACIPV,0.033816055774,0.026803064821,60.994687948813,no
649.fotonik3d_s-10881B,l1d_prefetcher-berti_l1i_prefetcher-barca_l2c_replacement-mockingjay,0.033840242819,0.026807943919,61.020619858822,no
649.fotonik3d_s-10881B,l1d_prefetcher-berti_l1i_prefetcher-entangling_l2c_replacement-PACIPV,0.033816055774,0.026803064821,60.994687948813,no
649.fotonik3d_s-10881B,l1d_prefetcher-berti_l1i_prefetcher-entangling_l2c_replacement-mockingjay,0.033840242819,0.026807943919,61.020619858822,yes
649.fotonik3d_s-10881B,l1d_prefetcher-gaze_l1i_prefetcher-barca_l2c_replacement-PACIPV,0.260717592129,0.593642248298,53.930457631656,no
649.fotonik3d_s-10881B,l1d_prefetcher-gaze_l1i_prefetcher-barca_l2c_replacement-mockingjay,0.260644672941,0.593623669785,53.945877970842,no
649.fotonik3d_s-10881B,l1d_prefetcher-gaze_l1i_prefetcher-entangling_l2c_replacement-PACIPV,0.260717592129,0.593642248298,53.930457631656,no
649.fotonik3d_s-10881B,l1d_prefetcher-gaze_l1i_prefetcher-entangling_l2c_replacement-mockingjay,0.260644672941,0.593623669785,53.945877970842,no
654.roms_s-1007B,l1d_prefetcher-berti_l1i_prefetcher-barca_l2c_replacement-PACIPV,0.062860599740,0.014811530448,115.492851697743,no
654.roms_s-1007B,l1d_prefetcher-berti_l1i_prefetcher-barca_l2c_replacement-mockingjay,0.062860599740,0.014811530448,115.492851697743,no
654.roms_s-1007B,l1d_prefetcher-berti_l1i_prefetcher-entangling_l2c_replacement-PACIPV,0.062860599740,0.014811530448,115.492851697743,no
654.roms_s-1007B,l1d_prefetcher-berti_l1i_prefetcher-entangling_l2c_replacement-mockingjay,0.062860599740,0.014811530448,115.492851697743,yes
654.roms_s-1007B,l1d_prefetcher-gaze_l1i_prefetcher-barca_l2c_replacement-PACIPV,0.219331937498,0.526924202484,114.644461483884,no
654.roms_s-1007B,l1d_prefetcher-gaze_l1i_prefetcher-barca_l2c_replacement-mockingjay,0.219331937498,0.526924202484,114.644461483884,no
654.roms_s-1007B,l1d_prefetcher-gaze_l1i_prefetcher-entangling_l2c_replacement-PACIPV,0.219331937498,0.526924202484,114.644461483884,no
654.roms_s-1007B,l1d_prefetcher-gaze_l1i_prefetcher-entangling_l2c_replacement-mockingjay,0.219331937498,0.526924202484,114.644461483884,no
657.xz_s-2302B,l1d_prefetcher-berti_l1i_prefetcher-barca_l2c_replacement-PACIPV,0.001117884594,0.000281244742,32.118918734260,no
657.xz_s-2302B,l1d_prefetcher-berti_l1i_prefetcher-barca_l2c_replacement-mockingjay,0.001127041486,0.000281860370,32.118689902736,no
657.xz_s-2302B,l1d_prefetcher-berti_l1i_prefetcher-entangling_l2c_replacement-PACIPV,0.001117863565,0.000281244742,32.113076706156,no
657.xz_s-2302B,l1d_prefetcher-berti_l1i_prefetcher-entangling_l2c_replacement-mockingjay,0.001127021211,0.000281860370,32.112845667265,no
657.xz_s-2302B,l1d_prefetcher-gaze_l1i_prefetcher-barca_l2c_replacement-PACIPV,0.010007327456,0.279594110086,32.159762439998,yes
657.xz_s-2302B,l1d_prefetcher-gaze_l1i_prefetcher-barca_l2c_replacement-mockingjay,0.010007422324,0.279594110086,32.159754686005,no
657.xz_s-2302B,l1d_prefetcher-gaze_l1i_prefetcher-entangling_l2c_replacement-PACIPV,0.010008374704,0.279341568898,32.157456264747,no
657.xz_s-2302B,l1d_prefetcher-gaze_l1i_prefetcher-entangling_l2c_replacement-mockingjay,0.010008469569,0.279341568898,32.157780417562,no
