trace,source_trace,policy,l1d_coverage,l1d_accuracy,total_ipc,is_best_fixed_policy
400.perlbench-41B_combo,400.perlbench-41B,l1d_prefetcher-berti_l1i_prefetcher-barca_l2c_replacement-PACIPV,0.008253368875,0.007851432724,0.793920459419,0
400.perlbench-41B_combo,400.perlbench-41B,l1d_prefetcher-berti_l1i_prefetcher-barca_l2c_replacement-mockingjay,0.007936464824,0.007867189351,0.792527747979,0
400.perlbench-41B_combo,400.perlbench-41B,l1d_prefetcher-berti_l1i_prefetcher-entangling_l2c_replacement-PACIPV,0.008147525774,0.007507969494,0.814745872233,0
400.perlbench-41B_combo,400.perlbench-41B,l1d_prefetcher-berti_l1i_prefetcher-entangling_l2c_replacement-mockingjay,0.008115363676,0.007009870806,0.816413018733,0
400.perlbench-41B_combo,400.perlbench-41B,l1d_prefetcher-gaze_l1i_prefetcher-barca_l2c_replacement-PACIPV,0.052291419687,0.268218757696,0.795340213503,0
400.perlbench-41B_combo,400.perlbench-41B,l1d_prefetcher-gaze_l1i_prefetcher-barca_l2c_replacement-mockingjay,0.052614905162,0.270219649242,0.794497422631,0
400.perlbench-41B_combo,400.perlbench-41B,l1d_prefetcher-gaze_l1i_prefetcher-entangling_l2c_replacement-PACIPV,0.053078556263,0.271093425867,0.820476582801,1
400.perlbench-41B_combo,400.perlbench-41B,l1d_prefetcher-gaze_l1i_prefetcher-entangling_l2c_replacement-mockingjay,0.052337136548,0.270095730132,0.820331302248,0
401.bzip2-226B_combo,401.bzip2-226B,l1d_prefetcher-berti_l1i_prefetcher-barca_l2c_replacement-PACIPV,0.021986896274,0.004114117667,2.392466888863,0
401.bzip2-226B_combo,401.bzip2-226B,l1d_prefetcher-berti_l1i_prefetcher-barca_l2c_replacement-mockingjay,0.021957765187,0.004117940401,2.392597614389,0
401.bzip2-226B_combo,401.bzip2-226B,l1d_prefetcher-berti_l1i_prefetcher-entangling_l2c_replacement-PACIPV,0.021986896274,0.004114117667,2.392466888863,0
401.bzip2-226B_combo,401.bzip2-226B,l1d_prefetcher-berti_l1i_prefetcher-entangling_l2c_replacement-mockingjay,0.021957765187,0.004117940401,2.392597614389,0
401.bzip2-226B_combo,401.bzip2-226B,l1d_prefetcher-gaze_l1i_prefetcher-barca_l2c_replacement-PACIPV,0.023897968553,0.728793526684,2.435168805293,0
401.bzip2-226B_combo,401.bzip2-226B,l1d_prefetcher-gaze_l1i_prefetcher-barca_l2c_replacement-mockingjay,0.023900630595,0.729157196109,2.434641563566,0
401.bzip2-226B_combo,401.bzip2-226B,l1d_prefetcher-gaze_l1i_prefetcher-entangling_l2c_replacement-PACIPV,0.023897968553,0.728793526684,2.435168805293,1
401.bzip2-226B_combo,401.bzip2-226B,l1d_prefetcher-gaze_l1i_prefetcher-entangling_l2c_replacement-mockingjay,0.023900630595,0.729157196109,2.434641563566,0
403.gcc-16B_combo,403.gcc-16B,l1d_prefetcher-berti_l1i_prefetcher-barca_l2c_replacement-PACIPV,0.000000000000,0.000000000000,2.219066216936,0
403.gcc-16B_combo,403.gcc-16B,l1d_prefetcher-berti_l1i_prefetcher-barca_l2c_replacement-mockingjay,0.000000000000,0.000000000000,2.217010768908,0
403.gcc-16B_combo,403.gcc-16B,l1d_prefetcher-berti_l1i_prefetcher-entangling_l2c_replacement-PACIPV,0.000000000000,0.000000000000,2.219037902832,0
403.gcc-16B_combo,403.gcc-16B,l1d_prefetcher-berti_l1i_prefetcher-entangling_l2c_replacement-mockingjay,0.000000000000,0.000000000000,2.218921699468,0
403.gcc-16B_combo,403.gcc-16B,l1d_prefetcher-gaze_l1i_prefetcher-barca_l2c_replacement-PACIPV,0.000029889233,0.165034965035,2.225671518482,0
403.gcc-16B_combo,403.gcc-16B,l1d_prefetcher-gaze_l1i_prefetcher-barca_l2c_replacement-mockingjay,0.000030014281,0.165041782730,2.225357503683,0
403.gcc-16B_combo,403.gcc-16B,l1d_prefetcher-gaze_l1i_prefetcher-entangling_l2c_replacement-PACIPV,0.000030015730,0.166432584270,2.225923685987,1
403.gcc-16B_combo,403.gcc-16B,l1d_prefetcher-gaze_l1i_prefetcher-entangling_l2c_replacement-mockingjay,0.000030014259,0.166549543219,2.225193597406,0
410.bwaves-1963B_combo,410.bwaves-1963B,l1d_prefetcher-berti_l1i_prefetcher-barca_l2c_replacement-PACIPV,0.486179793779,0.123971526337,1.934469279374,0
410.bwaves-1963B_combo,410.bwaves-1963B,l1d_prefetcher-berti_l1i_prefetcher-barca_l2c_replacement-mockingjay,0.486792154742,0.124157872795,1.932285294152,0
410.bwaves-1963B_combo,410.bwaves-1963B,l1d_prefetcher-berti_l1i_prefetcher-entangling_l2c_replacement-PACIPV,0.486179793779,0.123971526337,1.934469279374,1
410.bwaves-1963B_combo,410.bwaves-1963B,l1d_prefetcher-berti_l1i_prefetcher-entangling_l2c_replacement-mockingjay,0.486792154742,0.124157872795,1.932285294152,0
410.bwaves-1963B_combo,410.bwaves-1963B,l1d_prefetcher-gaze_l1i_prefetcher-barca_l2c_replacement-PACIPV,0.277590571895,0.633768592706,1.565683965126,0
410.bwaves-1963B_combo,410.bwaves-1963B,l1d_prefetcher-gaze_l1i_prefetcher-barca_l2c_replacement-mockingjay,0.277533078532,0.633668554384,1.560351547186,0
410.bwaves-1963B_combo,410.bwaves-1963B,l1d_prefetcher-gaze_l1i_prefetcher-entangling_l2c_replacement-PACIPV,0.277590571895,0.633768592706,1.565683965126,0
410.bwaves-1963B_combo,410.bwaves-1963B,l1d_prefetcher-gaze_l1i_prefetcher-entangling_l2c_replacement-mockingjay,0.277533078532,0.633668554384,1.560351547186,0
416.gamess-875B_combo,416.gamess-875B,l1d_prefetcher-berti_l1i_prefetcher-barca_l2c_replacement-PACIPV,0.003131887252,0.007875853217,2.124268428507,0
416.gamess-875B_combo,416.gamess-875B,l1d_prefetcher-berti_l1i_prefetcher-barca_l2c_replacement-mockingjay,0.003131887252,0.007875853217,2.124268428507,0
416.gamess-875B_combo,416.gamess-875B,l1d_prefetcher-berti_l1i_prefetcher-entangling_l2c_replacement-PACIPV,0.002430300807,0.006253687316,2.125124572146,0
416.gamess-875B_combo,416.gamess-875B,l1d_prefetcher-berti_l1i_prefetcher-entangling_l2c_replacement-mockingjay,0.002430300807,0.006253687316,2.125124572146,0
416.gamess-875B_combo,416.gamess-875B,l1d_prefetcher-gaze_l1i_prefetcher-barca_l2c_replacement-PACIPV,0.030868921884,0.056368210193,2.126709342634,0
416.gamess-875B_combo,416.gamess-875B,l1d_prefetcher-gaze_l1i_prefetcher-barca_l2c_replacement-mockingjay,0.030868921884,0.056368210193,2.126709342634,0
416.gamess-875B_combo,416.gamess-875B,l1d_prefetcher-gaze_l1i_prefetcher-entangling_l2c_replacement-PACIPV,0.030912609493,0.056211510858,2.127041148568,1
416.gamess-875B_combo,416.gamess-875B,l1d_prefetcher-gaze_l1i_prefetcher-entangling_l2c_replacement-mockingjay,0.030940436477,0.056244792149,2.127008121661,0
429.mcf-184B_combo,429.mcf-184B,l1d_prefetcher-berti_l1i_prefetcher-barca_l2c_replacement-PACIPV,0.000002324000,0.013636363636,0.085238173067,0
429.mcf-184B_combo,429.mcf-184B,l1d_prefetcher-berti_l1i_prefetcher-barca_l2c_replacement-mockingjay,0.000000000000,0.000000000000,0.086422798957,0
429.mcf-184B_combo,429.mcf-184B,l1d_prefetcher-berti_l1i_prefetcher-entangling_l2c_replacement-PACIPV,0.000002324000,0.013636363636,0.085238173067,0
429.mcf-184B_combo,429.mcf-184B,l1d_prefetcher-berti_l1i_prefetcher-entangling_l2c_replacement-mockingjay,0.000000000000,0.000000000000,0.086422798957,1
429.mcf-184B_combo,429.mcf-184B,l1d_prefetcher-gaze_l1i_prefetcher-barca_l2c_replacement-PACIPV,0.001618607997,0.071792397792,0.082658665727,0
429.mcf-184B_combo,429.mcf-184B,l1d_prefetcher-gaze_l1i_prefetcher-barca_l2c_replacement-mockingjay,0.001595399745,0.070429297158,0.086121020531,0
429.mcf-184B_combo,429.mcf-184B,l1d_prefetcher-gaze_l1i_prefetcher-entangling_l2c_replacement-PACIPV,0.001618607997,0.071792397792,0.082658665727,0
429.mcf-184B_combo,429.mcf-184B,l1d_prefetcher-gaze_l1i_prefetcher-entangling_l2c_replacement-mockingjay,0.001595399745,0.070429297158,0.086121020531,0
433.milc-127B_combo,433.milc-127B,l1d_prefetcher-berti_l1i_prefetcher-barca_l2c_replacement-PACIPV,0.046704655356,0.054008528909,0.292379418141,0
433.milc-127B_combo,433.milc-127B,l1d_prefetcher-berti_l1i_prefetcher-barca_l2c_replacement-mockingjay,0.046305154831,0.053412062323,0.292167486756,0
433.milc-127B_combo,433.milc-127B,l1d_prefetcher-berti_l1i_prefetcher-entangling_l2c_replacement-PACIPV,0.046704655356,0.054008528909,0.292379418141,0
433.milc-127B_combo,433.milc-127B,l1d_prefetcher-berti_l1i_prefetcher-entangling_l2c_replacement-mockingjay,0.046305154831,0.053412062323,0.292167486756,0
433.milc-127B_combo,433.milc-127B,l1d_prefetcher-gaze_l1i_prefetcher-barca_l2c_replacement-PACIPV,0.120564465287,0.739215549360,0.297114956270,0
433.milc-127B_combo,433.milc-127B,l1d_prefetcher-gaze_l1i_prefetcher-barca_l2c_replacement-mockingjay,0.120664460482,0.739178136844,0.297443743695,0
433.milc-127B_combo,433.milc-127B,l1d_prefetcher-gaze_l1i_prefetcher-entangling_l2c_replacement-PACIPV,0.120564465287,0.739215549360,0.297114956270,0
433.milc-127B_combo,433.milc-127B,l1d_prefetcher-gaze_l1i_prefetcher-entangling_l2c_replacement-mockingjay,0.120664460482,0.739178136844,0.297443743695,1
434.zeusmp-10B_combo,434.zeusmp-10B,l1d_prefetcher-berti_l1i_prefetcher-barca_l2c_replacement-PACIPV,0.045248684101,0.018416032912,2.349588451961,0
434.zeusmp-10B_combo,434.zeusmp-10B,l1d_prefetcher-berti_l1i_prefetcher-barca_l2c_replacement-mockingjay,0.044547270190,0.018523328959,2.355259263970,0
434.zeusmp-10B_combo,434.zeusmp-10B,l1d_prefetcher-berti_l1i_prefetcher-entangling_l2c_replacement-PACIPV,0.045248684101,0.018416032912,2.349588451961,0
434.zeusmp-10B_combo,434.zeusmp-10B,l1d_prefetcher-berti_l1i_prefetcher-entangling_l2c_replacement-mockingjay,0.044547270190,0.018523328959,2.355259263970,1
434.zeusmp-10B_combo,434.zeusmp-10B,l1d_prefetcher-gaze_l1i_prefetcher-barca_l2c_replacement-PACIPV,0.039126430660,0.574424760741,1.738542505061,0
434.zeusmp-10B_combo,434.zeusmp-10B,l1d_prefetcher-gaze_l1i_prefetcher-barca_l2c_replacement-mockingjay,0.039211439678,0.575070244737,1.768531580271,0
434.zeusmp-10B_combo,434.zeusmp-10B,l1d_prefetcher-gaze_l1i_prefetcher-entangling_l2c_replacement-PACIPV,0.039126430660,0.574424760741,1.738542505061,0
434.zeusmp-10B_combo,434.zeusmp-10B,l1d_prefetcher-gaze_l1i_prefetcher-entangling_l2c_replacement-mockingjay,0.039211439678,0.575070244737,1.768531580271,0
435.gromacs-111B_combo,435.gromacs-111B,l1d_prefetcher-berti_l1i_prefetcher-barca_l2c_replacement-PACIPV,0.010113992789,0.012157439820,2.082746354752,0
435.gromacs-111B_combo,435.gromacs-111B,l1d_prefetcher-berti_l1i_prefetcher-barca_l2c_replacement-mockingjay,0.009797202052,0.011837768522,2.086941777043,0
435.gromacs-111B_combo,435.gromacs-111B,l1d_prefetcher-berti_l1i_prefetcher-entangling_l2c_replacement-PACIPV,0.010022953902,0.012007590679,2.085583912891,0
435.gromacs-111B_combo,435.gromacs-111B,l1d_prefetcher-berti_l1i_prefetcher-entangling_l2c_replacement-mockingjay,0.009813957932,0.011873539077,2.087847206346,0
435.gromacs-111B_combo,435.gromacs-111B,l1d_prefetcher-gaze_l1i_prefetcher-barca_l2c_replacement-PACIPV,0.014077645332,0.208743784595,2.099084662692,0
435.gromacs-111B_combo,435.gromacs-111B,l1d_prefetcher-gaze_l1i_prefetcher-barca_l2c_replacement-mockingjay,0.014047289660,0.207223743156,2.105640388874,0
435.gromacs-111B_combo,435.gromacs-111B,l1d_prefetcher-gaze_l1i_prefetcher-entangling_l2c_replacement-PACIPV,0.014084804015,0.208632644138,2.099994928513,0
435.gromacs-111B_combo,435.gromacs-111B,l1d_prefetcher-gaze_l1i_prefetcher-entangling_l2c_replacement-mockingjay,0.014187539694,0.209810284573,2.107495094806,1
436.cactusADM-1804B_combo,436.cactusADM-1804B,l1d_prefetcher-berti_l1i_prefetcher-barca_l2c_replacement-PACIPV,0.047946833778,0.048509314213,1.582292534373,0
436.cactusADM-1804B_combo,436.cactusADM-1804B,l1d_prefetcher-berti_l1i_prefetcher-barca_l2c_replacement-mockingjay,0.047354811361,0.048893859052,1.584414716074,0
436.cactusADM-1804B_combo,436.cactusADM-1804B,l1d_prefetcher-berti_l1i_prefetcher-entangling_l2c_replacement-PACIPV,0.047946833778,0.048509314213,1.582292534373,0
436.cactusADM-1804B_combo,436.cactusADM-1804B,l1d_prefetcher-berti_l1i_prefetcher-entangling_l2c_replacement-mockingjay,0.047354811361,0.048893859052,1.584414716074,0
436.cactusADM-1804B_combo,436.cactusADM-1804B,l1d_prefetcher-gaze_l1i_prefetcher-barca_l2c_replacement-PACIPV,0.080794004987,0.419984268054,1.595904176178,0
436.cactusADM-1804B_combo,436.cactusADM-1804B,l1d_prefetcher-gaze_l1i_prefetcher-barca_l2c_replacement-mockingjay,0.077232433594,0.408682882926,1.598197137917,0
436.cactusADM-1804B_combo,436.cactusADM-1804B,l1d_prefetcher-gaze_l1i_prefetcher-entangling_l2c_replacement-PACIPV,0.080794004987,0.419984268054,1.595904176178,0
436.cactusADM-1804B_combo,436.cactusADM-1804B,l1d_prefetcher-gaze_l1i_prefetcher-entangling_l2c_replacement-mockingjay,0.077232433594,0.408682882926,1.598197137917,1
437.leslie3d-134B_combo,437.leslie3d-134B,l1d_prefetcher-berti_l1i_prefetcher-barca_l2c_replacement-PACIPV,0.081713694634,0.045509592936,1.947207509989,0
437.leslie3d-134B_combo,437.leslie3d-134B,l1d_prefetcher-berti_l1i_prefetcher-barca_l2c_replacement-mockingjay,0.082642690233,0.045374032789,1.949383488101,0
437.leslie3d-134B_combo,437.leslie3d-134B,l1d_prefetcher-berti_l1i_prefetcher-entangling_l2c_replacement-PACIPV,0.081713694634,0.045509592936,1.947207509989,0
437.leslie3d-134B_combo,437.leslie3d-134B,l1d_prefetcher-berti_l1i_prefetcher-entangling_l2c_replacement-mockingjay,0.082642690233,0.045374032789,1.949383488101,1
437.leslie3d-134B_combo,437.leslie3d-134B,l1d_prefetcher-gaze_l1i_prefetcher-barca_l2c_replacement-PACIPV,0.177900011537,0.587341459397,1.941943086891,0
437.leslie3d-134B_combo,437.leslie3d-134B,l1d_prefetcher-gaze_l1i_prefetcher-barca_l2c_replacement-mockingjay,0.178933367712,0.586327340168,1.948003977824,0
437.leslie3d-134B_combo,437.leslie3d-134B,l1d_prefetcher-gaze_l1i_prefetcher-entangling_l2c_replacement-PACIPV,0.177900011537,0.587341459397,1.941943086891,0
437.leslie3d-134B_combo,437.leslie3d-134B,l1d_prefetcher-gaze_l1i_prefetcher-entangling_l2c_replacement-mockingjay,0.178933367712,0.586327340168,1.948003977824,0
444.namd-120B_combo,444.namd-120B,l1d_prefetcher-berti_l1i_prefetcher-barca_l2c_replacement-PACIPV,0.036857498781,0.035565427582,2.944361732433,0
444.namd-120B_combo,444.namd-120B,l1d_prefetcher-berti_l1i_prefetcher-barca_l2c_replacement-mockingjay,0.037009345794,0.024019340248,2.943644958810,0
444.namd-120B_combo,444.namd-120B,l1d_prefetcher-berti_l1i_prefetcher-entangling_l2c_replacement-PACIPV,0.038313761567,0.046078000683,2.944391208226,0
444.namd-120B_combo,444.namd-120B,l1d_prefetcher-berti_l1i_prefetcher-entangling_l2c_replacement-mockingjay,0.037476318809,0.031452244989,2.940604073471,0
444.namd-120B_combo,444.namd-120B,l1d_prefetcher-gaze_l1i_prefetcher-barca_l2c_replacement-PACIPV,0.060257687927,0.483024251070,2.946742067888,0
444.namd-120B_combo,444.namd-120B,l1d_prefetcher-gaze_l1i_prefetcher-barca_l2c_replacement-mockingjay,0.060455420141,0.483884768967,2.947101599834,1
444.namd-120B_combo,444.namd-120B,l1d_prefetcher-gaze_l1i_prefetcher-entangling_l2c_replacement-PACIPV,0.059589187647,0.480310434033,2.946833245223,0
444.namd-120B_combo,444.namd-120B,l1d_prefetcher-gaze_l1i_prefetcher-entangling_l2c_replacement-mockingjay,0.060459643055,0.484290202799,2.946676510529,0
445.gobmk-17B_combo,445.gobmk-17B,l1d_prefetcher-berti_l1i_prefetcher-barca_l2c_replacement-PACIPV,0.029095058119,0.053730163956,1.639272435303,0
445.gobmk-17B_combo,445.gobmk-17B,l1d_prefetcher-berti_l1i_prefetcher-barca_l2c_replacement-mockingjay,0.029541603178,0.053281109542,1.638434184808,0
445.gobmk-17B_combo,445.gobmk-17B,l1d_prefetcher-berti_l1i_prefetcher-entangling_l2c_replacement-PACIPV,0.029095392639,0.052616740991,1.641005099012,0
445.gobmk-17B_combo,445.gobmk-17B,l1d_prefetcher-berti_l1i_prefetcher-entangling_l2c_replacement-mockingjay,0.029159397077,0.052505536386,1.642271872470,1
445.gobmk-17B_combo,445.gobmk-17B,l1d_prefetcher-gaze_l1i_prefetcher-barca_l2c_replacement-PACIPV,0.048338504937,0.540977396136,1.630830902512,0
445.gobmk-17B_combo,445.gobmk-17B,l1d_prefetcher-gaze_l1i_prefetcher-barca_l2c_replacement-mockingjay,0.048852492393,0.548932384342,1.630786037898,0
445.gobmk-17B_combo,445.gobmk-17B,l1d_prefetcher-gaze_l1i_prefetcher-entangling_l2c_replacement-PACIPV,0.048074642208,0.543967280164,1.634590878331,0
445.gobmk-17B_combo,445.gobmk-17B,l1d_prefetcher-gaze_l1i_prefetcher-entangling_l2c_replacement-mockingjay,0.048228279771,0.543315099860,1.635264203861,0
447.dealII-3B_combo,447.dealII-3B,l1d_prefetcher-berti_l1i_prefetcher-barca_l2c_replacement-PACIPV,0.072223073909,0.007219015978,1.670415105629,0
447.dealII-3B_combo,447.dealII-3B,l1d_prefetcher-berti_l1i_prefetcher-barca_l2c_replacement-mockingjay,0.071408251958,0.007197876154,1.670260398581,0
447.dealII-3B_combo,447.dealII-3B,l1d_prefetcher-berti_l1i_prefetcher-entangling_l2c_replacement-PACIPV,0.072732586124,0.007189688719,1.669706143465,0
447.dealII-3B_combo,447.dealII-3B,l1d_prefetcher-berti_l1i_prefetcher-entangling_l2c_replacement-mockingjay,0.071257050472,0.007215153781,1.669670013130,0
447.dealII-3B_combo,447.dealII-3B,l1d_prefetcher-gaze_l1i_prefetcher-barca_l2c_replacement-PACIPV,0.415871906602,0.689041002588,1.690826372625,0
447.dealII-3B_combo,447.dealII-3B,l1d_prefetcher-gaze_l1i_prefetcher-barca_l2c_replacement-mockingjay,0.415989800744,0.688938836671,1.690842096684,1
447.dealII-3B_combo,447.dealII-3B,l1d_prefetcher-gaze_l1i_prefetcher-entangling_l2c_replacement-PACIPV,0.408354769009,0.689818194459,1.690464773803,0
447.dealII-3B_combo,447.dealII-3B,l1d_prefetcher-gaze_l1i_prefetcher-entangling_l2c_replacement-mockingjay,0.408851162024,0.689818194459,1.690480776911,0
450.soplex-247B_combo,450.soplex-247B,l1d_prefetcher-berti_l1i_prefetcher-barca_l2c_replacement-PACIPV,0.078998121270,0.055677329982,0.467585937503,0
450.soplex-247B_combo,450.soplex-247B,l1d_prefetcher-berti_l1i_prefetcher-barca_l2c_replacement-mockingjay,0.079459235160,0.055944195204,0.469403427908,1
450.soplex-247B_combo,450.soplex-247B,l1d_prefetcher-berti_l1i_prefetcher-entangling_l2c_replacement-PACIPV,0.079215032583,0.055837125178,0.467753287177,0
450.soplex-247B_combo,450.soplex-247B,l1d_prefetcher-berti_l1i_prefetcher-entangling_l2c_replacement-mockingjay,0.079083803223,0.055728318278,0.468483959671,0
450.soplex-247B_combo,450.soplex-247B,l1d_prefetcher-gaze_l1i_prefetcher-barca_l2c_replacement-PACIPV,0.093504801481,0.542897081464,0.449383205822,0
450.soplex-247B_combo,450.soplex-247B,l1d_prefetcher-gaze_l1i_prefetcher-barca_l2c_replacement-mockingjay,0.093876701415,0.543688459396,0.452405995746,0
450.soplex-247B_combo,450.soplex-247B,l1d_prefetcher-gaze_l1i_prefetcher-entangling_l2c_replacement-PACIPV,0.093466106531,0.542442891763,0.449356136689,0
450.soplex-247B_combo,450.soplex-247B,l1d_prefetcher-gaze_l1i_prefetcher-entangling_l2c_replacement-mockingjay,0.093615424511,0.543949405481,0.452502375468,0
453.povray-252B_combo,453.povray-252B,l1d_prefetcher-berti_l1i_prefetcher-barca_l2c_replacement-PACIPV,0.000000000000,0.000000000000,2.000850561404,0
453.povray-252B_combo,453.povray-252B,l1d_prefetcher-berti_l1i_prefetcher-barca_l2c_replacement-mockingjay,0.000000000000,0.000000000000,2.000850561404,1
453.povray-252B_combo,453.povray-252B,l1d_prefetcher-berti_l1i_prefetcher-entangling_l2c_replacement-PACIPV,0.000000000000,0.000000000000,2.000337456861,0
453.povray-252B_combo,453.povray-252B,l1d_prefetcher-berti_l1i_prefetcher-entangling_l2c_replacement-mockingjay,0.000000000000,0.000000000000,2.000337456861,0
453.povray-252B_combo,453.povray-252B,l1d_prefetcher-gaze_l1i_prefetcher-barca_l2c_replacement-PACIPV,0.073088875660,0.147494773882,2.000080603232,0
453.povray-252B_combo,453.povray-252B,l1d_prefetcher-gaze_l1i_prefetcher-barca_l2c_replacement-mockingjay,0.073197464999,0.147926921621,1.999951601181,0
453.povray-252B_combo,453.povray-252B,l1d_prefetcher-gaze_l1i_prefetcher-entangling_l2c_replacement-PACIPV,0.073580088452,0.147429625695,1.999813617408,0
453.povray-252B_combo,453.povray-252B,l1d_prefetcher-gaze_l1i_prefetcher-entangling_l2c_replacement-mockingjay,0.073656849776,0.147984780946,1.999503323474,0
454.calculix-104B_combo,454.calculix-104B,l1d_prefetcher-berti_l1i_prefetcher-barca_l2c_replacement-PACIPV,0.031635388740,0.013053097345,2.831617868695,0
454.calculix-104B_combo,454.calculix-104B,l1d_prefetcher-berti_l1i_prefetcher-barca_l2c_replacement-mockingjay,0.031635388740,0.013053097345,2.831617868695,1
454.calculix-104B_combo,454.calculix-104B,l1d_prefetcher-berti_l1i_prefetcher-entangling_l2c_replacement-PACIPV,0.025820568928,0.004223335719,2.829887026682,0
454.calculix-104B_combo,454.calculix-104B,l1d_prefetcher-berti_l1i_prefetcher-entangling_l2c_replacement-mockingjay,0.025820568928,0.004223335719,2.829887026682,0
454.calculix-104B_combo,454.calculix-104B,l1d_prefetcher-gaze_l1i_prefetcher-barca_l2c_replacement-PACIPV,0.079563182527,0.481132075472,2.827545066118,0
454.calculix-104B_combo,454.calculix-104B,l1d_prefetcher-gaze_l1i_prefetcher-barca_l2c_replacement-mockingjay,0.079563182527,0.481132075472,2.827545066118,0
454.calculix-104B_combo,454.calculix-104B,l1d_prefetcher-gaze_l1i_prefetcher-entangling_l2c_replacement-PACIPV,0.079563182527,0.481132075472,2.827537470878,0
454.calculix-104B_combo,454.calculix-104B,l1d_prefetcher-gaze_l1i_prefetcher-entangling_l2c_replacement-mockingjay,0.079563182527,0.481132075472,2.827537470878,0
456.hmmer-191B_combo,456.hmmer-191B,l1d_prefetcher-berti_l1i_prefetcher-barca_l2c_replacement-PACIPV,0.016948875723,0.013129594251,2.209752344216,0
456.hmmer-191B_combo,456.hmmer-191B,l1d_prefetcher-berti_l1i_prefetcher-barca_l2c_replacement-mockingjay,0.016691629511,0.013507069724,2.210134726484,0
456.hmmer-191B_combo,456.hmmer-191B,l1d_prefetcher-berti_l1i_prefetcher-entangling_l2c_replacement-PACIPV,0.016948875723,0.013129594251,2.209752344216,0
456.hmmer-191B_combo,456.hmmer-191B,l1d_prefetcher-berti_l1i_prefetcher-entangling_l2c_replacement-mockingjay,0.016691629511,0.013507069724,2.210134726484,1
456.hmmer-191B_combo,456.hmmer-191B,l1d_prefetcher-gaze_l1i_prefetcher-barca_l2c_replacement-PACIPV,0.005402588710,0.070892514662,2.201534138911,0
456.hmmer-191B_combo,456.hmmer-191B,l1d_prefetcher-gaze_l1i_prefetcher-barca_l2c_replacement-mockingjay,0.005397620472,0.070859573758,2.204927505842,0
456.hmmer-191B_combo,456.hmmer-191B,l1d_prefetcher-gaze_l1i_prefetcher-entangling_l2c_replacement-PACIPV,0.005402588710,0.070892514662,2.201534138911,0
456.hmmer-191B_combo,456.hmmer-191B,l1d_prefetcher-gaze_l1i_prefetcher-entangling_l2c_replacement-mockingjay,0.005397620472,0.070859573758,2.204927505842,0
458.sjeng-1088B_combo,458.sjeng-1088B,l1d_prefetcher-berti_l1i_prefetcher-barca_l2c_replacement-PACIPV,0.000000000000,0.000000000000,1.485638187082,0
458.sjeng-1088B_combo,458.sjeng-1088B,l1d_prefetcher-berti_l1i_prefetcher-barca_l2c_replacement-mockingjay,0.000000000000,0.000000000000,1.485647236332,1
458.sjeng-1088B_combo,458.sjeng-1088B,l1d_prefetcher-berti_l1i_prefetcher-entangling_l2c_replacement-PACIPV,0.000000000000,0.000000000000,1.485643704904,0
458.sjeng-1088B_combo,458.sjeng-1088B,l1d_prefetcher-berti_l1i_prefetcher-entangling_l2c_replacement-mockingjay,0.000000000000,0.000000000000,1.485644808474,0
458.sjeng-1088B_combo,458.sjeng-1088B,l1d_prefetcher-gaze_l1i_prefetcher-barca_l2c_replacement-PACIPV,0.005199523899,0.030187306783,1.483961015454,0
458.sjeng-1088B_combo,458.sjeng-1088B,l1d_prefetcher-gaze_l1i_prefetcher-barca_l2c_replacement-mockingjay,0.005123879151,0.029667149059,1.483619211919,0
458.sjeng-1088B_combo,458.sjeng-1088B,l1d_prefetcher-gaze_l1i_prefetcher-entangling_l2c_replacement-PACIPV,0.005274890891,0.030780505680,1.484897846453,0
458.sjeng-1088B_combo,458.sjeng-1088B,l1d_prefetcher-gaze_l1i_prefetcher-entangling_l2c_replacement-mockingjay,0.005301628133,0.030941047235,1.484896192763,0
459.GemsFDTD-1169B_combo,459.GemsFDTD-1169B,l1d_prefetcher-berti_l1i_prefetcher-barca_l2c_replacement-PACIPV,0.105831541406,0.077661827745,0.474991567120,0
459.GemsFDTD-1169B_combo,459.GemsFDTD-1169B,l1d_prefetcher-berti_l1i_prefetcher-barca_l2c_replacement-mockingjay,0.106040378071,0.077714193492,0.472353451832,0
459.GemsFDTD-1169B_combo,459.GemsFDTD-1169B,l1d_prefetcher-berti_l1i_prefetcher-entangling_l2c_replacement-PACIPV,0.105831541406,0.077661827745,0.474991567120,0
459.GemsFDTD-1169B_combo,459.GemsFDTD-1169B,l1d_prefetcher-berti_l1i_prefetcher-entangling_l2c_replacement-mockingjay,0.105880735711,0.077611675608,0.474283003962,0
459.GemsFDTD-1169B_combo,459.GemsFDTD-1169B,l1d_prefetcher-gaze_l1i_prefetcher-barca_l2c_replacement-PACIPV,0.207610937787,0.668530932953,0.481387794521,0
459.GemsFDTD-1169B_combo,459.GemsFDTD-1169B,l1d_prefetcher-gaze_l1i_prefetcher-barca_l2c_replacement-mockingjay,0.208532760939,0.669269262666,0.479513267278,0
459.GemsFDTD-1169B_combo,459.GemsFDTD-1169B,l1d_prefetcher-gaze_l1i_prefetcher-entangling_l2c_replacement-PACIPV,0.207610937787,0.668530932953,0.481387794521,1
459.GemsFDTD-1169B_combo,459.GemsFDTD-1169B,l1d_prefetcher-gaze_l1i_prefetcher-entangling_l2c_replacement-mockingjay,0.208532760939,0.669269262666,0.479513267278,0
462.libquantum-1343B_combo,462.libquantum-1343B,l1d_prefetcher-berti_l1i_prefetcher-barca_l2c_replacement-PACIPV,0.151424938510,0.117578039230,1.265656053066,0
462.libquantum-1343B_combo,462.libquantum-1343B,l1d_prefetcher-berti_l1i_prefetcher-barca_l2c_replacement-mockingjay,0.151726860871,0.117561250652,1.261655376219,0
462.libquantum-1343B_combo,462.libquantum-1343B,l1d_prefetcher-berti_l1i_prefetcher-entangling_l2c_replacement-PACIPV,0.151424938510,0.117578039230,1.265656053066,0
462.libquantum-1343B_combo,462.libquantum-1343B,l1d_prefetcher-berti_l1i_prefetcher-entangling_l2c_replacement-mockingjay,0.151726860871,0.117561250652,1.261655376219,0
462.libquantum-1343B_combo,462.libquantum-1343B,l1d_prefetcher-gaze_l1i_prefetcher-barca_l2c_replacement-PACIPV,0.556128655416,0.720919552339,1.423504160476,0
462.libquantum-1343B_combo,462.libquantum-1343B,l1d_prefetcher-gaze_l1i_prefetcher-barca_l2c_replacement-mockingjay,0.557837876393,0.720919552339,1.430812387373,0
462.libquantum-1343B_combo,462.libquantum-1343B,l1d_prefetcher-gaze_l1i_prefetcher-entangling_l2c_replacement-PACIPV,0.556128655416,0.720919552339,1.423504160476,0
462.libquantum-1343B_combo,462.libquantum-1343B,l1d_prefetcher-gaze_l1i_prefetcher-entangling_l2c_replacement-mockingjay,0.557837876393,0.720919552339,1.430812387373,1
464.h264ref-30B_combo,464.h264ref-30B,l1d_prefetcher-berti_l1i_prefetcher-barca_l2c_replacement-PACIPV,0.049428019124,0.057492627271,2.103626630731,1
464.h264ref-30B_combo,464.h264ref-30B,l1d_prefetcher-berti_l1i_prefetcher-barca_l2c_replacement-mockingjay,0.050269615206,0.057050480068,2.102797224560,0
464.h264ref-30B_combo,464.h264ref-30B,l1d_prefetcher-berti_l1i_prefetcher-entangling_l2c_replacement-PACIPV,0.047751800976,0.053940695844,2.103345665247,0
464.h264ref-30B_combo,464.h264ref-30B,l1d_prefetcher-berti_l1i_prefetcher-entangling_l2c_replacement-mockingjay,0.048872293354,0.056800465387,2.102063469274,0
464.h264ref-30B_combo,464.h264ref-30B,l1d_prefetcher-gaze_l1i_prefetcher-barca_l2c_replacement-PACIPV,0.041072904714,0.571379532289,2.102138810301,0
464.h264ref-30B_combo,464.h264ref-30B,l1d_prefetcher-gaze_l1i_prefetcher-barca_l2c_replacement-mockingjay,0.040904898655,0.571028721526,2.102742396222,0
464.h264ref-30B_combo,464.h264ref-30B,l1d_prefetcher-gaze_l1i_prefetcher-entangling_l2c_replacement-PACIPV,0.041077260406,0.570718539783,2.100750839749,0
464.h264ref-30B_combo,464.h264ref-30B,l1d_prefetcher-gaze_l1i_prefetcher-entangling_l2c_replacement-mockingjay,0.040915566355,0.570856995354,2.101826213468,0
465.tonto-1914B_combo,465.tonto-1914B,l1d_prefetcher-berti_l1i_prefetcher-barca_l2c_replacement-PACIPV,0.113597842663,0.021629130846,2.088118150713,0
465.tonto-1914B_combo,465.tonto-1914B,l1d_prefetcher-berti_l1i_prefetcher-barca_l2c_replacement-mockingjay,0.113073627569,0.021536093857,2.089062350665,0
465.tonto-1914B_combo,465.tonto-1914B,l1d_prefetcher-berti_l1i_prefetcher-entangling_l2c_replacement-PACIPV,0.114008896472,0.021581710337,2.097629532269,0
465.tonto-1914B_combo,465.tonto-1914B,l1d_prefetcher-berti_l1i_prefetcher-entangling_l2c_replacement-mockingjay,0.113305282591,0.021570511713,2.099442377719,0
465.tonto-1914B_combo,465.tonto-1914B,l1d_prefetcher-gaze_l1i_prefetcher-barca_l2c_replacement-PACIPV,0.114950878130,0.555892642000,2.132057254680,0
465.tonto-1914B_combo,465.tonto-1914B,l1d_prefetcher-gaze_l1i_prefetcher-barca_l2c_replacement-mockingjay,0.114721073916,0.554053075821,2.131552123473,0
465.tonto-1914B_combo,465.tonto-1914B,l1d_prefetcher-gaze_l1i_prefetcher-entangling_l2c_replacement-PACIPV,0.123410571747,0.570703938028,2.145765236593,0
465.tonto-1914B_combo,465.tonto-1914B,l1d_prefetcher-gaze_l1i_prefetcher-entangling_l2c_replacement-mockingjay,0.123214679731,0.569760227226,2.147837101623,1
470.lbm-1274B_combo,470.lbm-1274B,l1d_prefetcher-berti_l1i_prefetcher-barca_l2c_replacement-PACIPV,0.025221061590,0.067270762983,0.803593145673,0
470.lbm-1274B_combo,470.lbm-1274B,l1d_prefetcher-berti_l1i_prefetcher-barca_l2c_replacement-mockingjay,0.025522783727,0.068032150023,0.804263456240,0
470.lbm-1274B_combo,470.lbm-1274B,l1d_prefetcher-berti_l1i_prefetcher-entangling_l2c_replacement-PACIPV,0.025221061590,0.067270762983,0.803593145673,0
470.lbm-1274B_combo,470.lbm-1274B,l1d_prefetcher-berti_l1i_prefetcher-entangling_l2c_replacement-mockingjay,0.025522783727,0.068032150023,0.804263456240,0
470.lbm-1274B_combo,470.lbm-1274B,l1d_prefetcher-gaze_l1i_prefetcher-barca_l2c_replacement-PACIPV,0.016993760412,0.969410706253,0.849036746729,0
470.lbm-1274B_combo,470.lbm-1274B,l1d_prefetcher-gaze_l1i_prefetcher-barca_l2c_replacement-mockingjay,0.016993372575,0.969466936572,0.852353913487,0
470.lbm-1274B_combo,470.lbm-1274B,l1d_prefetcher-gaze_l1i_prefetcher-entangling_l2c_replacement-PACIPV,0.016993760412,0.969410706253,0.849036746729,0
470.lbm-1274B_combo,470.lbm-1274B,l1d_prefetcher-gaze_l1i_prefetcher-entangling_l2c_replacement-mockingjay,0.016993372575,0.969466936572,0.852353913487,1
471.omnetpp-188B_combo,471.omnetpp-188B,l1d_prefetcher-berti_l1i_prefetcher-barca_l2c_replacement-PACIPV,0.002142391377,0.052737028764,0.278715060090,0
471.omnetpp-188B_combo,471.omnetpp-188B,l1d_prefetcher-berti_l1i_prefetcher-barca_l2c_replacement-mockingjay,0.002106796734,0.051173143753,0.280613586832,1
471.omnetpp-188B_combo,471.omnetpp-188B,l1d_prefetcher-berti_l1i_prefetcher-entangling_l2c_replacement-PACIPV,0.002221012075,0.046436620813,0.278978410127,0
471.omnetpp-188B_combo,471.omnetpp-188B,l1d_prefetcher-berti_l1i_prefetcher-entangling_l2c_replacement-mockingjay,0.002237939525,0.053396975510,0.280048436055,0
471.omnetpp-188B_combo,471.omnetpp-188B,l1d_prefetcher-gaze_l1i_prefetcher-barca_l2c_replacement-PACIPV,0.037322748803,0.273250429050,0.276891868442,0
471.omnetpp-188B_combo,471.omnetpp-188B,l1d_prefetcher-gaze_l1i_prefetcher-barca_l2c_replacement-mockingjay,0.037450699509,0.274152911696,0.278791151035,0
471.omnetpp-188B_combo,471.omnetpp-188B,l1d_prefetcher-gaze_l1i_prefetcher-entangling_l2c_replacement-PACIPV,0.037381124580,0.273095100473,0.277310027423,0
471.omnetpp-188B_combo,471.omnetpp-188B,l1d_prefetcher-gaze_l1i_prefetcher-entangling_l2c_replacement-mockingjay,0.037661677745,0.275024975704,0.279873770219,0
473.astar-153B_combo,473.astar-153B,l1d_prefetcher-berti_l1i_prefetcher-barca_l2c_replacement-PACIPV,0.048112786394,0.022507258776,1.701595253979,0
473.astar-153B_combo,473.astar-153B,l1d_prefetcher-berti_l1i_prefetcher-barca_l2c_replacement-mockingjay,0.048751444986,0.022539471199,1.698612352749,0
473.astar-153B_combo,473.astar-153B,l1d_prefetcher-berti_l1i_prefetcher-entangling_l2c_replacement-PACIPV,0.048112786394,0.022507258776,1.701595253979,1
473.astar-153B_combo,473.astar-153B,l1d_prefetcher-berti_l1i_prefetcher-entangling_l2c_replacement-mockingjay,0.048751444986,0.022539471199,1.698612352749,0
473.astar-153B_combo,473.astar-153B,l1d_prefetcher-gaze_l1i_prefetcher-barca_l2c_replacement-PACIPV,0.051067975718,0.341143486532,1.652497658824,0
473.astar-153B_combo,473.astar-153B,l1d_prefetcher-gaze_l1i_prefetcher-barca_l2c_replacement-mockingjay,0.051238687953,0.341567291312,1.663271016402,0
473.astar-153B_combo,473.astar-153B,l1d_prefetcher-gaze_l1i_prefetcher-entangling_l2c_replacement-PACIPV,0.051067975718,0.341143486532,1.652497658824,0
473.astar-153B_combo,473.astar-153B,l1d_prefetcher-gaze_l1i_prefetcher-entangling_l2c_replacement-mockingjay,0.051238687953,0.341567291312,1.663271016402,0
481.wrf-1170B_combo,481.wrf-1170B,l1d_prefetcher-berti_l1i_prefetcher-barca_l2c_replacement-PACIPV,0.000838650266,0.001825209362,2.175433572004,0
481.wrf-1170B_combo,481.wrf-1170B,l1d_prefetcher-berti_l1i_prefetcher-barca_l2c_replacement-mockingjay,0.001013457385,0.002285757110,2.170696491743,0
481.wrf-1170B_combo,481.wrf-1170B,l1d_prefetcher-berti_l1i_prefetcher-entangling_l2c_replacement-PACIPV,0.000955063455,0.001971727434,2.182997853895,0
481.wrf-1170B_combo,481.wrf-1170B,l1d_prefetcher-berti_l1i_prefetcher-entangling_l2c_replacement-mockingjay,0.000453331175,0.000944032367,2.183018107369,0
481.wrf-1170B_combo,481.wrf-1170B,l1d_prefetcher-gaze_l1i_prefetcher-barca_l2c_replacement-PACIPV,0.195620419251,0.169095983873,2.187867336052,0
481.wrf-1170B_combo,481.wrf-1170B,l1d_prefetcher-gaze_l1i_prefetcher-barca_l2c_replacement-mockingjay,0.195108099387,0.168065731980,2.188629175234,0
481.wrf-1170B_combo,481.wrf-1170B,l1d_prefetcher-gaze_l1i_prefetcher-entangling_l2c_replacement-PACIPV,0.195166577724,0.170581375979,2.194554345881,0
481.wrf-1170B_combo,481.wrf-1170B,l1d_prefetcher-gaze_l1i_prefetcher-entangling_l2c_replacement-mockingjay,0.192668954662,0.167711141060,2.197127212658,1
482.sphinx3-1100B_combo,482.sphinx3-1100B,l1d_prefetcher-berti_l1i_prefetcher-barca_l2c_replacement-PACIPV,0.153569713889,0.055258810326,1.423328030963,0
482.sphinx3-1100B_combo,482.sphinx3-1100B,l1d_prefetcher-berti_l1i_prefetcher-barca_l2c_replacement-mockingjay,0.154721297558,0.055421982940,1.422742939711,0
482.sphinx3-1100B_combo,482.sphinx3-1100B,l1d_prefetcher-berti_l1i_prefetcher-entangling_l2c_replacement-PACIPV,0.152108137220,0.055271347176,1.420950345611,0
482.sphinx3-1100B_combo,482.sphinx3-1100B,l1d_prefetcher-berti_l1i_prefetcher-entangling_l2c_replacement-mockingjay,0.154660924383,0.055461921549,1.423986436815,1
482.sphinx3-1100B_combo,482.sphinx3-1100B,l1d_prefetcher-gaze_l1i_prefetcher-barca_l2c_replacement-PACIPV,0.223169530970,0.640876522186,1.324329593008,0
482.sphinx3-1100B_combo,482.sphinx3-1100B,l1d_prefetcher-gaze_l1i_prefetcher-barca_l2c_replacement-mockingjay,0.222450966311,0.641419138117,1.322412280766,0
482.sphinx3-1100B_combo,482.sphinx3-1100B,l1d_prefetcher-gaze_l1i_prefetcher-entangling_l2c_replacement-PACIPV,0.222816706663,0.641207309285,1.326717986764,0
482.sphinx3-1100B_combo,482.sphinx3-1100B,l1d_prefetcher-gaze_l1i_prefetcher-entangling_l2c_replacement-mockingjay,0.222439769138,0.641330122523,1.318619758710,0
483.xalancbmk-127B_combo,483.xalancbmk-127B,l1d_prefetcher-berti_l1i_prefetcher-barca_l2c_replacement-PACIPV,0.009281295922,0.114606286819,0.249454153857,0
483.xalancbmk-127B_combo,483.xalancbmk-127B,l1d_prefetcher-berti_l1i_prefetcher-barca_l2c_replacement-mockingjay,0.009270575312,0.112163619161,0.250514537995,0
483.xalancbmk-127B_combo,483.xalancbmk-127B,l1d_prefetcher-berti_l1i_prefetcher-entangling_l2c_replacement-PACIPV,0.009263206888,0.112518357387,0.249994709488,0
483.xalancbmk-127B_combo,483.xalancbmk-127B,l1d_prefetcher-berti_l1i_prefetcher-entangling_l2c_replacement-mockingjay,0.009277957411,0.111384245603,0.253089139133,0
483.xalancbmk-127B_combo,483.xalancbmk-127B,l1d_prefetcher-gaze_l1i_prefetcher-barca_l2c_replacement-PACIPV,0.061757260176,0.382811785774,0.268412299213,0
483.xalancbmk-127B_combo,483.xalancbmk-127B,l1d_prefetcher-gaze_l1i_prefetcher-barca_l2c_replacement-mockingjay,0.061957388887,0.384800353681,0.268780359577,0
483.xalancbmk-127B_combo,483.xalancbmk-127B,l1d_prefetcher-gaze_l1i_prefetcher-entangling_l2c_replacement-PACIPV,0.061736979167,0.383660148348,0.269173599355,0
483.xalancbmk-127B_combo,483.xalancbmk-127B,l1d_prefetcher-gaze_l1i_prefetcher-entangling_l2c_replacement-mockingjay,0.062073501746,0.383305469822,0.271045122596,1
600.perlbench_s-1273B_combo,600.perlbench_s-1273B,l1d_prefetcher-berti_l1i_prefetcher-barca_l2c_replacement-PACIPV,0.001797591228,0.000170363556,2.380409330346,0
600.perlbench_s-1273B_combo,600.perlbench_s-1273B,l1d_prefetcher-berti_l1i_prefetcher-barca_l2c_replacement-mockingjay,0.001797591228,0.000170363556,2.380409330346,0
600.perlbench_s-1273B_combo,600.perlbench_s-1273B,l1d_prefetcher-berti_l1i_prefetcher-entangling_l2c_replacement-PACIPV,0.001799856012,0.000172211890,2.381569229941,0
600.perlbench_s-1273B_combo,600.perlbench_s-1273B,l1d_prefetcher-berti_l1i_prefetcher-entangling_l2c_replacement-mockingjay,0.001799856012,0.000172211890,2.381569229941,0
600.perlbench_s-1273B_combo,600.perlbench_s-1273B,l1d_prefetcher-gaze_l1i_prefetcher-barca_l2c_replacement-PACIPV,0.036987222596,0.068535825545,2.383582175290,0
600.perlbench_s-1273B_combo,600.perlbench_s-1273B,l1d_prefetcher-gaze_l1i_prefetcher-barca_l2c_replacement-mockingjay,0.036987222596,0.068535825545,2.383582175290,0
600.perlbench_s-1273B_combo,600.perlbench_s-1273B,l1d_prefetcher-gaze_l1i_prefetcher-entangling_l2c_replacement-PACIPV,0.037563451777,0.072691552063,2.383814001519,0
600.perlbench_s-1273B_combo,600.perlbench_s-1273B,l1d_prefetcher-gaze_l1i_prefetcher-entangling_l2c_replacement-mockingjay,0.037563451777,0.072691552063,2.383814001519,1
602.gcc_s-1850B_combo,602.gcc_s-1850B,l1d_prefetcher-berti_l1i_prefetcher-barca_l2c_replacement-PACIPV,0.109094785669,0.067517628097,1.163738303923,0
602.gcc_s-1850B_combo,602.gcc_s-1850B,l1d_prefetcher-berti_l1i_prefetcher-barca_l2c_replacement-mockingjay,0.110516180809,0.068249757312,1.166072076887,0
602.gcc_s-1850B_combo,602.gcc_s-1850B,l1d_prefetcher-berti_l1i_prefetcher-entangling_l2c_replacement-PACIPV,0.109094785669,0.067517628097,1.163738303923,0
602.gcc_s-1850B_combo,602.gcc_s-1850B,l1d_prefetcher-berti_l1i_prefetcher-entangling_l2c_replacement-mockingjay,0.110516180809,0.068249757312,1.166072076887,0
602.gcc_s-1850B_combo,602.gcc_s-1850B,l1d_prefetcher-gaze_l1i_prefetcher-barca_l2c_replacement-PACIPV,0.467501726996,0.714448393287,1.305028849616,0
602.gcc_s-1850B_combo,602.gcc_s-1850B,l1d_prefetcher-gaze_l1i_prefetcher-barca_l2c_replacement-mockingjay,0.467055050225,0.714570613859,1.302391574778,0
602.gcc_s-1850B_combo,602.gcc_s-1850B,l1d_prefetcher-gaze_l1i_prefetcher-entangling_l2c_replacement-PACIPV,0.467501726996,0.714448393287,1.305028849616,1
602.gcc_s-1850B_combo,602.gcc_s-1850B,l1d_prefetcher-gaze_l1i_prefetcher-entangling_l2c_replacement-mockingjay,0.467055050225,0.714570613859,1.302391574778,0
603.bwaves_s-1080B_combo,603.bwaves_s-1080B,l1d_prefetcher-berti_l1i_prefetcher-barca_l2c_replacement-PACIPV,0.011256183887,0.067090944987,2.421065692591,0
603.bwaves_s-1080B_combo,603.bwaves_s-1080B,l1d_prefetcher-berti_l1i_prefetcher-barca_l2c_replacement-mockingjay,0.011257042968,0.066363029927,2.422676640988,0
603.bwaves_s-1080B_combo,603.bwaves_s-1080B,l1d_prefetcher-berti_l1i_prefetcher-entangling_l2c_replacement-PACIPV,0.011186725814,0.066745848762,2.420189413704,0
603.bwaves_s-1080B_combo,603.bwaves_s-1080B,l1d_prefetcher-berti_l1i_prefetcher-entangling_l2c_replacement-mockingjay,0.011346409406,0.067811808548,2.422753532072,0
603.bwaves_s-1080B_combo,603.bwaves_s-1080B,l1d_prefetcher-gaze_l1i_prefetcher-barca_l2c_replacement-PACIPV,0.012934999475,0.734175706282,2.450401724985,0
603.bwaves_s-1080B_combo,603.bwaves_s-1080B,l1d_prefetcher-gaze_l1i_prefetcher-barca_l2c_replacement-mockingjay,0.012933125306,0.734175706282,2.449440786545,0
603.bwaves_s-1080B_combo,603.bwaves_s-1080B,l1d_prefetcher-gaze_l1i_prefetcher-entangling_l2c_replacement-PACIPV,0.012926583554,0.734175706282,2.449531686285,0
603.bwaves_s-1080B_combo,603.bwaves_s-1080B,l1d_prefetcher-gaze_l1i_prefetcher-entangling_l2c_replacement-mockingjay,0.012933415384,0.734056502563,2.450920620931,1
605.mcf_s-1152B_combo,605.mcf_s-1152B,l1d_prefetcher-berti_l1i_prefetcher-barca_l2c_replacement-PACIPV,0.156387070815,0.071454618662,0.359344683942,0
605.mcf_s-1152B_combo,605.mcf_s-1152B,l1d_prefetcher-berti_l1i_prefetcher-barca_l2c_replacement-mockingjay,0.155313182949,0.071739377682,0.367908151877,0
605.mcf_s-1152B_combo,605.mcf_s-1152B,l1d_prefetcher-berti_l1i_prefetcher-entangling_l2c_replacement-PACIPV,0.154956973509,0.070903369394,0.360297207725,0
605.mcf_s-1152B_combo,605.mcf_s-1152B,l1d_prefetcher-berti_l1i_prefetcher-entangling_l2c_replacement-mockingjay,0.155257426877,0.071339319179,0.367871798738,0
605.mcf_s-1152B_combo,605.mcf_s-1152B,l1d_prefetcher-gaze_l1i_prefetcher-barca_l2c_replacement-PACIPV,0.141909454478,0.716167073614,0.367522945514,0
605.mcf_s-1152B_combo,605.mcf_s-1152B,l1d_prefetcher-gaze_l1i_prefetcher-barca_l2c_replacement-mockingjay,0.141555197640,0.716566844005,0.383434384590,1
605.mcf_s-1152B_combo,605.mcf_s-1152B,l1d_prefetcher-gaze_l1i_prefetcher-entangling_l2c_replacement-PACIPV,0.141892358687,0.715132904641,0.367460302529,0
605.mcf_s-1152B_combo,605.mcf_s-1152B,l1d_prefetcher-gaze_l1i_prefetcher-entangling_l2c_replacement-mockingjay,0.141846429972,0.716062014814,0.381961267982,0
607.cactuBSSN_s-2421B_combo,607.cactuBSSN_s-2421B,l1d_prefetcher-berti_l1i_prefetcher-barca_l2c_replacement-PACIPV,0.000000000000,0.000000000000,1.920105471388,0
607.cactuBSSN_s-2421B_combo,607.cactuBSSN_s-2421B,l1d_prefetcher-berti_l1i_prefetcher-barca_l2c_replacement-mockingjay,0.000000000000,0.000000000000,1.911461224916,0
607.cactuBSSN_s-2421B_combo,607.cactuBSSN_s-2421B,l1d_prefetcher-berti_l1i_prefetcher-entangling_l2c_replacement-PACIPV,0.000000000000,0.000000000000,1.903669923433,0
607.cactuBSSN_s-2421B_combo,607.cactuBSSN_s-2421B,l1d_prefetcher-berti_l1i_prefetcher-entangling_l2c_replacement-mockingjay,0.000000000000,0.000000000000,1.905919814348,0
607.cactuBSSN_s-2421B_combo,607.cactuBSSN_s-2421B,l1d_prefetcher-gaze_l1i_prefetcher-barca_l2c_replacement-PACIPV,0.095252755990,0.452049196388,1.949669199677,0
607.cactuBSSN_s-2421B_combo,607.cactuBSSN_s-2421B,l1d_prefetcher-gaze_l1i_prefetcher-barca_l2c_replacement-mockingjay,0.095013062039,0.450318348447,1.958788947574,1
607.cactuBSSN_s-2421B_combo,607.cactuBSSN_s-2421B,l1d_prefetcher-gaze_l1i_prefetcher-entangling_l2c_replacement-PACIPV,0.095435094073,0.452756655590,1.936955963601,0
607.cactuBSSN_s-2421B_combo,607.cactuBSSN_s-2421B,l1d_prefetcher-gaze_l1i_prefetcher-entangling_l2c_replacement-mockingjay,0.093873126702,0.449338920557,1.946445882630,0
619.lbm_s-2676B_combo,619.lbm_s-2676B,l1d_prefetcher-berti_l1i_prefetcher-barca_l2c_replacement-PACIPV,0.018125065712,0.088507473688,0.522991638437,0
619.lbm_s-2676B_combo,619.lbm_s-2676B,l1d_prefetcher-berti_l1i_prefetcher-barca_l2c_replacement-mockingjay,0.017934780908,0.088768162696,0.524254363578,0
619.lbm_s-2676B_combo,619.lbm_s-2676B,l1d_prefetcher-berti_l1i_prefetcher-entangling_l2c_replacement-PACIPV,0.018125065712,0.088507473688,0.522991638437,0
619.lbm_s-2676B_combo,619.lbm_s-2676B,l1d_prefetcher-berti_l1i_prefetcher-entangling_l2c_replacement-mockingjay,0.017934780908,0.088768162696,0.524254363578,0
619.lbm_s-2676B_combo,619.lbm_s-2676B,l1d_prefetcher-gaze_l1i_prefetcher-barca_l2c_replacement-PACIPV,0.009883522809,0.580861278303,0.549705432128,0
619.lbm_s-2676B_combo,619.lbm_s-2676B,l1d_prefetcher-gaze_l1i_prefetcher-barca_l2c_replacement-mockingjay,0.009967872499,0.586379928315,0.550661712217,0
619.lbm_s-2676B_combo,619.lbm_s-2676B,l1d_prefetcher-gaze_l1i_prefetcher-entangling_l2c_replacement-PACIPV,0.009883522809,0.580861278303,0.549705432128,0
619.lbm_s-2676B_combo,619.lbm_s-2676B,l1d_prefetcher-gaze_l1i_prefetcher-entangling_l2c_replacement-mockingjay,0.009967872499,0.586379928315,0.550661712217,1
620.omnetpp_s-141B_combo,620.omnetpp_s-141B,l1d_prefetcher-berti_l1i_prefetcher-barca_l2c_replacement-PACIPV,0.000131397891,0.056103896104,0.266133572733,0
620.omnetpp_s-141B_combo,620.omnetpp_s-141B,l1d_prefetcher-berti_l1i_prefetcher-barca_l2c_replacement-mockingjay,0.000109635899,0.063965884861,0.266781798997,0
620.omnetpp_s-141B_combo,620.omnetpp_s-141B,l1d_prefetcher-berti_l1i_prefetcher-entangling_l2c_replacement-PACIPV,0.000152084038,0.086505190311,0.267095001493,0
620.omnetpp_s-141B_combo,620.omnetpp_s-141B,l1d_prefetcher-berti_l1i_prefetcher-entangling_l2c_replacement-mockingjay,0.000091323979,0.060048038431,0.267345224356,1
620.omnetpp_s-141B_combo,620.omnetpp_s-141B,l1d_prefetcher-gaze_l1i_prefetcher-barca_l2c_replacement-PACIPV,0.017738396624,0.148340170876,0.262297559604,0
620.omnetpp_s-141B_combo,620.omnetpp_s-141B,l1d_prefetcher-gaze_l1i_prefetcher-barca_l2c_replacement-mockingjay,0.017782668290,0.148564600055,0.264772782634,0
620.omnetpp_s-141B_combo,620.omnetpp_s-141B,l1d_prefetcher-gaze_l1i_prefetcher-entangling_l2c_replacement-PACIPV,0.017682697991,0.147684828919,0.263092537717,0
620.omnetpp_s-141B_combo,620.omnetpp_s-141B,l1d_prefetcher-gaze_l1i_prefetcher-entangling_l2c_replacement-mockingjay,0.017652867059,0.147465827423,0.265428605267,0
621.wrf_s-575B_combo,621.wrf_s-575B,l1d_prefetcher-berti_l1i_prefetcher-barca_l2c_replacement-PACIPV,0.000000000000,0.000000000000,1.379012901285,0
621.wrf_s-575B_combo,621.wrf_s-575B,l1d_prefetcher-berti_l1i_prefetcher-barca_l2c_replacement-mockingjay,0.000000000000,0.000000000000,1.379012901285,0
621.wrf_s-575B_combo,621.wrf_s-575B,l1d_prefetcher-berti_l1i_prefetcher-entangling_l2c_replacement-PACIPV,0.000000000000,0.000000000000,1.379025927891,0
621.wrf_s-575B_combo,621.wrf_s-575B,l1d_prefetcher-berti_l1i_prefetcher-entangling_l2c_replacement-mockingjay,0.000000000000,0.000000000000,1.379025927891,0
621.wrf_s-575B_combo,621.wrf_s-575B,l1d_prefetcher-gaze_l1i_prefetcher-barca_l2c_replacement-PACIPV,0.067044868489,0.330788804071,1.379065199369,0
621.wrf_s-575B_combo,621.wrf_s-575B,l1d_prefetcher-gaze_l1i_prefetcher-barca_l2c_replacement-mockingjay,0.067044868489,0.330788804071,1.379065199369,0
621.wrf_s-575B_combo,621.wrf_s-575B,l1d_prefetcher-gaze_l1i_prefetcher-entangling_l2c_replacement-PACIPV,0.067010309278,0.330788804071,1.379078797521,0
621.wrf_s-575B_combo,621.wrf_s-575B,l1d_prefetcher-gaze_l1i_prefetcher-entangling_l2c_replacement-mockingjay,0.067010309278,0.330788804071,1.379078797521,1
623.xalancbmk_s-10B_combo,623.xalancbmk_s-10B,l1d_prefetcher-berti_l1i_prefetcher-barca_l2c_replacement-PACIPV,0.008124381928,0.071210082796,0.241956712448,0
623.xalancbmk_s-10B_combo,623.xalancbmk_s-10B,l1d_prefetcher-berti_l1i_prefetcher-barca_l2c_replacement-mockingjay,0.008048548982,0.070321867256,0.244635397031,0
623.xalancbmk_s-10B_combo,623.xalancbmk_s-10B,l1d_prefetcher-berti_l1i_prefetcher-entangling_l2c_replacement-PACIPV,0.008095182782,0.070694936633,0.243196792332,0
623.xalancbmk_s-10B_combo,623.xalancbmk_s-10B,l1d_prefetcher-berti_l1i_prefetcher-entangling_l2c_replacement-mockingjay,0.007991976062,0.070104001175,0.245563294823,1
623.xalancbmk_s-10B_combo,623.xalancbmk_s-10B,l1d_prefetcher-gaze_l1i_prefetcher-barca_l2c_replacement-PACIPV,0.043315168797,0.235383971855,0.242943556310,0
623.xalancbmk_s-10B_combo,623.xalancbmk_s-10B,l1d_prefetcher-gaze_l1i_prefetcher-barca_l2c_replacement-mockingjay,0.043753790738,0.237745820721,0.243931764974,0
623.xalancbmk_s-10B_combo,623.xalancbmk_s-10B,l1d_prefetcher-gaze_l1i_prefetcher-entangling_l2c_replacement-PACIPV,0.043836652989,0.237567289483,0.243727027511,0
623.xalancbmk_s-10B_combo,623.xalancbmk_s-10B,l1d_prefetcher-gaze_l1i_prefetcher-entangling_l2c_replacement-mockingjay,0.044219978016,0.239246962330,0.244772162789,0
625.x264_s-12B_combo,625.x264_s-12B,l1d_prefetcher-berti_l1i_prefetcher-barca_l2c_replacement-PACIPV,0.032487818296,0.009082744433,3.213647942992,0
625.x264_s-12B_combo,625.x264_s-12B,l1d_prefetcher-berti_l1i_prefetcher-barca_l2c_replacement-mockingjay,0.031582484594,0.009249490200,3.214375165741,0
625.x264_s-12B_combo,625.x264_s-12B,l1d_prefetcher-berti_l1i_prefetcher-entangling_l2c_replacement-PACIPV,0.032694520103,0.008900965052,3.213429530545,0
625.x264_s-12B_combo,625.x264_s-12B,l1d_prefetcher-berti_l1i_prefetcher-entangling_l2c_replacement-mockingjay,0.030779252111,0.009076318478,3.216831974276,1
625.x264_s-12B_combo,625.x264_s-12B,l1d_prefetcher-gaze_l1i_prefetcher-barca_l2c_replacement-PACIPV,0.025428246911,0.692550505051,3.102597292395,0
625.x264_s-12B_combo,625.x264_s-12B,l1d_prefetcher-gaze_l1i_prefetcher-barca_l2c_replacement-mockingjay,0.025422745935,0.703917790623,3.102941463949,0
625.x264_s-12B_combo,625.x264_s-12B,l1d_prefetcher-gaze_l1i_prefetcher-entangling_l2c_replacement-PACIPV,0.025430015300,0.692550505051,3.102999234490,0
625.x264_s-12B_combo,625.x264_s-12B,l1d_prefetcher-gaze_l1i_prefetcher-entangling_l2c_replacement-mockingjay,0.025428054383,0.703917790623,3.103000197351,0
627.cam4_s-490B_combo,627.cam4_s-490B,l1d_prefetcher-berti_l1i_prefetcher-barca_l2c_replacement-PACIPV,0.143016025953,0.053728597888,1.843797869602,0
627.cam4_s-490B_combo,627.cam4_s-490B,l1d_prefetcher-berti_l1i_prefetcher-barca_l2c_replacement-mockingjay,0.143597355594,0.053977877350,1.843656287527,0
627.cam4_s-490B_combo,627.cam4_s-490B,l1d_prefetcher-berti_l1i_prefetcher-entangling_l2c_replacement-PACIPV,0.143475863387,0.053742414702,1.846814835390,0
627.cam4_s-490B_combo,627.cam4_s-490B,l1d_prefetcher-berti_l1i_prefetcher-entangling_l2c_replacement-mockingjay,0.142921009329,0.053789303743,1.842651560855,0
627.cam4_s-490B_combo,627.cam4_s-490B,l1d_prefetcher-gaze_l1i_prefetcher-barca_l2c_replacement-PACIPV,0.199481254175,0.704456321415,1.935309380977,0
627.cam4_s-490B_combo,627.cam4_s-490B,l1d_prefetcher-gaze_l1i_prefetcher-barca_l2c_replacement-mockingjay,0.200973976881,0.704806102895,1.928152413507,0
627.cam4_s-490B_combo,627.cam4_s-490B,l1d_prefetcher-gaze_l1i_prefetcher-entangling_l2c_replacement-PACIPV,0.200695272855,0.704541954221,1.936519909119,1
627.cam4_s-490B_combo,627.cam4_s-490B,l1d_prefetcher-gaze_l1i_prefetcher-entangling_l2c_replacement-mockingjay,0.200550726630,0.704325085496,1.927062421695,0
628.pop2_s-17B_combo,628.pop2_s-17B,l1d_prefetcher-berti_l1i_prefetcher-barca_l2c_replacement-PACIPV,0.131797246358,0.080279249854,2.331430653063,0
628.pop2_s-17B_combo,628.pop2_s-17B,l1d_prefetcher-berti_l1i_prefetcher-barca_l2c_replacement-mockingjay,0.130985983040,0.080335077996,2.329483900590,0
628.pop2_s-17B_combo,628.pop2_s-17B,l1d_prefetcher-berti_l1i_prefetcher-entangling_l2c_replacement-PACIPV,0.131005586103,0.080066055258,2.338607789574,1
628.pop2_s-17B_combo,628.pop2_s-17B,l1d_prefetcher-berti_l1i_prefetcher-entangling_l2c_replacement-mockingjay,0.131282481315,0.080288663245,2.333756676731,0
628.pop2_s-17B_combo,628.pop2_s-17B,l1d_prefetcher-gaze_l1i_prefetcher-barca_l2c_replacement-PACIPV,0.104063022472,0.545667976249,2.291807431368,0
628.pop2_s-17B_combo,628.pop2_s-17B,l1d_prefetcher-gaze_l1i_prefetcher-barca_l2c_replacement-mockingjay,0.102749190040,0.542961706686,2.289619279874,0
628.pop2_s-17B_combo,628.pop2_s-17B,l1d_prefetcher-gaze_l1i_prefetcher-entangling_l2c_replacement-PACIPV,0.103641866325,0.543397482774,2.292403994422,0
628.pop2_s-17B_combo,628.pop2_s-17B,l1d_prefetcher-gaze_l1i_prefetcher-entangling_l2c_replacement-mockingjay,0.103637033171,0.544459741739,2.291604444841,0
631.deepsjeng_s-928B_combo,631.deepsjeng_s-928B,l1d_prefetcher-berti_l1i_prefetcher-barca_l2c_replacement-PACIPV,0.000000000000,0.000000000000,1.517207446181,0
631.deepsjeng_s-928B_combo,631.deepsjeng_s-928B,l1d_prefetcher-berti_l1i_prefetcher-barca_l2c_replacement-mockingjay,0.000000000000,0.000000000000,1.517810443082,1
631.deepsjeng_s-928B_combo,631.deepsjeng_s-928B,l1d_prefetcher-berti_l1i_prefetcher-entangling_l2c_replacement-PACIPV,0.000000000000,0.000000000000,1.515356317854,0
631.deepsjeng_s-928B_combo,631.deepsjeng_s-928B,l1d_prefetcher-berti_l1i_prefetcher-entangling_l2c_replacement-mockingjay,0.000000000000,0.000000000000,1.516235968468,0
631.deepsjeng_s-928B_combo,631.deepsjeng_s-928B,l1d_prefetcher-gaze_l1i_prefetcher-barca_l2c_replacement-PACIPV,0.004197947670,0.102997275204,1.516737770069,0
631.deepsjeng_s-928B_combo,631.deepsjeng_s-928B,l1d_prefetcher-gaze_l1i_prefetcher-barca_l2c_replacement-mockingjay,0.004208567758,0.100635593220,1.517509518009,0
631.deepsjeng_s-928B_combo,631.deepsjeng_s-928B,l1d_prefetcher-gaze_l1i_prefetcher-entangling_l2c_replacement-PACIPV,0.004310919515,0.105434782609,1.515039149748,0
631.deepsjeng_s-928B_combo,631.deepsjeng_s-928B,l1d_prefetcher-gaze_l1i_prefetcher-entangling_l2c_replacement-mockingjay,0.004297074003,0.104469574583,1.515875115841,0
638.imagick_s-10316B_combo,638.imagick_s-10316B,l1d_prefetcher-berti_l1i_prefetcher-barca_l2c_replacement-PACIPV,0.382840056086,0.056489832738,3.587539723028,0
638.imagick_s-10316B_combo,638.imagick_s-10316B,l1d_prefetcher-berti_l1i_prefetcher-barca_l2c_replacement-mockingjay,0.387815588032,0.056636914583,3.587561602908,0
638.imagick_s-10316B_combo,638.imagick_s-10316B,l1d_prefetcher-berti_l1i_prefetcher-entangling_l2c_replacement-PACIPV,0.382840056086,0.056489832738,3.587539723028,0
638.imagick_s-10316B_combo,638.imagick_s-10316B,l1d_prefetcher-berti_l1i_prefetcher-entangling_l2c_replacement-mockingjay,0.387815588032,0.056636914583,3.587561602908,1
638.imagick_s-10316B_combo,638.imagick_s-10316B,l1d_prefetcher-gaze_l1i_prefetcher-barca_l2c_replacement-PACIPV,0.153247178899,0.857202194245,3.542976475348,0
638.imagick_s-10316B_combo,638.imagick_s-10316B,l1d_prefetcher-gaze_l1i_prefetcher-barca_l2c_replacement-mockingjay,0.153263455496,0.857187871496,3.543007229682,0
638.imagick_s-10316B_combo,638.imagick_s-10316B,l1d_prefetcher-gaze_l1i_prefetcher-entangling_l2c_replacement-PACIPV,0.153247178899,0.857202194245,3.542976475348,0
638.imagick_s-10316B_combo,638.imagick_s-10316B,l1d_prefetcher-gaze_l1i_prefetcher-entangling_l2c_replacement-mockingjay,0.153263455496,0.857187871496,3.543007229682,0
641.leela_s-1052B_combo,641.leela_s-1052B,l1d_prefetcher-berti_l1i_prefetcher-barca_l2c_replacement-PACIPV,0.070586991196,0.034140748539,1.727798079881,0
641.leela_s-1052B_combo,641.leela_s-1052B,l1d_prefetcher-berti_l1i_prefetcher-barca_l2c_replacement-mockingjay,0.071566645386,0.034377302717,1.728119804301,0
641.leela_s-1052B_combo,641.leela_s-1052B,l1d_prefetcher-berti_l1i_prefetcher-entangling_l2c_replacement-PACIPV,0.071649352145,0.034558471738,1.724344899949,0
641.leela_s-1052B_combo,641.leela_s-1052B,l1d_prefetcher-berti_l1i_prefetcher-entangling_l2c_replacement-mockingjay,0.071483352286,0.034500510551,1.724179596718,0
641.leela_s-1052B_combo,641.leela_s-1052B,l1d_prefetcher-gaze_l1i_prefetcher-barca_l2c_replacement-PACIPV,0.122584466207,0.545276314177,1.731953567027,0
641.leela_s-1052B_combo,641.leela_s-1052B,l1d_prefetcher-gaze_l1i_prefetcher-barca_l2c_replacement-mockingjay,0.122964618866,0.544848670131,1.731980114447,1
641.leela_s-1052B_combo,641.leela_s-1052B,l1d_prefetcher-gaze_l1i_prefetcher-entangling_l2c_replacement-PACIPV,0.123715753425,0.543364871422,1.729225777356,0
641.leela_s-1052B_combo,641.leela_s-1052B,l1d_prefetcher-gaze_l1i_prefetcher-entangling_l2c_replacement-mockingjay,0.123154956051,0.541866828823,1.728465548966,0
644.nab_s-12459B_combo,644.nab_s-12459B,l1d_prefetcher-berti_l1i_prefetcher-barca_l2c_replacement-PACIPV,0.037068703537,0.023191436833,2.584440583003,0
644.nab_s-12459B_combo,644.nab_s-12459B,l1d_prefetcher-berti_l1i_prefetcher-barca_l2c_replacement-mockingjay,0.035529207751,0.022627585164,2.594137612761,0
644.nab_s-12459B_combo,644.nab_s-12459B,l1d_prefetcher-berti_l1i_prefetcher-entangling_l2c_replacement-PACIPV,0.037068703537,0.023191436833,2.584440583003,0
644.nab_s-12459B_combo,644.nab_s-12459B,l1d_prefetcher-berti_l1i_prefetcher-entangling_l2c_replacement-mockingjay,0.035529207751,0.022627585164,2.594137612761,0
644.nab_s-12459B_combo,644.nab_s-12459B,l1d_prefetcher-gaze_l1i_prefetcher-barca_l2c_replacement-PACIPV,0.072882445899,0.639125683060,2.624060930689,0
644.nab_s-12459B_combo,644.nab_s-12459B,l1d_prefetcher-gaze_l1i_prefetcher-barca_l2c_replacement-mockingjay,0.073258848597,0.640448457881,2.626078136325,0
644.nab_s-12459B_combo,644.nab_s-12459B,l1d_prefetcher-gaze_l1i_prefetcher-entangling_l2c_replacement-PACIPV,0.072882445899,0.639125683060,2.624060930689,0
644.nab_s-12459B_combo,644.nab_s-12459B,l1d_prefetcher-gaze_l1i_prefetcher-entangling_l2c_replacement-mockingjay,0.073258848597,0.640448457881,2.626078136325,1
648.exchange2_s-1227B_combo,648.exchange2_s-1227B,l1d_prefetcher-berti_l1i_prefetcher-barca_l2c_replacement-PACIPV,0.000000000000,0.000000000000,2.921895690672,0
648.exchange2_s-1227B_combo,648.exchange2_s-1227B,l1d_prefetcher-berti_l1i_prefetcher-barca_l2c_replacement-mockingjay,0.000000000000,0.000000000000,2.921895690672,0
648.exchange2_s-1227B_combo,648.exchange2_s-1227B,l1d_prefetcher-berti_l1i_prefetcher-entangling_l2c_replacement-PACIPV,0.000000000000,0.000000000000,2.922734738321,0
648.exchange2_s-1227B_combo,648.exchange2_s-1227B,l1d_prefetcher-berti_l1i_prefetcher-entangling_l2c_replacement-mockingjay,0.000000000000,0.000000000000,2.922734738321,1
648.exchange2_s-1227B_combo,648.exchange2_s-1227B,l1d_prefetcher-gaze_l1i_prefetcher-barca_l2c_replacement-PACIPV,0.003584229391,0.085714285714,2.921798366715,0
648.exchange2_s-1227B_combo,648.exchange2_s-1227B,l1d_prefetcher-gaze_l1i_prefetcher-barca_l2c_replacement-mockingjay,0.003584229391,0.085714285714,2.921798366715,0
648.exchange2_s-1227B_combo,648.exchange2_s-1227B,l1d_prefetcher-gaze_l1i_prefetcher-entangling_l2c_replacement-PACIPV,0.003562945368,0.088235294118,2.922574577520,0
648.exchange2_s-1227B_combo,648.exchange2_s-1227B,l1d_prefetcher-gaze_l1i_prefetcher-entangling_l2c_replacement-mockingjay,0.003562945368,0.088235294118,2.922574577520,0
649.fotonik3d_s-10881B_combo,649.fotonik3d_s-10881B,l1d_prefetcher-berti_l1i_prefetcher-barca_l2c_replacement-PACIPV,0.035947759256,0.025545772517,0.567415115425,0
649.fotonik3d_s-10881B_combo,649.fotonik3d_s-10881B,l1d_prefetcher-berti_l1i_prefetcher-barca_l2c_replacement-mockingjay,0.036281005348,0.025486268593,0.581736793143,0
649.fotonik3d_s-10881B_combo,649.fotonik3d_s-10881B,l1d_prefetcher-berti_l1i_prefetcher-entangling_l2c_replacement-PACIPV,0.035947759256,0.025545772517,0.567415115425,0
649.fotonik3d_s-10881B_combo,649.fotonik3d_s-10881B,l1d_prefetcher-berti_l1i_prefetcher-entangling_l2c_replacement-mockingjay,0.036281005348,0.025486268593,0.581736793143,0
649.fotonik3d_s-10881B_combo,649.fotonik3d_s-10881B,l1d_prefetcher-gaze_l1i_prefetcher-barca_l2c_replacement-PACIPV,0.315919225122,0.637786201152,0.632749527099,0
649.fotonik3d_s-10881B_combo,649.fotonik3d_s-10881B,l1d_prefetcher-gaze_l1i_prefetcher-barca_l2c_replacement-mockingjay,0.303789233495,0.638488486786,0.561866949870,0
649.fotonik3d_s-10881B_combo,649.fotonik3d_s-10881B,l1d_prefetcher-gaze_l1i_prefetcher-entangling_l2c_replacement-PACIPV,0.315919225122,0.637786201152,0.632749527099,1
649.fotonik3d_s-10881B_combo,649.fotonik3d_s-10881B,l1d_prefetcher-gaze_l1i_prefetcher-entangling_l2c_replacement-mockingjay,0.303789233495,0.638488486786,0.561866949870,0
654.roms_s-1007B_combo,654.roms_s-1007B,l1d_prefetcher-berti_l1i_prefetcher-barca_l2c_replacement-PACIPV,0.093632236330,0.008416991286,1.220425640507,0
654.roms_s-1007B_combo,654.roms_s-1007B,l1d_prefetcher-berti_l1i_prefetcher-barca_l2c_replacement-mockingjay,0.093412771326,0.008427577880,1.220415363467,0
654.roms_s-1007B_combo,654.roms_s-1007B,l1d_prefetcher-berti_l1i_prefetcher-entangling_l2c_replacement-PACIPV,0.093632236330,0.008416991286,1.220425640507,1
654.roms_s-1007B_combo,654.roms_s-1007B,l1d_prefetcher-berti_l1i_prefetcher-entangling_l2c_replacement-mockingjay,0.093412771326,0.008427577880,1.220415363467,0
654.roms_s-1007B_combo,654.roms_s-1007B,l1d_prefetcher-gaze_l1i_prefetcher-barca_l2c_replacement-PACIPV,0.401961915753,0.670355579079,1.201470130793,0
654.roms_s-1007B_combo,654.roms_s-1007B,l1d_prefetcher-gaze_l1i_prefetcher-barca_l2c_replacement-mockingjay,0.400252851766,0.669132481506,1.201477565021,0
654.roms_s-1007B_combo,654.roms_s-1007B,l1d_prefetcher-gaze_l1i_prefetcher-entangling_l2c_replacement-PACIPV,0.401961915753,0.670355579079,1.201470130793,0
654.roms_s-1007B_combo,654.roms_s-1007B,l1d_prefetcher-gaze_l1i_prefetcher-entangling_l2c_replacement-mockingjay,0.400252851766,0.669132481506,1.201477565021,0
657.xz_s-2302B_combo,657.xz_s-2302B,l1d_prefetcher-berti_l1i_prefetcher-barca_l2c_replacement-PACIPV,0.006495541438,0.010034391052,0.931505483958,1
657.xz_s-2302B_combo,657.xz_s-2302B,l1d_prefetcher-berti_l1i_prefetcher-barca_l2c_replacement-mockingjay,0.006513366561,0.010094613489,0.930456529801,0
657.xz_s-2302B_combo,657.xz_s-2302B,l1d_prefetcher-berti_l1i_prefetcher-entangling_l2c_replacement-PACIPV,0.006479542412,0.010068769949,0.930036052375,0
657.xz_s-2302B_combo,657.xz_s-2302B,l1d_prefetcher-berti_l1i_prefetcher-entangling_l2c_replacement-mockingjay,0.006588392229,0.010120951619,0.930904337543,0
657.xz_s-2302B_combo,657.xz_s-2302B,l1d_prefetcher-gaze_l1i_prefetcher-barca_l2c_replacement-PACIPV,0.013451166968,0.252404801654,0.929952287877,0
657.xz_s-2302B_combo,657.xz_s-2302B,l1d_prefetcher-gaze_l1i_prefetcher-barca_l2c_replacement-mockingjay,0.013507090904,0.252118811881,0.930038214798,0
657.xz_s-2302B_combo,657.xz_s-2302B,l1d_prefetcher-gaze_l1i_prefetcher-entangling_l2c_replacement-PACIPV,0.013485468391,0.253341820496,0.928391118474,0
657.xz_s-2302B_combo,657.xz_s-2302B,l1d_prefetcher-gaze_l1i_prefetcher-entangling_l2c_replacement-mockingjay,0.013416159603,0.252594603225,0.928457059264,0
