trace,policy,checkpoint_l1d_coverage,native_l1d_coverage,delta_l1d_coverage,abs_delta_l1d_coverage,checkpoint_l1d_accuracy,native_l1d_accuracy,delta_l1d_accuracy,abs_delta_l1d_accuracy,checkpoint_is_best_policy,native_is_best_policy
400.perlbench-41B,l1d_prefetcher-berti_l1i_prefetcher-barca_l2c_replacement-PACIPV,0.004283280668,0.008253368875,0.003970088207,0.003970088207,0.006012234641,0.007851432724,0.001839198083,0.001839198083,0,0
400.perlbench-41B,l1d_prefetcher-berti_l1i_prefetcher-barca_l2c_replacement-mockingjay,0.004268778409,0.007936464824,0.003667686415,0.003667686415,0.006058600683,0.007867189351,0.001808588668,0.001808588668,0,0
400.perlbench-41B,l1d_prefetcher-berti_l1i_prefetcher-entangling_l2c_replacement-PACIPV,0.004421372357,0.008147525774,0.003726153417,0.003726153417,0.006361106464,0.007507969494,0.001146863030,0.001146863030,0,0
400.perlbench-41B,l1d_prefetcher-berti_l1i_prefetcher-entangling_l2c_replacement-mockingjay,0.004412601246,0.008115363676,0.003702762430,0.003702762430,0.006285756125,0.007009870806,0.000724114681,0.000724114681,0,0
400.perlbench-41B,l1d_prefetcher-gaze_l1i_prefetcher-barca_l2c_replacement-PACIPV,0.037245223298,0.052291419687,0.015046196389,0.015046196389,0.279760593336,0.268218757696,-0.011541835640,0.011541835640,0,0
400.perlbench-41B,l1d_prefetcher-gaze_l1i_prefetcher-barca_l2c_replacement-mockingjay,0.037234135001,0.052614905162,0.015380770161,0.015380770161,0.279599373811,0.270219649242,-0.009379724569,0.009379724569,0,0
400.perlbench-41B,l1d_prefetcher-gaze_l1i_prefetcher-entangling_l2c_replacement-PACIPV,0.037146891778,0.053078556263,0.015931664485,0.015931664485,0.279028925827,0.271093425867,-0.007935499960,0.007935499960,0,1
400.perlbench-41B,l1d_prefetcher-gaze_l1i_prefetcher-entangling_l2c_replacement-mockingjay,0.037145078106,0.052337136548,0.015192058442,0.015192058442,0.279052696212,0.270095730132,-0.008956966080,0.008956966080,1,0
401.bzip2-226B,l1d_prefetcher-berti_l1i_prefetcher-barca_l2c_replacement-PACIPV,0.028501108192,0.021986896274,-0.006514211918,0.006514211918,0.012474355240,0.004114117667,-0.008360237573,0.008360237573,0,0
401.bzip2-226B,l1d_prefetcher-berti_l1i_prefetcher-barca_l2c_replacement-mockingjay,0.028501108192,0.021957765187,-0.006543343005,0.006543343005,0.012474355240,0.004117940401,-0.008356414839,0.008356414839,0,0
401.bzip2-226B,l1d_prefetcher-berti_l1i_prefetcher-entangling_l2c_replacement-PACIPV,0.028501108192,0.021986896274,-0.006514211918,0.006514211918,0.012474355240,0.004114117667,-0.008360237573,0.008360237573,0,0
401.bzip2-226B,l1d_prefetcher-berti_l1i_prefetcher-entangling_l2c_replacement-mockingjay,0.028501108192,0.021957765187,-0.006543343005,0.006543343005,0.012474355240,0.004117940401,-0.008356414839,0.008356414839,0,0
401.bzip2-226B,l1d_prefetcher-gaze_l1i_prefetcher-barca_l2c_replacement-PACIPV,0.088126617485,0.023897968553,-0.064228648932,0.064228648932,0.559966785243,0.728793526684,0.168826741441,0.168826741441,0,0
401.bzip2-226B,l1d_prefetcher-gaze_l1i_prefetcher-barca_l2c_replacement-mockingjay,0.088126617485,0.023900630595,-0.064225986890,0.064225986890,0.559966785243,0.729157196109,0.169190410866,0.169190410866,0,0
401.bzip2-226B,l1d_prefetcher-gaze_l1i_prefetcher-entangling_l2c_replacement-PACIPV,0.088126617485,0.023897968553,-0.064228648932,0.064228648932,0.559966785243,0.728793526684,0.168826741441,0.168826741441,0,1
401.bzip2-226B,l1d_prefetcher-gaze_l1i_prefetcher-entangling_l2c_replacement-mockingjay,0.088126617485,0.023900630595,-0.064225986890,0.064225986890,0.559966785243,0.729157196109,0.169190410866,0.169190410866,1,0
403.gcc-16B,l1d_prefetcher-berti_l1i_prefetcher-barca_l2c_replacement-PACIPV,0.000000000000,0.000000000000,0.000000000000,0.000000000000,0.000000000000,0.000000000000,0.000000000000,0.000000000000,0,0
403.gcc-16B,l1d_prefetcher-berti_l1i_prefetcher-barca_l2c_replacement-mockingjay,0.000000000000,0.000000000000,0.000000000000,0.000000000000,0.000000000000,0.000000000000,0.000000000000,0.000000000000,0,0
403.gcc-16B,l1d_prefetcher-berti_l1i_prefetcher-entangling_l2c_replacement-PACIPV,0.000000000000,0.000000000000,0.000000000000,0.000000000000,0.000000000000,0.000000000000,0.000000000000,0.000000000000,0,0
403.gcc-16B,l1d_prefetcher-berti_l1i_prefetcher-entangling_l2c_replacement-mockingjay,0.000000000000,0.000000000000,0.000000000000,0.000000000000,0.000000000000,0.000000000000,0.000000000000,0.000000000000,0,0
403.gcc-16B,l1d_prefetcher-gaze_l1i_prefetcher-barca_l2c_replacement-PACIPV,0.000079604150,0.000029889233,-0.000049714917,0.000049714917,0.109586292160,0.165034965035,0.055448672875,0.055448672875,0,0
403.gcc-16B,l1d_prefetcher-gaze_l1i_prefetcher-barca_l2c_replacement-mockingjay,0.000079603936,0.000030014281,-0.000049589655,0.000049589655,0.109586292160,0.165041782730,0.055455490570,0.055455490570,0,0
403.gcc-16B,l1d_prefetcher-gaze_l1i_prefetcher-entangling_l2c_replacement-PACIPV,0.000079603973,0.000030015730,-0.000049588243,0.000049588243,0.109586292160,0.166432584270,0.056846292110,0.056846292110,1,1
403.gcc-16B,l1d_prefetcher-gaze_l1i_prefetcher-entangling_l2c_replacement-mockingjay,0.000079603929,0.000030014259,-0.000049589670,0.000049589670,0.109586292160,0.166549543219,0.056963251059,0.056963251059,0,0
410.bwaves-1963B,l1d_prefetcher-berti_l1i_prefetcher-barca_l2c_replacement-PACIPV,0.446232127369,0.486179793779,0.039947666410,0.039947666410,0.125038569902,0.123971526337,-0.001067043565,0.001067043565,0,0
410.bwaves-1963B,l1d_prefetcher-berti_l1i_prefetcher-barca_l2c_replacement-mockingjay,0.446474658654,0.486792154742,0.040317496088,0.040317496088,0.125033999100,0.124157872795,-0.000876126305,0.000876126305,0,0
410.bwaves-1963B,l1d_prefetcher-berti_l1i_prefetcher-entangling_l2c_replacement-PACIPV,0.446232127369,0.486179793779,0.039947666410,0.039947666410,0.125038569902,0.123971526337,-0.001067043565,0.001067043565,1,1
410.bwaves-1963B,l1d_prefetcher-berti_l1i_prefetcher-entangling_l2c_replacement-mockingjay,0.446474658654,0.486792154742,0.040317496088,0.040317496088,0.125033999100,0.124157872795,-0.000876126305,0.000876126305,0,0
410.bwaves-1963B,l1d_prefetcher-gaze_l1i_prefetcher-barca_l2c_replacement-PACIPV,0.282927768887,0.277590571895,-0.005337196992,0.005337196992,0.656629362507,0.633768592706,-0.022860769801,0.022860769801,0,0
410.bwaves-1963B,l1d_prefetcher-gaze_l1i_prefetcher-barca_l2c_replacement-mockingjay,0.282930899408,0.277533078532,-0.005397820876,0.005397820876,0.656724807401,0.633668554384,-0.023056253017,0.023056253017,0,0
410.bwaves-1963B,l1d_prefetcher-gaze_l1i_prefetcher-entangling_l2c_replacement-PACIPV,0.282927768887,0.277590571895,-0.005337196992,0.005337196992,0.656629362507,0.633768592706,-0.022860769801,0.022860769801,0,0
410.bwaves-1963B,l1d_prefetcher-gaze_l1i_prefetcher-entangling_l2c_replacement-mockingjay,0.282930899408,0.277533078532,-0.005397820876,0.005397820876,0.656724807401,0.633668554384,-0.023056253017,0.023056253017,0,0
416.gamess-875B,l1d_prefetcher-berti_l1i_prefetcher-barca_l2c_replacement-PACIPV,0.000114754098,0.003131887252,0.003017133154,0.003017133154,0.000739436620,0.007875853217,0.007136416597,0.007136416597,0,0
416.gamess-875B,l1d_prefetcher-berti_l1i_prefetcher-barca_l2c_replacement-mockingjay,0.000114754098,0.003131887252,0.003017133154,0.003017133154,0.000739436620,0.007875853217,0.007136416597,0.007136416597,0,0
416.gamess-875B,l1d_prefetcher-berti_l1i_prefetcher-entangling_l2c_replacement-PACIPV,0.000114754098,0.002430300807,0.002315546709,0.002315546709,0.000747330961,0.006253687316,0.005506356355,0.005506356355,0,0
416.gamess-875B,l1d_prefetcher-berti_l1i_prefetcher-entangling_l2c_replacement-mockingjay,0.000114754098,0.002430300807,0.002315546709,0.002315546709,0.000747330961,0.006253687316,0.005506356355,0.005506356355,1,0
416.gamess-875B,l1d_prefetcher-gaze_l1i_prefetcher-barca_l2c_replacement-PACIPV,0.009000856744,0.030868921884,0.021868065140,0.021868065140,0.054910456744,0.056368210193,0.001457753449,0.001457753449,0,0
416.gamess-875B,l1d_prefetcher-gaze_l1i_prefetcher-barca_l2c_replacement-mockingjay,0.009000856744,0.030868921884,0.021868065140,0.021868065140,0.054910456744,0.056368210193,0.001457753449,0.001457753449,0,0
416.gamess-875B,l1d_prefetcher-gaze_l1i_prefetcher-entangling_l2c_replacement-PACIPV,0.009006080022,0.030912609493,0.021906529471,0.021906529471,0.054659020994,0.056211510858,0.001552489864,0.001552489864,0,1
416.gamess-875B,l1d_prefetcher-gaze_l1i_prefetcher-entangling_l2c_replacement-mockingjay,0.009006080022,0.030940436477,0.021934356455,0.021934356455,0.054659020994,0.056244792149,0.001585771155,0.001585771155,0,0
429.mcf-184B,l1d_prefetcher-berti_l1i_prefetcher-barca_l2c_replacement-PACIPV,0.000000000000,0.000002324000,0.000002324000,0.000002324000,0.000000000000,0.013636363636,0.013636363636,0.013636363636,0,0
429.mcf-184B,l1d_prefetcher-berti_l1i_prefetcher-barca_l2c_replacement-mockingjay,0.000000000000,0.000000000000,0.000000000000,0.000000000000,0.000000000000,0.000000000000,0.000000000000,0.000000000000,0,0
429.mcf-184B,l1d_prefetcher-berti_l1i_prefetcher-entangling_l2c_replacement-PACIPV,0.000000000000,0.000002324000,0.000002324000,0.000002324000,0.000000000000,0.013636363636,0.013636363636,0.013636363636,1,0
429.mcf-184B,l1d_prefetcher-berti_l1i_prefetcher-entangling_l2c_replacement-mockingjay,0.000000000000,0.000000000000,0.000000000000,0.000000000000,0.000000000000,0.000000000000,0.000000000000,0.000000000000,0,1
429.mcf-184B,l1d_prefetcher-gaze_l1i_prefetcher-barca_l2c_replacement-PACIPV,0.001178759720,0.001618607997,0.000439848277,0.000439848277,0.084869347982,0.071792397792,-0.013076950190,0.013076950190,0,0
429.mcf-184B,l1d_prefetcher-gaze_l1i_prefetcher-barca_l2c_replacement-mockingjay,0.001179047933,0.001595399745,0.000416351812,0.000416351812,0.085388327141,0.070429297158,-0.014959029983,0.014959029983,0,0
429.mcf-184B,l1d_prefetcher-gaze_l1i_prefetcher-entangling_l2c_replacement-PACIPV,0.001178759720,0.001618607997,0.000439848277,0.000439848277,0.084869347982,0.071792397792,-0.013076950190,0.013076950190,0,0
429.mcf-184B,l1d_prefetcher-gaze_l1i_prefetcher-entangling_l2c_replacement-mockingjay,0.001179047933,0.001595399745,0.000416351812,0.000416351812,0.085388327141,0.070429297158,-0.014959029983,0.014959029983,0,0
433.milc-127B,l1d_prefetcher-berti_l1i_prefetcher-barca_l2c_replacement-PACIPV,0.042886366215,0.046704655356,0.003818289141,0.003818289141,0.057457562531,0.054008528909,-0.003449033622,0.003449033622,0,0
433.milc-127B,l1d_prefetcher-berti_l1i_prefetcher-barca_l2c_replacement-mockingjay,0.043136750419,0.046305154831,0.003168404412,0.003168404412,0.058040375182,0.053412062323,-0.004628312859,0.004628312859,0,0
433.milc-127B,l1d_prefetcher-berti_l1i_prefetcher-entangling_l2c_replacement-PACIPV,0.042886366215,0.046704655356,0.003818289141,0.003818289141,0.057457562531,0.054008528909,-0.003449033622,0.003449033622,0,0
433.milc-127B,l1d_prefetcher-berti_l1i_prefetcher-entangling_l2c_replacement-mockingjay,0.043136750419,0.046305154831,0.003168404412,0.003168404412,0.058040375182,0.053412062323,-0.004628312859,0.004628312859,0,0
433.milc-127B,l1d_prefetcher-gaze_l1i_prefetcher-barca_l2c_replacement-PACIPV,0.113870624728,0.120564465287,0.006693840559,0.006693840559,0.708575407290,0.739215549360,0.030640142070,0.030640142070,0,0
433.milc-127B,l1d_prefetcher-gaze_l1i_prefetcher-barca_l2c_replacement-mockingjay,0.113864120606,0.120664460482,0.006800339876,0.006800339876,0.708594203098,0.739178136844,0.030583933746,0.030583933746,0,0
433.milc-127B,l1d_prefetcher-gaze_l1i_prefetcher-entangling_l2c_replacement-PACIPV,0.113870624728,0.120564465287,0.006693840559,0.006693840559,0.708575407290,0.739215549360,0.030640142070,0.030640142070,1,0
433.milc-127B,l1d_prefetcher-gaze_l1i_prefetcher-entangling_l2c_replacement-mockingjay,0.113864120606,0.120664460482,0.006800339876,0.006800339876,0.708594203098,0.739178136844,0.030583933746,0.030583933746,0,1
434.zeusmp-10B,l1d_prefetcher-berti_l1i_prefetcher-barca_l2c_replacement-PACIPV,0.043597721252,0.045248684101,0.001650962849,0.001650962849,0.019658068856,0.018416032912,-0.001242035944,0.001242035944,0,0
434.zeusmp-10B,l1d_prefetcher-berti_l1i_prefetcher-barca_l2c_replacement-mockingjay,0.043602265770,0.044547270190,0.000945004420,0.000945004420,0.019658207218,0.018523328959,-0.001134878259,0.001134878259,0,0
434.zeusmp-10B,l1d_prefetcher-berti_l1i_prefetcher-entangling_l2c_replacement-PACIPV,0.043597721252,0.045248684101,0.001650962849,0.001650962849,0.019658068856,0.018416032912,-0.001242035944,0.001242035944,1,0
434.zeusmp-10B,l1d_prefetcher-berti_l1i_prefetcher-entangling_l2c_replacement-mockingjay,0.043602265770,0.044547270190,0.000945004420,0.000945004420,0.019658207218,0.018523328959,-0.001134878259,0.001134878259,0,1
434.zeusmp-10B,l1d_prefetcher-gaze_l1i_prefetcher-barca_l2c_replacement-PACIPV,0.055771095163,0.039126430660,-0.016644664503,0.016644664503,0.527788852263,0.574424760741,0.046635908478,0.046635908478,0,0
434.zeusmp-10B,l1d_prefetcher-gaze_l1i_prefetcher-barca_l2c_replacement-mockingjay,0.055770079996,0.039211439678,-0.016558640318,0.016558640318,0.527745098971,0.575070244737,0.047325145766,0.047325145766,0,0
434.zeusmp-10B,l1d_prefetcher-gaze_l1i_prefetcher-entangling_l2c_replacement-PACIPV,0.055771095163,0.039126430660,-0.016644664503,0.016644664503,0.527788852263,0.574424760741,0.046635908478,0.046635908478,0,0
434.zeusmp-10B,l1d_prefetcher-gaze_l1i_prefetcher-entangling_l2c_replacement-mockingjay,0.055770079996,0.039211439678,-0.016558640318,0.016558640318,0.527745098971,0.575070244737,0.047325145766,0.047325145766,0,0
435.gromacs-111B,l1d_prefetcher-berti_l1i_prefetcher-barca_l2c_replacement-PACIPV,0.005426204205,0.010113992789,0.004687788584,0.004687788584,0.018170815644,0.012157439820,-0.006013375824,0.006013375824,0,0
435.gromacs-111B,l1d_prefetcher-berti_l1i_prefetcher-barca_l2c_replacement-mockingjay,0.005427321093,0.009797202052,0.004369880959,0.004369880959,0.018171361645,0.011837768522,-0.006333593123,0.006333593123,1,0
435.gromacs-111B,l1d_prefetcher-berti_l1i_prefetcher-entangling_l2c_replacement-PACIPV,0.005421297648,0.010022953902,0.004601656254,0.004601656254,0.018158035038,0.012007590679,-0.006150444359,0.006150444359,0,0
435.gromacs-111B,l1d_prefetcher-berti_l1i_prefetcher-entangling_l2c_replacement-mockingjay,0.005421293442,0.009813957932,0.004392664490,0.004392664490,0.018158035038,0.011873539077,-0.006284495961,0.006284495961,0,0
435.gromacs-111B,l1d_prefetcher-gaze_l1i_prefetcher-barca_l2c_replacement-PACIPV,0.012208632707,0.014077645332,0.001869012625,0.001869012625,0.300392712244,0.208743784595,-0.091648927649,0.091648927649,0,0
435.gromacs-111B,l1d_prefetcher-gaze_l1i_prefetcher-barca_l2c_replacement-mockingjay,0.012208632707,0.014047289660,0.001838656953,0.001838656953,0.300392712244,0.207223743156,-0.093168969088,0.093168969088,0,0
435.gromacs-111B,l1d_prefetcher-gaze_l1i_prefetcher-entangling_l2c_replacement-PACIPV,0.012210471900,0.014084804015,0.001874332115,0.001874332115,0.300326947214,0.208632644138,-0.091694303076,0.091694303076,0,0
435.gromacs-111B,l1d_prefetcher-gaze_l1i_prefetcher-entangling_l2c_replacement-mockingjay,0.012210471900,0.014187539694,0.001977067794,0.001977067794,0.300326947214,0.209810284573,-0.090516662641,0.090516662641,0,1
436.cactusADM-1804B,l1d_prefetcher-berti_l1i_prefetcher-barca_l2c_replacement-PACIPV,0.006632875376,0.047946833778,0.041313958402,0.041313958402,0.003518568593,0.048509314213,0.044990745620,0.044990745620,0,0
436.cactusADM-1804B,l1d_prefetcher-berti_l1i_prefetcher-barca_l2c_replacement-mockingjay,0.006637557496,0.047354811361,0.040717253865,0.040717253865,0.003516839900,0.048893859052,0.045377019152,0.045377019152,0,0
436.cactusADM-1804B,l1d_prefetcher-berti_l1i_prefetcher-entangling_l2c_replacement-PACIPV,0.006632875376,0.047946833778,0.041313958402,0.041313958402,0.003518568593,0.048509314213,0.044990745620,0.044990745620,1,0
436.cactusADM-1804B,l1d_prefetcher-berti_l1i_prefetcher-entangling_l2c_replacement-mockingjay,0.006637557496,0.047354811361,0.040717253865,0.040717253865,0.003516839900,0.048893859052,0.045377019152,0.045377019152,0,0
436.cactusADM-1804B,l1d_prefetcher-gaze_l1i_prefetcher-barca_l2c_replacement-PACIPV,0.045540897690,0.080794004987,0.035253107297,0.035253107297,0.326647383644,0.419984268054,0.093336884410,0.093336884410,0,0
436.cactusADM-1804B,l1d_prefetcher-gaze_l1i_prefetcher-barca_l2c_replacement-mockingjay,0.045597051738,0.077232433594,0.031635381856,0.031635381856,0.326524112852,0.408682882926,0.082158770074,0.082158770074,0,0
436.cactusADM-1804B,l1d_prefetcher-gaze_l1i_prefetcher-entangling_l2c_replacement-PACIPV,0.045540897690,0.080794004987,0.035253107297,0.035253107297,0.326647383644,0.419984268054,0.093336884410,0.093336884410,0,0
436.cactusADM-1804B,l1d_prefetcher-gaze_l1i_prefetcher-entangling_l2c_replacement-mockingjay,0.045597051738,0.077232433594,0.031635381856,0.031635381856,0.326524112852,0.408682882926,0.082158770074,0.082158770074,0,1
437.leslie3d-134B,l1d_prefetcher-berti_l1i_prefetcher-barca_l2c_replacement-PACIPV,0.055397923672,0.081713694634,0.026315770962,0.026315770962,0.036996537024,0.045509592936,0.008513055912,0.008513055912,0,0
437.leslie3d-134B,l1d_prefetcher-berti_l1i_prefetcher-barca_l2c_replacement-mockingjay,0.055401419969,0.082642690233,0.027241270264,0.027241270264,0.036996576213,0.045374032789,0.008377456576,0.008377456576,0,0
437.leslie3d-134B,l1d_prefetcher-berti_l1i_prefetcher-entangling_l2c_replacement-PACIPV,0.055397923672,0.081713694634,0.026315770962,0.026315770962,0.036996537024,0.045509592936,0.008513055912,0.008513055912,0,0
437.leslie3d-134B,l1d_prefetcher-berti_l1i_prefetcher-entangling_l2c_replacement-mockingjay,0.055401419969,0.082642690233,0.027241270264,0.027241270264,0.036996576213,0.045374032789,0.008377456576,0.008377456576,1,1
437.leslie3d-134B,l1d_prefetcher-gaze_l1i_prefetcher-barca_l2c_replacement-PACIPV,0.143125078195,0.177900011537,0.034774933342,0.034774933342,0.501068990695,0.587341459397,0.086272468702,0.086272468702,0,0
437.leslie3d-134B,l1d_prefetcher-gaze_l1i_prefetcher-barca_l2c_replacement-mockingjay,0.143164848190,0.178933367712,0.035768519522,0.035768519522,0.501078813818,0.586327340168,0.085248526350,0.085248526350,0,0
437.leslie3d-134B,l1d_prefetcher-gaze_l1i_prefetcher-entangling_l2c_replacement-PACIPV,0.143125078195,0.177900011537,0.034774933342,0.034774933342,0.501068990695,0.587341459397,0.086272468702,0.086272468702,0,0
437.leslie3d-134B,l1d_prefetcher-gaze_l1i_prefetcher-entangling_l2c_replacement-mockingjay,0.143164848190,0.178933367712,0.035768519522,0.035768519522,0.501078813818,0.586327340168,0.085248526350,0.085248526350,0,0
444.namd-120B,l1d_prefetcher-berti_l1i_prefetcher-barca_l2c_replacement-PACIPV,0.043945950541,0.036857498781,-0.007088451760,0.007088451760,0.023614930803,0.035565427582,0.011950496779,0.011950496779,0,0
444.namd-120B,l1d_prefetcher-berti_l1i_prefetcher-barca_l2c_replacement-mockingjay,0.043945950541,0.037009345794,-0.006936604747,0.006936604747,0.023614930803,0.024019340248,0.000404409445,0.000404409445,0,0
444.namd-120B,l1d_prefetcher-berti_l1i_prefetcher-entangling_l2c_replacement-PACIPV,0.043945950541,0.038313761567,-0.005632188974,0.005632188974,0.023614930803,0.046078000683,0.022463069880,0.022463069880,0,0
444.namd-120B,l1d_prefetcher-berti_l1i_prefetcher-entangling_l2c_replacement-mockingjay,0.043945950541,0.037476318809,-0.006469631732,0.006469631732,0.023614930803,0.031452244989,0.007837314186,0.007837314186,0,0
444.namd-120B,l1d_prefetcher-gaze_l1i_prefetcher-barca_l2c_replacement-PACIPV,0.139253179843,0.060257687927,-0.078995491916,0.078995491916,0.589817213748,0.483024251070,-0.106792962678,0.106792962678,0,0
444.namd-120B,l1d_prefetcher-gaze_l1i_prefetcher-barca_l2c_replacement-mockingjay,0.139253179843,0.060455420141,-0.078797759702,0.078797759702,0.589817213748,0.483884768967,-0.105932444781,0.105932444781,0,1
444.namd-120B,l1d_prefetcher-gaze_l1i_prefetcher-entangling_l2c_replacement-PACIPV,0.139253179843,0.059589187647,-0.079663992196,0.079663992196,0.589817213748,0.480310434033,-0.109506779715,0.109506779715,0,0
444.namd-120B,l1d_prefetcher-gaze_l1i_prefetcher-entangling_l2c_replacement-mockingjay,0.139253179843,0.060459643055,-0.078793536788,0.078793536788,0.589817213748,0.484290202799,-0.105527010949,0.105527010949,1,0
445.gobmk-17B,l1d_prefetcher-berti_l1i_prefetcher-barca_l2c_replacement-PACIPV,0.002028857504,0.029095058119,0.027066200615,0.027066200615,0.005859435915,0.053730163956,0.047870728041,0.047870728041,0,0
445.gobmk-17B,l1d_prefetcher-berti_l1i_prefetcher-barca_l2c_replacement-mockingjay,0.002032704271,0.029541603178,0.027508898907,0.027508898907,0.005860654161,0.053281109542,0.047420455381,0.047420455381,0,0
445.gobmk-17B,l1d_prefetcher-berti_l1i_prefetcher-entangling_l2c_replacement-PACIPV,0.002022417227,0.029095392639,0.027072975412,0.027072975412,0.005805855736,0.052616740991,0.046810885255,0.046810885255,0,0
445.gobmk-17B,l1d_prefetcher-berti_l1i_prefetcher-entangling_l2c_replacement-mockingjay,0.002069160814,0.029159397077,0.027090236263,0.027090236263,0.005858385304,0.052505536386,0.046647151082,0.046647151082,0,1
445.gobmk-17B,l1d_prefetcher-gaze_l1i_prefetcher-barca_l2c_replacement-PACIPV,0.020841502429,0.048338504937,0.027497002508,0.027497002508,0.344819446922,0.540977396136,0.196157949214,0.196157949214,0,0
445.gobmk-17B,l1d_prefetcher-gaze_l1i_prefetcher-barca_l2c_replacement-mockingjay,0.020841993696,0.048852492393,0.028010498697,0.028010498697,0.344819446922,0.548932384342,0.204112937420,0.204112937420,0,0
445.gobmk-17B,l1d_prefetcher-gaze_l1i_prefetcher-entangling_l2c_replacement-PACIPV,0.020977098140,0.048074642208,0.027097544068,0.027097544068,0.346019395265,0.543967280164,0.197947884899,0.197947884899,0,0
445.gobmk-17B,l1d_prefetcher-gaze_l1i_prefetcher-entangling_l2c_replacement-mockingjay,0.020977241782,0.048228279771,0.027251037989,0.027251037989,0.346019395265,0.543315099860,0.197295704595,0.197295704595,1,0
447.dealII-3B,l1d_prefetcher-berti_l1i_prefetcher-barca_l2c_replacement-PACIPV,0.046979690067,0.072223073909,0.025243383842,0.025243383842,0.007601817315,0.007219015978,-0.000382801337,0.000382801337,0,0
447.dealII-3B,l1d_prefetcher-berti_l1i_prefetcher-barca_l2c_replacement-mockingjay,0.046979690067,0.071408251958,0.024428561891,0.024428561891,0.007601817315,0.007197876154,-0.000403941161,0.000403941161,0,0
447.dealII-3B,l1d_prefetcher-berti_l1i_prefetcher-entangling_l2c_replacement-PACIPV,0.047132492597,0.072732586124,0.025600093527,0.025600093527,0.007605825119,0.007189688719,-0.000416136400,0.000416136400,0,0
447.dealII-3B,l1d_prefetcher-berti_l1i_prefetcher-entangling_l2c_replacement-mockingjay,0.047132492597,0.071257050472,0.024124557875,0.024124557875,0.007605825119,0.007215153781,-0.000390671338,0.000390671338,0,0
447.dealII-3B,l1d_prefetcher-gaze_l1i_prefetcher-barca_l2c_replacement-PACIPV,0.523831985593,0.415871906602,-0.107960078991,0.107960078991,0.666586449710,0.689041002588,0.022454552878,0.022454552878,0,0
447.dealII-3B,l1d_prefetcher-gaze_l1i_prefetcher-barca_l2c_replacement-mockingjay,0.523831985593,0.415989800744,-0.107842184849,0.107842184849,0.666586449710,0.688938836671,0.022352386961,0.022352386961,0,1
447.dealII-3B,l1d_prefetcher-gaze_l1i_prefetcher-entangling_l2c_replacement-PACIPV,0.523827889968,0.408354769009,-0.115473120959,0.115473120959,0.666586449710,0.689818194459,0.023231744749,0.023231744749,0,0
447.dealII-3B,l1d_prefetcher-gaze_l1i_prefetcher-entangling_l2c_replacement-mockingjay,0.523827889968,0.408851162024,-0.114976727944,0.114976727944,0.666586449710,0.689818194459,0.023231744749,0.023231744749,1,0
450.soplex-247B,l1d_prefetcher-berti_l1i_prefetcher-barca_l2c_replacement-PACIPV,0.088118250374,0.078998121270,-0.009120129104,0.009120129104,0.058941954900,0.055677329982,-0.003264624918,0.003264624918,0,0
450.soplex-247B,l1d_prefetcher-berti_l1i_prefetcher-barca_l2c_replacement-mockingjay,0.087989637190,0.079459235160,-0.008530402030,0.008530402030,0.058914030861,0.055944195204,-0.002969835657,0.002969835657,0,1
450.soplex-247B,l1d_prefetcher-berti_l1i_prefetcher-entangling_l2c_replacement-PACIPV,0.088122237295,0.079215032583,-0.008907204712,0.008907204712,0.059020580826,0.055837125178,-0.003183455648,0.003183455648,1,0
450.soplex-247B,l1d_prefetcher-berti_l1i_prefetcher-entangling_l2c_replacement-mockingjay,0.087968615212,0.079083803223,-0.008884811989,0.008884811989,0.058710432746,0.055728318278,-0.002982114468,0.002982114468,0,0
450.soplex-247B,l1d_prefetcher-gaze_l1i_prefetcher-barca_l2c_replacement-PACIPV,0.161080570237,0.093504801481,-0.067575768756,0.067575768756,0.562583150607,0.542897081464,-0.019686069143,0.019686069143,0,0
450.soplex-247B,l1d_prefetcher-gaze_l1i_prefetcher-barca_l2c_replacement-mockingjay,0.160973125353,0.093876701415,-0.067096423938,0.067096423938,0.562560012529,0.543688459396,-0.018871553133,0.018871553133,0,0
450.soplex-247B,l1d_prefetcher-gaze_l1i_prefetcher-entangling_l2c_replacement-PACIPV,0.161087325047,0.093466106531,-0.067621218516,0.067621218516,0.562785633699,0.542442891763,-0.020342741936,0.020342741936,0,0
450.soplex-247B,l1d_prefetcher-gaze_l1i_prefetcher-entangling_l2c_replacement-mockingjay,0.160981765365,0.093615424511,-0.067366340854,0.067366340854,0.562815714984,0.543949405481,-0.018866309503,0.018866309503,0,0
453.povray-252B,l1d_prefetcher-berti_l1i_prefetcher-barca_l2c_replacement-PACIPV,0.000278374862,0.000000000000,-0.000278374862,0.000278374862,0.006580760806,0.000000000000,-0.006580760806,0.006580760806,0,0
453.povray-252B,l1d_prefetcher-berti_l1i_prefetcher-barca_l2c_replacement-mockingjay,0.000278374862,0.000000000000,-0.000278374862,0.000278374862,0.006580760806,0.000000000000,-0.006580760806,0.006580760806,0,1
453.povray-252B,l1d_prefetcher-berti_l1i_prefetcher-entangling_l2c_replacement-PACIPV,0.000259725293,0.000000000000,-0.000259725293,0.000259725293,0.005671669896,0.000000000000,-0.005671669896,0.005671669896,0,0
453.povray-252B,l1d_prefetcher-berti_l1i_prefetcher-entangling_l2c_replacement-mockingjay,0.000259725293,0.000000000000,-0.000259725293,0.000259725293,0.005671669896,0.000000000000,-0.005671669896,0.005671669896,0,0
453.povray-252B,l1d_prefetcher-gaze_l1i_prefetcher-barca_l2c_replacement-PACIPV,0.042054506925,0.073088875660,0.031034368735,0.031034368735,0.149058897214,0.147494773882,-0.001564123332,0.001564123332,0,0
453.povray-252B,l1d_prefetcher-gaze_l1i_prefetcher-barca_l2c_replacement-mockingjay,0.042061735739,0.073197464999,0.031135729260,0.031135729260,0.149086798010,0.147926921621,-0.001159876389,0.001159876389,1,0
453.povray-252B,l1d_prefetcher-gaze_l1i_prefetcher-entangling_l2c_replacement-PACIPV,0.041996404388,0.073580088452,0.031583684064,0.031583684064,0.148523916008,0.147429625695,-0.001094290313,0.001094290313,0,0
453.povray-252B,l1d_prefetcher-gaze_l1i_prefetcher-entangling_l2c_replacement-mockingjay,0.041995773778,0.073656849776,0.031661075998,0.031661075998,0.148523916008,0.147984780946,-0.000539135062,0.000539135062,0,0
454.calculix-104B,l1d_prefetcher-berti_l1i_prefetcher-barca_l2c_replacement-PACIPV,0.003299585581,0.031635388740,0.028335803159,0.028335803159,0.004627526357,0.013053097345,0.008425570988,0.008425570988,0,0
454.calculix-104B,l1d_prefetcher-berti_l1i_prefetcher-barca_l2c_replacement-mockingjay,0.003299585581,0.031635388740,0.028335803159,0.028335803159,0.004627526357,0.013053097345,0.008425570988,0.008425570988,0,1
454.calculix-104B,l1d_prefetcher-berti_l1i_prefetcher-entangling_l2c_replacement-PACIPV,0.003299585581,0.025820568928,0.022520983347,0.022520983347,0.004627526357,0.004223335719,-0.000404190638,0.000404190638,0,0
454.calculix-104B,l1d_prefetcher-berti_l1i_prefetcher-entangling_l2c_replacement-mockingjay,0.003299585581,0.025820568928,0.022520983347,0.022520983347,0.004627526357,0.004223335719,-0.000404190638,0.000404190638,1,0
454.calculix-104B,l1d_prefetcher-gaze_l1i_prefetcher-barca_l2c_replacement-PACIPV,0.038384494892,0.079563182527,0.041178687635,0.041178687635,0.495925195519,0.481132075472,-0.014793120047,0.014793120047,0,0
454.calculix-104B,l1d_prefetcher-gaze_l1i_prefetcher-barca_l2c_replacement-mockingjay,0.038384494892,0.079563182527,0.041178687635,0.041178687635,0.495925195519,0.481132075472,-0.014793120047,0.014793120047,0,0
454.calculix-104B,l1d_prefetcher-gaze_l1i_prefetcher-entangling_l2c_replacement-PACIPV,0.038384494892,0.079563182527,0.041178687635,0.041178687635,0.495925195519,0.481132075472,-0.014793120047,0.014793120047,0,0
454.calculix-104B,l1d_prefetcher-gaze_l1i_prefetcher-entangling_l2c_replacement-mockingjay,0.038384494892,0.079563182527,0.041178687635,0.041178687635,0.495925195519,0.481132075472,-0.014793120047,0.014793120047,0,0
456.hmmer-191B,l1d_prefetcher-berti_l1i_prefetcher-barca_l2c_replacement-PACIPV,0.023656590851,0.016948875723,-0.006707715128,0.006707715128,0.014517099695,0.013129594251,-0.001387505444,0.001387505444,0,0
456.hmmer-191B,l1d_prefetcher-berti_l1i_prefetcher-barca_l2c_replacement-mockingjay,0.023656590851,0.016691629511,-0.006964961340,0.006964961340,0.014517099695,0.013507069724,-0.001010029971,0.001010029971,0,0
456.hmmer-191B,l1d_prefetcher-berti_l1i_prefetcher-entangling_l2c_replacement-PACIPV,0.023656590851,0.016948875723,-0.006707715128,0.006707715128,0.014517099695,0.013129594251,-0.001387505444,0.001387505444,0,0
456.hmmer-191B,l1d_prefetcher-berti_l1i_prefetcher-entangling_l2c_replacement-mockingjay,0.023656590851,0.016691629511,-0.006964961340,0.006964961340,0.014517099695,0.013507069724,-0.001010029971,0.001010029971,1,1
456.hmmer-191B,l1d_prefetcher-gaze_l1i_prefetcher-barca_l2c_replacement-PACIPV,0.028808648310,0.005402588710,-0.023406059600,0.023406059600,0.284875277121,0.070892514662,-0.213982762459,0.213982762459,0,0
456.hmmer-191B,l1d_prefetcher-gaze_l1i_prefetcher-barca_l2c_replacement-mockingjay,0.028808648310,0.005397620472,-0.023411027838,0.023411027838,0.284875277121,0.070859573758,-0.214015703363,0.214015703363,0,0
456.hmmer-191B,l1d_prefetcher-gaze_l1i_prefetcher-entangling_l2c_replacement-PACIPV,0.028808648310,0.005402588710,-0.023406059600,0.023406059600,0.284875277121,0.070892514662,-0.213982762459,0.213982762459,0,0
456.hmmer-191B,l1d_prefetcher-gaze_l1i_prefetcher-entangling_l2c_replacement-mockingjay,0.028808648310,0.005397620472,-0.023411027838,0.023411027838,0.284875277121,0.070859573758,-0.214015703363,0.214015703363,0,0
458.sjeng-1088B,l1d_prefetcher-berti_l1i_prefetcher-barca_l2c_replacement-PACIPV,0.000000000000,0.000000000000,0.000000000000,0.000000000000,0.000000000000,0.000000000000,0.000000000000,0.000000000000,0,0
458.sjeng-1088B,l1d_prefetcher-berti_l1i_prefetcher-barca_l2c_replacement-mockingjay,0.000000000000,0.000000000000,0.000000000000,0.000000000000,0.000000000000,0.000000000000,0.000000000000,0.000000000000,1,1
458.sjeng-1088B,l1d_prefetcher-berti_l1i_prefetcher-entangling_l2c_replacement-PACIPV,0.000000000000,0.000000000000,0.000000000000,0.000000000000,0.000000000000,0.000000000000,0.000000000000,0.000000000000,0,0
458.sjeng-1088B,l1d_prefetcher-berti_l1i_prefetcher-entangling_l2c_replacement-mockingjay,0.000000000000,0.000000000000,0.000000000000,0.000000000000,0.000000000000,0.000000000000,0.000000000000,0.000000000000,0,0
458.sjeng-1088B,l1d_prefetcher-gaze_l1i_prefetcher-barca_l2c_replacement-PACIPV,0.004146544768,0.005199523899,0.001052979131,0.001052979131,0.050884007223,0.030187306783,-0.020696700440,0.020696700440,0,0
458.sjeng-1088B,l1d_prefetcher-gaze_l1i_prefetcher-barca_l2c_replacement-mockingjay,0.004146544768,0.005123879151,0.000977334383,0.000977334383,0.050884007223,0.029667149059,-0.021216858164,0.021216858164,0,0
458.sjeng-1088B,l1d_prefetcher-gaze_l1i_prefetcher-entangling_l2c_replacement-PACIPV,0.004159451377,0.005274890891,0.001115439514,0.001115439514,0.050410126248,0.030780505680,-0.019629620568,0.019629620568,0,0
458.sjeng-1088B,l1d_prefetcher-gaze_l1i_prefetcher-entangling_l2c_replacement-mockingjay,0.004159451377,0.005301628133,0.001142176756,0.001142176756,0.050410126248,0.030941047235,-0.019469079013,0.019469079013,0,0
459.GemsFDTD-1169B,l1d_prefetcher-berti_l1i_prefetcher-barca_l2c_replacement-PACIPV,0.090357282942,0.105831541406,0.015474258464,0.015474258464,0.070025455731,0.077661827745,0.007636372014,0.007636372014,0,0
459.GemsFDTD-1169B,l1d_prefetcher-berti_l1i_prefetcher-barca_l2c_replacement-mockingjay,0.090120907472,0.106040378071,0.015919470599,0.015919470599,0.069982426885,0.077714193492,0.007731766607,0.007731766607,0,0
459.GemsFDTD-1169B,l1d_prefetcher-berti_l1i_prefetcher-entangling_l2c_replacement-PACIPV,0.090357282942,0.105831541406,0.015474258464,0.015474258464,0.070025455731,0.077661827745,0.007636372014,0.007636372014,0,0
459.GemsFDTD-1169B,l1d_prefetcher-berti_l1i_prefetcher-entangling_l2c_replacement-mockingjay,0.090120907472,0.105880735711,0.015759828239,0.015759828239,0.069982426885,0.077611675608,0.007629248723,0.007629248723,0,0
459.GemsFDTD-1169B,l1d_prefetcher-gaze_l1i_prefetcher-barca_l2c_replacement-PACIPV,0.178721363790,0.207610937787,0.028889573997,0.028889573997,0.706886660925,0.668530932953,-0.038355727972,0.038355727972,0,0
459.GemsFDTD-1169B,l1d_prefetcher-gaze_l1i_prefetcher-barca_l2c_replacement-mockingjay,0.178736764464,0.208532760939,0.029795996475,0.029795996475,0.706808450729,0.669269262666,-0.037539188063,0.037539188063,0,0
459.GemsFDTD-1169B,l1d_prefetcher-gaze_l1i_prefetcher-entangling_l2c_replacement-PACIPV,0.178721363790,0.207610937787,0.028889573997,0.028889573997,0.706886660925,0.668530932953,-0.038355727972,0.038355727972,0,1
459.GemsFDTD-1169B,l1d_prefetcher-gaze_l1i_prefetcher-entangling_l2c_replacement-mockingjay,0.178736764464,0.208532760939,0.029795996475,0.029795996475,0.706808450729,0.669269262666,-0.037539188063,0.037539188063,1,0
462.libquantum-1343B,l1d_prefetcher-berti_l1i_prefetcher-barca_l2c_replacement-PACIPV,0.140810361401,0.151424938510,0.010614577109,0.010614577109,0.116917111771,0.117578039230,0.000660927459,0.000660927459,0,0
462.libquantum-1343B,l1d_prefetcher-berti_l1i_prefetcher-barca_l2c_replacement-mockingjay,0.140356777399,0.151726860871,0.011370083472,0.011370083472,0.116792931127,0.117561250652,0.000768319525,0.000768319525,0,0
462.libquantum-1343B,l1d_prefetcher-berti_l1i_prefetcher-entangling_l2c_replacement-PACIPV,0.140810361401,0.151424938510,0.010614577109,0.010614577109,0.116917111771,0.117578039230,0.000660927459,0.000660927459,0,0
462.libquantum-1343B,l1d_prefetcher-berti_l1i_prefetcher-entangling_l2c_replacement-mockingjay,0.140356777399,0.151726860871,0.011370083472,0.011370083472,0.116792931127,0.117561250652,0.000768319525,0.000768319525,0,0
462.libquantum-1343B,l1d_prefetcher-gaze_l1i_prefetcher-barca_l2c_replacement-PACIPV,0.516415182907,0.556128655416,0.039713472509,0.039713472509,0.737233775095,0.720919552339,-0.016314222756,0.016314222756,0,0
462.libquantum-1343B,l1d_prefetcher-gaze_l1i_prefetcher-barca_l2c_replacement-mockingjay,0.516273005889,0.557837876393,0.041564870504,0.041564870504,0.737226862014,0.720919552339,-0.016307309675,0.016307309675,0,0
462.libquantum-1343B,l1d_prefetcher-gaze_l1i_prefetcher-entangling_l2c_replacement-PACIPV,0.516415182907,0.556128655416,0.039713472509,0.039713472509,0.737233775095,0.720919552339,-0.016314222756,0.016314222756,1,0
462.libquantum-1343B,l1d_prefetcher-gaze_l1i_prefetcher-entangling_l2c_replacement-mockingjay,0.516273005889,0.557837876393,0.041564870504,0.041564870504,0.737226862014,0.720919552339,-0.016307309675,0.016307309675,0,1
464.h264ref-30B,l1d_prefetcher-berti_l1i_prefetcher-barca_l2c_replacement-PACIPV,0.010083020628,0.049428019124,0.039344998496,0.039344998496,0.027688652360,0.057492627271,0.029803974911,0.029803974911,0,1
464.h264ref-30B,l1d_prefetcher-berti_l1i_prefetcher-barca_l2c_replacement-mockingjay,0.010082651490,0.050269615206,0.040186963716,0.040186963716,0.027697734249,0.057050480068,0.029352745819,0.029352745819,0,0
464.h264ref-30B,l1d_prefetcher-berti_l1i_prefetcher-entangling_l2c_replacement-PACIPV,0.010083020628,0.047751800976,0.037668780348,0.037668780348,0.027688652360,0.053940695844,0.026252043484,0.026252043484,0,0
464.h264ref-30B,l1d_prefetcher-berti_l1i_prefetcher-entangling_l2c_replacement-mockingjay,0.010082651490,0.048872293354,0.038789641864,0.038789641864,0.027697734249,0.056800465387,0.029102731138,0.029102731138,0,0
464.h264ref-30B,l1d_prefetcher-gaze_l1i_prefetcher-barca_l2c_replacement-PACIPV,0.031497177263,0.041072904714,0.009575727451,0.009575727451,0.318568481579,0.571379532289,0.252811050710,0.252811050710,0,0
464.h264ref-30B,l1d_prefetcher-gaze_l1i_prefetcher-barca_l2c_replacement-mockingjay,0.031497177263,0.040904898655,0.009407721392,0.009407721392,0.318568481579,0.571028721526,0.252460239947,0.252460239947,0,0
464.h264ref-30B,l1d_prefetcher-gaze_l1i_prefetcher-entangling_l2c_replacement-PACIPV,0.031497177263,0.041077260406,0.009580083143,0.009580083143,0.318568481579,0.570718539783,0.252150058204,0.252150058204,0,0
464.h264ref-30B,l1d_prefetcher-gaze_l1i_prefetcher-entangling_l2c_replacement-mockingjay,0.031497177263,0.040915566355,0.009418389092,0.009418389092,0.318568481579,0.570856995354,0.252288513775,0.252288513775,1,0
465.tonto-1914B,l1d_prefetcher-berti_l1i_prefetcher-barca_l2c_replacement-PACIPV,0.041467727780,0.113597842663,0.072130114883,0.072130114883,0.020219378533,0.021629130846,0.001409752313,0.001409752313,0,0
465.tonto-1914B,l1d_prefetcher-berti_l1i_prefetcher-barca_l2c_replacement-mockingjay,0.041493475612,0.113073627569,0.071580151957,0.071580151957,0.020222550460,0.021536093857,0.001313543397,0.001313543397,1,0
465.tonto-1914B,l1d_prefetcher-berti_l1i_prefetcher-entangling_l2c_replacement-PACIPV,0.041438049149,0.114008896472,0.072570847323,0.072570847323,0.020204314222,0.021581710337,0.001377396115,0.001377396115,0,0
465.tonto-1914B,l1d_prefetcher-berti_l1i_prefetcher-entangling_l2c_replacement-mockingjay,0.041463511754,0.113305282591,0.071841770837,0.071841770837,0.020207486096,0.021570511713,0.001363025617,0.001363025617,0,0
465.tonto-1914B,l1d_prefetcher-gaze_l1i_prefetcher-barca_l2c_replacement-PACIPV,0.071194184821,0.114950878130,0.043756693309,0.043756693309,0.495590432138,0.555892642000,0.060302209862,0.060302209862,0,0
465.tonto-1914B,l1d_prefetcher-gaze_l1i_prefetcher-barca_l2c_replacement-mockingjay,0.071194184821,0.114721073916,0.043526889095,0.043526889095,0.495590432138,0.554053075821,0.058462643683,0.058462643683,0,0
465.tonto-1914B,l1d_prefetcher-gaze_l1i_prefetcher-entangling_l2c_replacement-PACIPV,0.071147002381,0.123410571747,0.052263569366,0.052263569366,0.495135718277,0.570703938028,0.075568219751,0.075568219751,0,0
465.tonto-1914B,l1d_prefetcher-gaze_l1i_prefetcher-entangling_l2c_replacement-mockingjay,0.071147002381,0.123214679731,0.052067677350,0.052067677350,0.495135718277,0.569760227226,0.074624508949,0.074624508949,0,1
470.lbm-1274B,l1d_prefetcher-berti_l1i_prefetcher-barca_l2c_replacement-PACIPV,0.024949349482,0.025221061590,0.000271712108,0.000271712108,0.069180483034,0.067270762983,-0.001909720051,0.001909720051,0,0
470.lbm-1274B,l1d_prefetcher-berti_l1i_prefetcher-barca_l2c_replacement-mockingjay,0.025029697363,0.025522783727,0.000493086364,0.000493086364,0.069353232353,0.068032150023,-0.001321082330,0.001321082330,0,0
470.lbm-1274B,l1d_prefetcher-berti_l1i_prefetcher-entangling_l2c_replacement-PACIPV,0.024949349482,0.025221061590,0.000271712108,0.000271712108,0.069180483034,0.067270762983,-0.001909720051,0.001909720051,0,0
470.lbm-1274B,l1d_prefetcher-berti_l1i_prefetcher-entangling_l2c_replacement-mockingjay,0.025029697363,0.025522783727,0.000493086364,0.000493086364,0.069353232353,0.068032150023,-0.001321082330,0.001321082330,0,0
470.lbm-1274B,l1d_prefetcher-gaze_l1i_prefetcher-barca_l2c_replacement-PACIPV,0.000297472486,0.016993760412,0.016696287926,0.016696287926,0.476488095238,0.969410706253,0.492922611015,0.492922611015,0,0
470.lbm-1274B,l1d_prefetcher-gaze_l1i_prefetcher-barca_l2c_replacement-mockingjay,0.000318298602,0.016993372575,0.016675073973,0.016675073973,0.567293650794,0.969466936572,0.402173285778,0.402173285778,0,0
470.lbm-1274B,l1d_prefetcher-gaze_l1i_prefetcher-entangling_l2c_replacement-PACIPV,0.000297472486,0.016993760412,0.016696287926,0.016696287926,0.476488095238,0.969410706253,0.492922611015,0.492922611015,1,0
470.lbm-1274B,l1d_prefetcher-gaze_l1i_prefetcher-entangling_l2c_replacement-mockingjay,0.000318298602,0.016993372575,0.016675073973,0.016675073973,0.567293650794,0.969466936572,0.402173285778,0.402173285778,0,1
471.omnetpp-188B,l1d_prefetcher-berti_l1i_prefetcher-barca_l2c_replacement-PACIPV,0.001149153250,0.002142391377,0.000993238127,0.000993238127,0.050220872276,0.052737028764,0.002516156488,0.002516156488,0,0
471.omnetpp-188B,l1d_prefetcher-berti_l1i_prefetcher-barca_l2c_replacement-mockingjay,0.001151985101,0.002106796734,0.000954811633,0.000954811633,0.047696826497,0.051173143753,0.003476317256,0.003476317256,0,1
471.omnetpp-188B,l1d_prefetcher-berti_l1i_prefetcher-entangling_l2c_replacement-PACIPV,0.001144425757,0.002221012075,0.001076586318,0.001076586318,0.044680702235,0.046436620813,0.001755918578,0.001755918578,0,0
471.omnetpp-188B,l1d_prefetcher-berti_l1i_prefetcher-entangling_l2c_replacement-mockingjay,0.001144653641,0.002237939525,0.001093285884,0.001093285884,0.042114623333,0.053396975510,0.011282352177,0.011282352177,0,0
471.omnetpp-188B,l1d_prefetcher-gaze_l1i_prefetcher-barca_l2c_replacement-PACIPV,0.029222758335,0.037322748803,0.008099990468,0.008099990468,0.238979699459,0.273250429050,0.034270729591,0.034270729591,0,0
471.omnetpp-188B,l1d_prefetcher-gaze_l1i_prefetcher-barca_l2c_replacement-mockingjay,0.029201732491,0.037450699509,0.008248967018,0.008248967018,0.238847320515,0.274152911696,0.035305591181,0.035305591181,1,0
471.omnetpp-188B,l1d_prefetcher-gaze_l1i_prefetcher-entangling_l2c_replacement-PACIPV,0.029182349796,0.037381124580,0.008198774784,0.008198774784,0.239491042943,0.273095100473,0.033604057530,0.033604057530,0,0
471.omnetpp-188B,l1d_prefetcher-gaze_l1i_prefetcher-entangling_l2c_replacement-mockingjay,0.029178571379,0.037661677745,0.008483106366,0.008483106366,0.239165081843,0.275024975704,0.035859893861,0.035859893861,0,0
473.astar-153B,l1d_prefetcher-berti_l1i_prefetcher-barca_l2c_replacement-PACIPV,0.039371462861,0.048112786394,0.008741323533,0.008741323533,0.023942939766,0.022507258776,-0.001435680990,0.001435680990,0,0
473.astar-153B,l1d_prefetcher-berti_l1i_prefetcher-barca_l2c_replacement-mockingjay,0.039383407632,0.048751444986,0.009368037354,0.009368037354,0.023948860751,0.022539471199,-0.001409389552,0.001409389552,0,0
473.astar-153B,l1d_prefetcher-berti_l1i_prefetcher-entangling_l2c_replacement-PACIPV,0.039371462861,0.048112786394,0.008741323533,0.008741323533,0.023942939766,0.022507258776,-0.001435680990,0.001435680990,1,1
473.astar-153B,l1d_prefetcher-berti_l1i_prefetcher-entangling_l2c_replacement-mockingjay,0.039383407632,0.048751444986,0.009368037354,0.009368037354,0.023948860751,0.022539471199,-0.001409389552,0.001409389552,0,0
473.astar-153B,l1d_prefetcher-gaze_l1i_prefetcher-barca_l2c_replacement-PACIPV,0.062939010216,0.051067975718,-0.011871034498,0.011871034498,0.533204382096,0.341143486532,-0.192060895564,0.192060895564,0,0
473.astar-153B,l1d_prefetcher-gaze_l1i_prefetcher-barca_l2c_replacement-mockingjay,0.062928339890,0.051238687953,-0.011689651937,0.011689651937,0.533166757169,0.341567291312,-0.191599465857,0.191599465857,0,0
473.astar-153B,l1d_prefetcher-gaze_l1i_prefetcher-entangling_l2c_replacement-PACIPV,0.062939010216,0.051067975718,-0.011871034498,0.011871034498,0.533204382096,0.341143486532,-0.192060895564,0.192060895564,0,0
473.astar-153B,l1d_prefetcher-gaze_l1i_prefetcher-entangling_l2c_replacement-mockingjay,0.062928339890,0.051238687953,-0.011689651937,0.011689651937,0.533166757169,0.341567291312,-0.191599465857,0.191599465857,0,0
481.wrf-1170B,l1d_prefetcher-berti_l1i_prefetcher-barca_l2c_replacement-PACIPV,0.003861760751,0.000838650266,-0.003023110485,0.003023110485,0.007935364358,0.001825209362,-0.006110154996,0.006110154996,0,0
481.wrf-1170B,l1d_prefetcher-berti_l1i_prefetcher-barca_l2c_replacement-mockingjay,0.003861627885,0.001013457385,-0.002848170500,0.002848170500,0.007935364358,0.002285757110,-0.005649607248,0.005649607248,1,0
481.wrf-1170B,l1d_prefetcher-berti_l1i_prefetcher-entangling_l2c_replacement-PACIPV,0.003854736154,0.000955063455,-0.002899672699,0.002899672699,0.007905244046,0.001971727434,-0.005933516612,0.005933516612,0,0
481.wrf-1170B,l1d_prefetcher-berti_l1i_prefetcher-entangling_l2c_replacement-mockingjay,0.003854703012,0.000453331175,-0.003401371837,0.003401371837,0.007905244046,0.000944032367,-0.006961211679,0.006961211679,0,0
481.wrf-1170B,l1d_prefetcher-gaze_l1i_prefetcher-barca_l2c_replacement-PACIPV,0.070328521419,0.195620419251,0.125291897832,0.125291897832,0.203070698032,0.169095983873,-0.033974714159,0.033974714159,0,0
481.wrf-1170B,l1d_prefetcher-gaze_l1i_prefetcher-barca_l2c_replacement-mockingjay,0.070328521419,0.195108099387,0.124779577968,0.124779577968,0.203070698032,0.168065731980,-0.035004966052,0.035004966052,0,0
481.wrf-1170B,l1d_prefetcher-gaze_l1i_prefetcher-entangling_l2c_replacement-PACIPV,0.070041730527,0.195166577724,0.125124847197,0.125124847197,0.202466487592,0.170581375979,-0.031885111613,0.031885111613,0,0
481.wrf-1170B,l1d_prefetcher-gaze_l1i_prefetcher-entangling_l2c_replacement-mockingjay,0.070041730527,0.192668954662,0.122627224135,0.122627224135,0.202466487592,0.167711141060,-0.034755346532,0.034755346532,0,1
482.sphinx3-1100B,l1d_prefetcher-berti_l1i_prefetcher-barca_l2c_replacement-PACIPV,0.173101265801,0.153569713889,-0.019531551912,0.019531551912,0.057827577908,0.055258810326,-0.002568767582,0.002568767582,0,0
482.sphinx3-1100B,l1d_prefetcher-berti_l1i_prefetcher-barca_l2c_replacement-mockingjay,0.173056226891,0.154721297558,-0.018334929333,0.018334929333,0.057832501681,0.055421982940,-0.002410518741,0.002410518741,0,0
482.sphinx3-1100B,l1d_prefetcher-berti_l1i_prefetcher-entangling_l2c_replacement-PACIPV,0.173101265801,0.152108137220,-0.020993128581,0.020993128581,0.057827577908,0.055271347176,-0.002556230732,0.002556230732,1,0
482.sphinx3-1100B,l1d_prefetcher-berti_l1i_prefetcher-entangling_l2c_replacement-mockingjay,0.173056226891,0.154660924383,-0.018395302508,0.018395302508,0.057832501681,0.055461921549,-0.002370580132,0.002370580132,0,1
482.sphinx3-1100B,l1d_prefetcher-gaze_l1i_prefetcher-barca_l2c_replacement-PACIPV,0.311327091189,0.223169530970,-0.088157560219,0.088157560219,0.650057573183,0.640876522186,-0.009181050997,0.009181050997,0,0
482.sphinx3-1100B,l1d_prefetcher-gaze_l1i_prefetcher-barca_l2c_replacement-mockingjay,0.311332499604,0.222450966311,-0.088881533293,0.088881533293,0.650056358629,0.641419138117,-0.008637220512,0.008637220512,0,0
482.sphinx3-1100B,l1d_prefetcher-gaze_l1i_prefetcher-entangling_l2c_replacement-PACIPV,0.311327091189,0.222816706663,-0.088510384526,0.088510384526,0.650057573183,0.641207309285,-0.008850263898,0.008850263898,0,0
482.sphinx3-1100B,l1d_prefetcher-gaze_l1i_prefetcher-entangling_l2c_replacement-mockingjay,0.311332499604,0.222439769138,-0.088892730466,0.088892730466,0.650056358629,0.641330122523,-0.008726236106,0.008726236106,0,0
483.xalancbmk-127B,l1d_prefetcher-berti_l1i_prefetcher-barca_l2c_replacement-PACIPV,0.007403521352,0.009281295922,0.001877774570,0.001877774570,0.109016763889,0.114606286819,0.005589522930,0.005589522930,0,0
483.xalancbmk-127B,l1d_prefetcher-berti_l1i_prefetcher-barca_l2c_replacement-mockingjay,0.007414547253,0.009270575312,0.001856028059,0.001856028059,0.109044373124,0.112163619161,0.003119246037,0.003119246037,0,0
483.xalancbmk-127B,l1d_prefetcher-berti_l1i_prefetcher-entangling_l2c_replacement-PACIPV,0.007390360308,0.009263206888,0.001872846580,0.001872846580,0.108556026355,0.112518357387,0.003962331032,0.003962331032,0,0
483.xalancbmk-127B,l1d_prefetcher-berti_l1i_prefetcher-entangling_l2c_replacement-mockingjay,0.007399489364,0.009277957411,0.001878468047,0.001878468047,0.108594956570,0.111384245603,0.002789289033,0.002789289033,0,0
483.xalancbmk-127B,l1d_prefetcher-gaze_l1i_prefetcher-barca_l2c_replacement-PACIPV,0.046328440814,0.061757260176,0.015428819362,0.015428819362,0.373249358607,0.382811785774,0.009562427167,0.009562427167,0,0
483.xalancbmk-127B,l1d_prefetcher-gaze_l1i_prefetcher-barca_l2c_replacement-mockingjay,0.046308074250,0.061957388887,0.015649314637,0.015649314637,0.373361827263,0.384800353681,0.011438526418,0.011438526418,0,0
483.xalancbmk-127B,l1d_prefetcher-gaze_l1i_prefetcher-entangling_l2c_replacement-PACIPV,0.046266035842,0.061736979167,0.015470943325,0.015470943325,0.373140327380,0.383660148348,0.010519820968,0.010519820968,1,0
483.xalancbmk-127B,l1d_prefetcher-gaze_l1i_prefetcher-entangling_l2c_replacement-mockingjay,0.046289517167,0.062073501746,0.015783984579,0.015783984579,0.373122321263,0.383305469822,0.010183148559,0.010183148559,0,1
600.perlbench_s-1273B,l1d_prefetcher-berti_l1i_prefetcher-barca_l2c_replacement-PACIPV,0.003887476112,0.001797591228,-0.002089884884,0.002089884884,0.003241394493,0.000170363556,-0.003071030937,0.003071030937,0,0
600.perlbench_s-1273B,l1d_prefetcher-berti_l1i_prefetcher-barca_l2c_replacement-mockingjay,0.003887476112,0.001797591228,-0.002089884884,0.002089884884,0.003241394493,0.000170363556,-0.003071030937,0.003071030937,0,0
600.perlbench_s-1273B,l1d_prefetcher-berti_l1i_prefetcher-entangling_l2c_replacement-PACIPV,0.003887948259,0.001799856012,-0.002088092247,0.002088092247,0.003240793810,0.000172211890,-0.003068581920,0.003068581920,0,0
600.perlbench_s-1273B,l1d_prefetcher-berti_l1i_prefetcher-entangling_l2c_replacement-mockingjay,0.003887948259,0.001799856012,-0.002088092247,0.002088092247,0.003240793810,0.000172211890,-0.003068581920,0.003068581920,1,0
600.perlbench_s-1273B,l1d_prefetcher-gaze_l1i_prefetcher-barca_l2c_replacement-PACIPV,0.050508222183,0.036987222596,-0.013520999587,0.013520999587,0.287610762222,0.068535825545,-0.219074936677,0.219074936677,0,0
600.perlbench_s-1273B,l1d_prefetcher-gaze_l1i_prefetcher-barca_l2c_replacement-mockingjay,0.050508222183,0.036987222596,-0.013520999587,0.013520999587,0.287610762222,0.068535825545,-0.219074936677,0.219074936677,0,0
600.perlbench_s-1273B,l1d_prefetcher-gaze_l1i_prefetcher-entangling_l2c_replacement-PACIPV,0.050510037430,0.037563451777,-0.012946585653,0.012946585653,0.287610762222,0.072691552063,-0.214919210159,0.214919210159,0,0
600.perlbench_s-1273B,l1d_prefetcher-gaze_l1i_prefetcher-entangling_l2c_replacement-mockingjay,0.050510037430,0.037563451777,-0.012946585653,0.012946585653,0.287610762222,0.072691552063,-0.214919210159,0.214919210159,0,1
602.gcc_s-1850B,l1d_prefetcher-berti_l1i_prefetcher-barca_l2c_replacement-PACIPV,0.110752250547,0.109094785669,-0.001657464878,0.001657464878,0.065125543525,0.067517628097,0.002392084572,0.002392084572,0,0
602.gcc_s-1850B,l1d_prefetcher-berti_l1i_prefetcher-barca_l2c_replacement-mockingjay,0.110642093008,0.110516180809,-0.000125912199,0.000125912199,0.065085194731,0.068249757312,0.003164562581,0.003164562581,0,0
602.gcc_s-1850B,l1d_prefetcher-berti_l1i_prefetcher-entangling_l2c_replacement-PACIPV,0.110752250547,0.109094785669,-0.001657464878,0.001657464878,0.065125543525,0.067517628097,0.002392084572,0.002392084572,0,0
602.gcc_s-1850B,l1d_prefetcher-berti_l1i_prefetcher-entangling_l2c_replacement-mockingjay,0.110642093008,0.110516180809,-0.000125912199,0.000125912199,0.065085194731,0.068249757312,0.003164562581,0.003164562581,0,0
602.gcc_s-1850B,l1d_prefetcher-gaze_l1i_prefetcher-barca_l2c_replacement-PACIPV,0.484145287734,0.467501726996,-0.016643560738,0.016643560738,0.727673917290,0.714448393287,-0.013225524003,0.013225524003,0,0
602.gcc_s-1850B,l1d_prefetcher-gaze_l1i_prefetcher-barca_l2c_replacement-mockingjay,0.484117035504,0.467055050225,-0.017061985279,0.017061985279,0.727675855276,0.714570613859,-0.013105241417,0.013105241417,0,0
602.gcc_s-1850B,l1d_prefetcher-gaze_l1i_prefetcher-entangling_l2c_replacement-PACIPV,0.484145287734,0.467501726996,-0.016643560738,0.016643560738,0.727673917290,0.714448393287,-0.013225524003,0.013225524003,0,1
602.gcc_s-1850B,l1d_prefetcher-gaze_l1i_prefetcher-entangling_l2c_replacement-mockingjay,0.484117035504,0.467055050225,-0.017061985279,0.017061985279,0.727675855276,0.714570613859,-0.013105241417,0.013105241417,1,0
603.bwaves_s-1080B,l1d_prefetcher-berti_l1i_prefetcher-barca_l2c_replacement-PACIPV,0.001752296109,0.011256183887,0.009503887778,0.009503887778,0.043270987814,0.067090944987,0.023819957173,0.023819957173,0,0
603.bwaves_s-1080B,l1d_prefetcher-berti_l1i_prefetcher-barca_l2c_replacement-mockingjay,0.001752296109,0.011257042968,0.009504746859,0.009504746859,0.043270987814,0.066363029927,0.023092042113,0.023092042113,0,0
603.bwaves_s-1080B,l1d_prefetcher-berti_l1i_prefetcher-entangling_l2c_replacement-PACIPV,0.001752296109,0.011186725814,0.009434429705,0.009434429705,0.043270987814,0.066745848762,0.023474860948,0.023474860948,0,0
603.bwaves_s-1080B,l1d_prefetcher-berti_l1i_prefetcher-entangling_l2c_replacement-mockingjay,0.001752296109,0.011346409406,0.009594113297,0.009594113297,0.043270987814,0.067811808548,0.024540820734,0.024540820734,0,0
603.bwaves_s-1080B,l1d_prefetcher-gaze_l1i_prefetcher-barca_l2c_replacement-PACIPV,0.030137509284,0.012934999475,-0.017202509809,0.017202509809,0.560557736450,0.734175706282,0.173617969832,0.173617969832,0,0
603.bwaves_s-1080B,l1d_prefetcher-gaze_l1i_prefetcher-barca_l2c_replacement-mockingjay,0.030137509284,0.012933125306,-0.017204383978,0.017204383978,0.560557736450,0.734175706282,0.173617969832,0.173617969832,1,0
603.bwaves_s-1080B,l1d_prefetcher-gaze_l1i_prefetcher-entangling_l2c_replacement-PACIPV,0.030134875273,0.012926583554,-0.017208291719,0.017208291719,0.560557736450,0.734175706282,0.173617969832,0.173617969832,0,0
603.bwaves_s-1080B,l1d_prefetcher-gaze_l1i_prefetcher-entangling_l2c_replacement-mockingjay,0.030134875273,0.012933415384,-0.017201459889,0.017201459889,0.560557736450,0.734056502563,0.173498766113,0.173498766113,0,1
605.mcf_s-1152B,l1d_prefetcher-berti_l1i_prefetcher-barca_l2c_replacement-PACIPV,0.113420624474,0.156387070815,0.042966446341,0.042966446341,0.066513227427,0.071454618662,0.004941391235,0.004941391235,1,0
605.mcf_s-1152B,l1d_prefetcher-berti_l1i_prefetcher-barca_l2c_replacement-mockingjay,0.112716351147,0.155313182949,0.042596831802,0.042596831802,0.066564298728,0.071739377682,0.005175078954,0.005175078954,0,0
605.mcf_s-1152B,l1d_prefetcher-berti_l1i_prefetcher-entangling_l2c_replacement-PACIPV,0.113420496357,0.154956973509,0.041536477152,0.041536477152,0.066513161271,0.070903369394,0.004390208123,0.004390208123,0,0
605.mcf_s-1152B,l1d_prefetcher-berti_l1i_prefetcher-entangling_l2c_replacement-mockingjay,0.112716235118,0.155257426877,0.042541191759,0.042541191759,0.066564174252,0.071339319179,0.004775144927,0.004775144927,0,0
605.mcf_s-1152B,l1d_prefetcher-gaze_l1i_prefetcher-barca_l2c_replacement-PACIPV,0.107817554760,0.141909454478,0.034091899718,0.034091899718,0.691241981987,0.716167073614,0.024925091627,0.024925091627,0,0
605.mcf_s-1152B,l1d_prefetcher-gaze_l1i_prefetcher-barca_l2c_replacement-mockingjay,0.107590537359,0.141555197640,0.033964660281,0.033964660281,0.691299246322,0.716566844005,0.025267597683,0.025267597683,0,1
605.mcf_s-1152B,l1d_prefetcher-gaze_l1i_prefetcher-entangling_l2c_replacement-PACIPV,0.107817671599,0.141892358687,0.034074687088,0.034074687088,0.691241981987,0.715132904641,0.023890922654,0.023890922654,0,0
605.mcf_s-1152B,l1d_prefetcher-gaze_l1i_prefetcher-entangling_l2c_replacement-mockingjay,0.107590531035,0.141846429972,0.034255898937,0.034255898937,0.691299246322,0.716062014814,0.024762768492,0.024762768492,0,0
607.cactuBSSN_s-2421B,l1d_prefetcher-berti_l1i_prefetcher-barca_l2c_replacement-PACIPV,0.000000000000,0.000000000000,0.000000000000,0.000000000000,0.000000000000,0.000000000000,0.000000000000,0.000000000000,1,0
607.cactuBSSN_s-2421B,l1d_prefetcher-berti_l1i_prefetcher-barca_l2c_replacement-mockingjay,0.000000000000,0.000000000000,0.000000000000,0.000000000000,0.000000000000,0.000000000000,0.000000000000,0.000000000000,0,0
607.cactuBSSN_s-2421B,l1d_prefetcher-berti_l1i_prefetcher-entangling_l2c_replacement-PACIPV,0.000000000000,0.000000000000,0.000000000000,0.000000000000,0.000000000000,0.000000000000,0.000000000000,0.000000000000,0,0
607.cactuBSSN_s-2421B,l1d_prefetcher-berti_l1i_prefetcher-entangling_l2c_replacement-mockingjay,0.000000000000,0.000000000000,0.000000000000,0.000000000000,0.000000000000,0.000000000000,0.000000000000,0.000000000000,0,0
607.cactuBSSN_s-2421B,l1d_prefetcher-gaze_l1i_prefetcher-barca_l2c_replacement-PACIPV,0.086145142487,0.095252755990,0.009107613503,0.009107613503,0.481443016045,0.452049196388,-0.029393819657,0.029393819657,0,0
607.cactuBSSN_s-2421B,l1d_prefetcher-gaze_l1i_prefetcher-barca_l2c_replacement-mockingjay,0.086173268342,0.095013062039,0.008839793697,0.008839793697,0.481358432915,0.450318348447,-0.031040084468,0.031040084468,0,1
607.cactuBSSN_s-2421B,l1d_prefetcher-gaze_l1i_prefetcher-entangling_l2c_replacement-PACIPV,0.085910913428,0.095435094073,0.009524180645,0.009524180645,0.480977961493,0.452756655590,-0.028221305903,0.028221305903,0,0
607.cactuBSSN_s-2421B,l1d_prefetcher-gaze_l1i_prefetcher-entangling_l2c_replacement-mockingjay,0.085858433246,0.093873126702,0.008014693456,0.008014693456,0.481207619630,0.449338920557,-0.031868699073,0.031868699073,0,0
619.lbm_s-2676B,l1d_prefetcher-berti_l1i_prefetcher-barca_l2c_replacement-PACIPV,0.016469460411,0.018125065712,0.001655605301,0.001655605301,0.085018593427,0.088507473688,0.003488880261,0.003488880261,0,0
619.lbm_s-2676B,l1d_prefetcher-berti_l1i_prefetcher-barca_l2c_replacement-mockingjay,0.016479361740,0.017934780908,0.001455419168,0.001455419168,0.085064367667,0.088768162696,0.003703795029,0.003703795029,0,0
619.lbm_s-2676B,l1d_prefetcher-berti_l1i_prefetcher-entangling_l2c_replacement-PACIPV,0.016469460411,0.018125065712,0.001655605301,0.001655605301,0.085018593427,0.088507473688,0.003488880261,0.003488880261,0,0
619.lbm_s-2676B,l1d_prefetcher-berti_l1i_prefetcher-entangling_l2c_replacement-mockingjay,0.016479361740,0.017934780908,0.001455419168,0.001455419168,0.085064367667,0.088768162696,0.003703795029,0.003703795029,0,0
619.lbm_s-2676B,l1d_prefetcher-gaze_l1i_prefetcher-barca_l2c_replacement-PACIPV,0.000774982322,0.009883522809,0.009108540487,0.009108540487,0.442939636738,0.580861278303,0.137921641565,0.137921641565,0,0
619.lbm_s-2676B,l1d_prefetcher-gaze_l1i_prefetcher-barca_l2c_replacement-mockingjay,0.000763299637,0.009967872499,0.009204572862,0.009204572862,0.461061196197,0.586379928315,0.125318732118,0.125318732118,0,0
619.lbm_s-2676B,l1d_prefetcher-gaze_l1i_prefetcher-entangling_l2c_replacement-PACIPV,0.000774982322,0.009883522809,0.009108540487,0.009108540487,0.442939636738,0.580861278303,0.137921641565,0.137921641565,1,0
619.lbm_s-2676B,l1d_prefetcher-gaze_l1i_prefetcher-entangling_l2c_replacement-mockingjay,0.000763299637,0.009967872499,0.009204572862,0.009204572862,0.461061196197,0.586379928315,0.125318732118,0.125318732118,0,1
620.omnetpp_s-141B,l1d_prefetcher-berti_l1i_prefetcher-barca_l2c_replacement-PACIPV,0.000081232057,0.000131397891,0.000050165834,0.000050165834,0.006207124957,0.056103896104,0.049896771147,0.049896771147,0,0
620.omnetpp_s-141B,l1d_prefetcher-berti_l1i_prefetcher-barca_l2c_replacement-mockingjay,0.000079229254,0.000109635899,0.000030406645,0.000030406645,0.006227908163,0.063965884861,0.057737976698,0.057737976698,0,0
620.omnetpp_s-141B,l1d_prefetcher-berti_l1i_prefetcher-entangling_l2c_replacement-PACIPV,0.000089229674,0.000152084038,0.000062854364,0.000062854364,0.005986288067,0.086505190311,0.080518902244,0.080518902244,0,0
620.omnetpp_s-141B,l1d_prefetcher-berti_l1i_prefetcher-entangling_l2c_replacement-mockingjay,0.000090110224,0.000091323979,0.000001213755,0.000001213755,0.007808639389,0.060048038431,0.052239399042,0.052239399042,0,1
620.omnetpp_s-141B,l1d_prefetcher-gaze_l1i_prefetcher-barca_l2c_replacement-PACIPV,0.012777246378,0.017738396624,0.004961150246,0.004961150246,0.143382587704,0.148340170876,0.004957583172,0.004957583172,0,0
620.omnetpp_s-141B,l1d_prefetcher-gaze_l1i_prefetcher-barca_l2c_replacement-mockingjay,0.012768926481,0.017782668290,0.005013741809,0.005013741809,0.143201765544,0.148564600055,0.005362834511,0.005362834511,0,0
620.omnetpp_s-141B,l1d_prefetcher-gaze_l1i_prefetcher-entangling_l2c_replacement-PACIPV,0.012804536020,0.017682697991,0.004878161971,0.004878161971,0.143315568660,0.147684828919,0.004369260259,0.004369260259,1,0
620.omnetpp_s-141B,l1d_prefetcher-gaze_l1i_prefetcher-entangling_l2c_replacement-mockingjay,0.012762954434,0.017652867059,0.004889912625,0.004889912625,0.142843709488,0.147465827423,0.004622117935,0.004622117935,0,0
621.wrf_s-575B,l1d_prefetcher-berti_l1i_prefetcher-barca_l2c_replacement-PACIPV,0.000000000000,0.000000000000,0.000000000000,0.000000000000,0.000000000000,0.000000000000,0.000000000000,0.000000000000,0,0
621.wrf_s-575B,l1d_prefetcher-berti_l1i_prefetcher-barca_l2c_replacement-mockingjay,0.000000000000,0.000000000000,0.000000000000,0.000000000000,0.000000000000,0.000000000000,0.000000000000,0.000000000000,0,0
621.wrf_s-575B,l1d_prefetcher-berti_l1i_prefetcher-entangling_l2c_replacement-PACIPV,0.000000000000,0.000000000000,0.000000000000,0.000000000000,0.000000000000,0.000000000000,0.000000000000,0.000000000000,0,0
621.wrf_s-575B,l1d_prefetcher-berti_l1i_prefetcher-entangling_l2c_replacement-mockingjay,0.000000000000,0.000000000000,0.000000000000,0.000000000000,0.000000000000,0.000000000000,0.000000000000,0.000000000000,1,0
621.wrf_s-575B,l1d_prefetcher-gaze_l1i_prefetcher-barca_l2c_replacement-PACIPV,0.002769510019,0.067044868489,0.064275358470,0.064275358470,0.035586299592,0.330788804071,0.295202504479,0.295202504479,0,0
621.wrf_s-575B,l1d_prefetcher-gaze_l1i_prefetcher-barca_l2c_replacement-mockingjay,0.002769510019,0.067044868489,0.064275358470,0.064275358470,0.035586299592,0.330788804071,0.295202504479,0.295202504479,0,0
621.wrf_s-575B,l1d_prefetcher-gaze_l1i_prefetcher-entangling_l2c_replacement-PACIPV,0.002769510019,0.067010309278,0.064240799259,0.064240799259,0.035586299592,0.330788804071,0.295202504479,0.295202504479,0,0
621.wrf_s-575B,l1d_prefetcher-gaze_l1i_prefetcher-entangling_l2c_replacement-mockingjay,0.002769510019,0.067010309278,0.064240799259,0.064240799259,0.035586299592,0.330788804071,0.295202504479,0.295202504479,0,1
623.xalancbmk_s-10B,l1d_prefetcher-berti_l1i_prefetcher-barca_l2c_replacement-PACIPV,0.005383509808,0.008124381928,0.002740872120,0.002740872120,0.093307483780,0.071210082796,-0.022097400984,0.022097400984,0,0
623.xalancbmk_s-10B,l1d_prefetcher-berti_l1i_prefetcher-barca_l2c_replacement-mockingjay,0.005318067255,0.008048548982,0.002730481727,0.002730481727,0.092898730845,0.070321867256,-0.022576863589,0.022576863589,0,0
623.xalancbmk_s-10B,l1d_prefetcher-berti_l1i_prefetcher-entangling_l2c_replacement-PACIPV,0.005345408565,0.008095182782,0.002749774217,0.002749774217,0.092700373774,0.070694936633,-0.022005437141,0.022005437141,0,0
623.xalancbmk_s-10B,l1d_prefetcher-berti_l1i_prefetcher-entangling_l2c_replacement-mockingjay,0.005320580468,0.007991976062,0.002671395594,0.002671395594,0.092543301349,0.070104001175,-0.022439300174,0.022439300174,0,1
623.xalancbmk_s-10B,l1d_prefetcher-gaze_l1i_prefetcher-barca_l2c_replacement-PACIPV,0.032591236206,0.043315168797,0.010723932591,0.010723932591,0.241876510800,0.235383971855,-0.006492538945,0.006492538945,0,0
623.xalancbmk_s-10B,l1d_prefetcher-gaze_l1i_prefetcher-barca_l2c_replacement-mockingjay,0.032545877651,0.043753790738,0.011207913087,0.011207913087,0.241732027572,0.237745820721,-0.003986206851,0.003986206851,0,0
623.xalancbmk_s-10B,l1d_prefetcher-gaze_l1i_prefetcher-entangling_l2c_replacement-PACIPV,0.032614361802,0.043836652989,0.011222291187,0.011222291187,0.242106751124,0.237567289483,-0.004539461641,0.004539461641,0,0
623.xalancbmk_s-10B,l1d_prefetcher-gaze_l1i_prefetcher-entangling_l2c_replacement-mockingjay,0.032637344495,0.044219978016,0.011582633521,0.011582633521,0.242298242849,0.239246962330,-0.003051280519,0.003051280519,1,0
625.x264_s-12B,l1d_prefetcher-berti_l1i_prefetcher-barca_l2c_replacement-PACIPV,0.015309005601,0.032487818296,0.017178812695,0.017178812695,0.008451124421,0.009082744433,0.000631620012,0.000631620012,0,0
625.x264_s-12B,l1d_prefetcher-berti_l1i_prefetcher-barca_l2c_replacement-mockingjay,0.015309005601,0.031582484594,0.016273478993,0.016273478993,0.008451124421,0.009249490200,0.000798365779,0.000798365779,1,0
625.x264_s-12B,l1d_prefetcher-berti_l1i_prefetcher-entangling_l2c_replacement-PACIPV,0.015501016619,0.032694520103,0.017193503484,0.017193503484,0.008619620605,0.008900965052,0.000281344447,0.000281344447,0,0
625.x264_s-12B,l1d_prefetcher-berti_l1i_prefetcher-entangling_l2c_replacement-mockingjay,0.015501016619,0.030779252111,0.015278235492,0.015278235492,0.008619620605,0.009076318478,0.000456697873,0.000456697873,0,1
625.x264_s-12B,l1d_prefetcher-gaze_l1i_prefetcher-barca_l2c_replacement-PACIPV,0.017511778293,0.025428246911,0.007916468618,0.007916468618,0.424153240824,0.692550505051,0.268397264227,0.268397264227,0,0
625.x264_s-12B,l1d_prefetcher-gaze_l1i_prefetcher-barca_l2c_replacement-mockingjay,0.017511778293,0.025422745935,0.007910967642,0.007910967642,0.424153240824,0.703917790623,0.279764549799,0.279764549799,0,0
625.x264_s-12B,l1d_prefetcher-gaze_l1i_prefetcher-entangling_l2c_replacement-PACIPV,0.017540667141,0.025430015300,0.007889348159,0.007889348159,0.425026224384,0.692550505051,0.267524280667,0.267524280667,0,0
625.x264_s-12B,l1d_prefetcher-gaze_l1i_prefetcher-entangling_l2c_replacement-mockingjay,0.017540667141,0.025428054383,0.007887387242,0.007887387242,0.425026224384,0.703917790623,0.278891566239,0.278891566239,0,0
627.cam4_s-490B,l1d_prefetcher-berti_l1i_prefetcher-barca_l2c_replacement-PACIPV,0.138022093344,0.143016025953,0.004993932609,0.004993932609,0.054058148908,0.053728597888,-0.000329551020,0.000329551020,0,0
627.cam4_s-490B,l1d_prefetcher-berti_l1i_prefetcher-barca_l2c_replacement-mockingjay,0.138030475896,0.143597355594,0.005566879698,0.005566879698,0.054007231104,0.053977877350,-0.000029353754,0.000029353754,0,0
627.cam4_s-490B,l1d_prefetcher-berti_l1i_prefetcher-entangling_l2c_replacement-PACIPV,0.138022093344,0.143475863387,0.005453770043,0.005453770043,0.054058148908,0.053742414702,-0.000315734206,0.000315734206,0,0
627.cam4_s-490B,l1d_prefetcher-berti_l1i_prefetcher-entangling_l2c_replacement-mockingjay,0.138030475896,0.142921009329,0.004890533433,0.004890533433,0.054007231104,0.053789303743,-0.000217927361,0.000217927361,0,0
627.cam4_s-490B,l1d_prefetcher-gaze_l1i_prefetcher-barca_l2c_replacement-PACIPV,0.241430995829,0.199481254175,-0.041949741654,0.041949741654,0.650149024943,0.704456321415,0.054307296472,0.054307296472,0,0
627.cam4_s-490B,l1d_prefetcher-gaze_l1i_prefetcher-barca_l2c_replacement-mockingjay,0.241194446837,0.200973976881,-0.040220469956,0.040220469956,0.650052533892,0.704806102895,0.054753569003,0.054753569003,0,0
627.cam4_s-490B,l1d_prefetcher-gaze_l1i_prefetcher-entangling_l2c_replacement-PACIPV,0.241430995829,0.200695272855,-0.040735722974,0.040735722974,0.650149024943,0.704541954221,0.054392929278,0.054392929278,1,1
627.cam4_s-490B,l1d_prefetcher-gaze_l1i_prefetcher-entangling_l2c_replacement-mockingjay,0.241194446837,0.200550726630,-0.040643720207,0.040643720207,0.650052533892,0.704325085496,0.054272551604,0.054272551604,0,0
628.pop2_s-17B,l1d_prefetcher-berti_l1i_prefetcher-barca_l2c_replacement-PACIPV,0.096974324004,0.131797246358,0.034822922354,0.034822922354,0.083001727419,0.080279249854,-0.002722477565,0.002722477565,0,0
628.pop2_s-17B,l1d_prefetcher-berti_l1i_prefetcher-barca_l2c_replacement-mockingjay,0.097103497218,0.130985983040,0.033882485822,0.033882485822,0.083059150079,0.080335077996,-0.002724072083,0.002724072083,0,0
628.pop2_s-17B,l1d_prefetcher-berti_l1i_prefetcher-entangling_l2c_replacement-PACIPV,0.096989784128,0.131005586103,0.034015801975,0.034015801975,0.083050092258,0.080066055258,-0.002984037000,0.002984037000,0,1
628.pop2_s-17B,l1d_prefetcher-berti_l1i_prefetcher-entangling_l2c_replacement-mockingjay,0.097117746100,0.131282481315,0.034164735215,0.034164735215,0.083105363183,0.080288663245,-0.002816699938,0.002816699938,1,0
628.pop2_s-17B,l1d_prefetcher-gaze_l1i_prefetcher-barca_l2c_replacement-PACIPV,0.151299578587,0.104063022472,-0.047236556115,0.047236556115,0.580725958413,0.545667976249,-0.035057982164,0.035057982164,0,0
628.pop2_s-17B,l1d_prefetcher-gaze_l1i_prefetcher-barca_l2c_replacement-mockingjay,0.151301130135,0.102749190040,-0.048551940095,0.048551940095,0.580644310749,0.542961706686,-0.037682604063,0.037682604063,0,0
628.pop2_s-17B,l1d_prefetcher-gaze_l1i_prefetcher-entangling_l2c_replacement-PACIPV,0.151293830893,0.103641866325,-0.047651964568,0.047651964568,0.580712654763,0.543397482774,-0.037315171989,0.037315171989,0,0
628.pop2_s-17B,l1d_prefetcher-gaze_l1i_prefetcher-entangling_l2c_replacement-mockingjay,0.151287476375,0.103637033171,-0.047650443204,0.047650443204,0.580629314711,0.544459741739,-0.036169572972,0.036169572972,0,0
631.deepsjeng_s-928B,l1d_prefetcher-berti_l1i_prefetcher-barca_l2c_replacement-PACIPV,0.000000000000,0.000000000000,0.000000000000,0.000000000000,0.000000000000,0.000000000000,0.000000000000,0.000000000000,0,0
631.deepsjeng_s-928B,l1d_prefetcher-berti_l1i_prefetcher-barca_l2c_replacement-mockingjay,0.000000000000,0.000000000000,0.000000000000,0.000000000000,0.000000000000,0.000000000000,0.000000000000,0.000000000000,0,1
631.deepsjeng_s-928B,l1d_prefetcher-berti_l1i_prefetcher-entangling_l2c_replacement-PACIPV,0.000000000000,0.000000000000,0.000000000000,0.000000000000,0.000000000000,0.000000000000,0.000000000000,0.000000000000,0,0
631.deepsjeng_s-928B,l1d_prefetcher-berti_l1i_prefetcher-entangling_l2c_replacement-mockingjay,0.000000000000,0.000000000000,0.000000000000,0.000000000000,0.000000000000,0.000000000000,0.000000000000,0.000000000000,0,0
631.deepsjeng_s-928B,l1d_prefetcher-gaze_l1i_prefetcher-barca_l2c_replacement-PACIPV,0.009187467682,0.004197947670,-0.004989520012,0.004989520012,0.236758914675,0.102997275204,-0.133761639471,0.133761639471,0,0
631.deepsjeng_s-928B,l1d_prefetcher-gaze_l1i_prefetcher-barca_l2c_replacement-mockingjay,0.009187467682,0.004208567758,-0.004978899924,0.004978899924,0.236758914675,0.100635593220,-0.136123321455,0.136123321455,1,0
631.deepsjeng_s-928B,l1d_prefetcher-gaze_l1i_prefetcher-entangling_l2c_replacement-PACIPV,0.009165525881,0.004310919515,-0.004854606366,0.004854606366,0.237097685435,0.105434782609,-0.131662902826,0.131662902826,0,0
631.deepsjeng_s-928B,l1d_prefetcher-gaze_l1i_prefetcher-entangling_l2c_replacement-mockingjay,0.009165525881,0.004297074003,-0.004868451878,0.004868451878,0.237097685435,0.104469574583,-0.132628110852,0.132628110852,0,0
638.imagick_s-10316B,l1d_prefetcher-berti_l1i_prefetcher-barca_l2c_replacement-PACIPV,0.142415252142,0.382840056086,0.240424803944,0.240424803944,0.042351951444,0.056489832738,0.014137881294,0.014137881294,0,0
638.imagick_s-10316B,l1d_prefetcher-berti_l1i_prefetcher-barca_l2c_replacement-mockingjay,0.142415252142,0.387815588032,0.245400335890,0.245400335890,0.042351951444,0.056636914583,0.014284963139,0.014284963139,0,0
638.imagick_s-10316B,l1d_prefetcher-berti_l1i_prefetcher-entangling_l2c_replacement-PACIPV,0.142415252142,0.382840056086,0.240424803944,0.240424803944,0.042351951444,0.056489832738,0.014137881294,0.014137881294,0,0
638.imagick_s-10316B,l1d_prefetcher-berti_l1i_prefetcher-entangling_l2c_replacement-mockingjay,0.142415252142,0.387815588032,0.245400335890,0.245400335890,0.042351951444,0.056636914583,0.014284963139,0.014284963139,1,1
638.imagick_s-10316B,l1d_prefetcher-gaze_l1i_prefetcher-barca_l2c_replacement-PACIPV,0.238847700410,0.153247178899,-0.085600521511,0.085600521511,0.625450552818,0.857202194245,0.231751641427,0.231751641427,0,0
638.imagick_s-10316B,l1d_prefetcher-gaze_l1i_prefetcher-barca_l2c_replacement-mockingjay,0.238847700410,0.153263455496,-0.085584244914,0.085584244914,0.625450552818,0.857187871496,0.231737318678,0.231737318678,0,0
638.imagick_s-10316B,l1d_prefetcher-gaze_l1i_prefetcher-entangling_l2c_replacement-PACIPV,0.238847700410,0.153247178899,-0.085600521511,0.085600521511,0.625450552818,0.857202194245,0.231751641427,0.231751641427,0,0
638.imagick_s-10316B,l1d_prefetcher-gaze_l1i_prefetcher-entangling_l2c_replacement-mockingjay,0.238847700410,0.153263455496,-0.085584244914,0.085584244914,0.625450552818,0.857187871496,0.231737318678,0.231737318678,0,0
641.leela_s-1052B,l1d_prefetcher-berti_l1i_prefetcher-barca_l2c_replacement-PACIPV,0.020497686086,0.070586991196,0.050089305110,0.050089305110,0.015102654406,0.034140748539,0.019038094133,0.019038094133,0,0
641.leela_s-1052B,l1d_prefetcher-berti_l1i_prefetcher-barca_l2c_replacement-mockingjay,0.020497686086,0.071566645386,0.051068959300,0.051068959300,0.015102654406,0.034377302717,0.019274648311,0.019274648311,1,0
641.leela_s-1052B,l1d_prefetcher-berti_l1i_prefetcher-entangling_l2c_replacement-PACIPV,0.020467759560,0.071649352145,0.051181592585,0.051181592585,0.015125626416,0.034558471738,0.019432845322,0.019432845322,0,0
641.leela_s-1052B,l1d_prefetcher-berti_l1i_prefetcher-entangling_l2c_replacement-mockingjay,0.020467759560,0.071483352286,0.051015592726,0.051015592726,0.015125626416,0.034500510551,0.019374884135,0.019374884135,0,0
641.leela_s-1052B,l1d_prefetcher-gaze_l1i_prefetcher-barca_l2c_replacement-PACIPV,0.050421199192,0.122584466207,0.072163267015,0.072163267015,0.509997057229,0.545276314177,0.035279256948,0.035279256948,0,0
641.leela_s-1052B,l1d_prefetcher-gaze_l1i_prefetcher-barca_l2c_replacement-mockingjay,0.050421199192,0.122964618866,0.072543419674,0.072543419674,0.509997057229,0.544848670131,0.034851612902,0.034851612902,0,1
641.leela_s-1052B,l1d_prefetcher-gaze_l1i_prefetcher-entangling_l2c_replacement-PACIPV,0.050495318058,0.123715753425,0.073220435367,0.073220435367,0.511400030239,0.543364871422,0.031964841183,0.031964841183,0,0
641.leela_s-1052B,l1d_prefetcher-gaze_l1i_prefetcher-entangling_l2c_replacement-mockingjay,0.050495318058,0.123154956051,0.072659637993,0.072659637993,0.511400030239,0.541866828823,0.030466798584,0.030466798584,0,0
644.nab_s-12459B,l1d_prefetcher-berti_l1i_prefetcher-barca_l2c_replacement-PACIPV,0.026232804836,0.037068703537,0.010835898701,0.010835898701,0.021302311146,0.023191436833,0.001889125687,0.001889125687,0,0
644.nab_s-12459B,l1d_prefetcher-berti_l1i_prefetcher-barca_l2c_replacement-mockingjay,0.026232804836,0.035529207751,0.009296402915,0.009296402915,0.021302311146,0.022627585164,0.001325274018,0.001325274018,0,0
644.nab_s-12459B,l1d_prefetcher-berti_l1i_prefetcher-entangling_l2c_replacement-PACIPV,0.026232804836,0.037068703537,0.010835898701,0.010835898701,0.021302311146,0.023191436833,0.001889125687,0.001889125687,0,0
644.nab_s-12459B,l1d_prefetcher-berti_l1i_prefetcher-entangling_l2c_replacement-mockingjay,0.026232804836,0.035529207751,0.009296402915,0.009296402915,0.021302311146,0.022627585164,0.001325274018,0.001325274018,1,0
644.nab_s-12459B,l1d_prefetcher-gaze_l1i_prefetcher-barca_l2c_replacement-PACIPV,0.049395820189,0.072882445899,0.023486625710,0.023486625710,0.532468117413,0.639125683060,0.106657565647,0.106657565647,0,0
644.nab_s-12459B,l1d_prefetcher-gaze_l1i_prefetcher-barca_l2c_replacement-mockingjay,0.049395820189,0.073258848597,0.023863028408,0.023863028408,0.532468117413,0.640448457881,0.107980340468,0.107980340468,0,0
644.nab_s-12459B,l1d_prefetcher-gaze_l1i_prefetcher-entangling_l2c_replacement-PACIPV,0.049395820189,0.072882445899,0.023486625710,0.023486625710,0.532468117413,0.639125683060,0.106657565647,0.106657565647,0,0
644.nab_s-12459B,l1d_prefetcher-gaze_l1i_prefetcher-entangling_l2c_replacement-mockingjay,0.049395820189,0.073258848597,0.023863028408,0.023863028408,0.532468117413,0.640448457881,0.107980340468,0.107980340468,0,1
648.exchange2_s-1227B,l1d_prefetcher-berti_l1i_prefetcher-barca_l2c_replacement-PACIPV,0.005757409170,0.000000000000,-0.005757409170,0.005757409170,0.053039244436,0.000000000000,-0.053039244436,0.053039244436,0,0
648.exchange2_s-1227B,l1d_prefetcher-berti_l1i_prefetcher-barca_l2c_replacement-mockingjay,0.005757409170,0.000000000000,-0.005757409170,0.005757409170,0.053039244436,0.000000000000,-0.053039244436,0.053039244436,0,0
648.exchange2_s-1227B,l1d_prefetcher-berti_l1i_prefetcher-entangling_l2c_replacement-PACIPV,0.005757587223,0.000000000000,-0.005757587223,0.005757587223,0.053039244436,0.000000000000,-0.053039244436,0.053039244436,0,0
648.exchange2_s-1227B,l1d_prefetcher-berti_l1i_prefetcher-entangling_l2c_replacement-mockingjay,0.005757587223,0.000000000000,-0.005757587223,0.005757587223,0.053039244436,0.000000000000,-0.053039244436,0.053039244436,0,1
648.exchange2_s-1227B,l1d_prefetcher-gaze_l1i_prefetcher-barca_l2c_replacement-PACIPV,0.067795673861,0.003584229391,-0.064211444470,0.064211444470,0.709155397061,0.085714285714,-0.623441111347,0.623441111347,0,0
648.exchange2_s-1227B,l1d_prefetcher-gaze_l1i_prefetcher-barca_l2c_replacement-mockingjay,0.067795673861,0.003584229391,-0.064211444470,0.064211444470,0.709155397061,0.085714285714,-0.623441111347,0.623441111347,1,0
648.exchange2_s-1227B,l1d_prefetcher-gaze_l1i_prefetcher-entangling_l2c_replacement-PACIPV,0.067761919123,0.003562945368,-0.064198973755,0.064198973755,0.709155397061,0.088235294118,-0.620920102943,0.620920102943,0,0
648.exchange2_s-1227B,l1d_prefetcher-gaze_l1i_prefetcher-entangling_l2c_replacement-mockingjay,0.067761919123,0.003562945368,-0.064198973755,0.064198973755,0.709155397061,0.088235294118,-0.620920102943,0.620920102943,0,0
649.fotonik3d_s-10881B,l1d_prefetcher-berti_l1i_prefetcher-barca_l2c_replacement-PACIPV,0.033816055774,0.035947759256,0.002131703482,0.002131703482,0.026803064821,0.025545772517,-0.001257292304,0.001257292304,0,0
649.fotonik3d_s-10881B,l1d_prefetcher-berti_l1i_prefetcher-barca_l2c_replacement-mockingjay,0.033840242819,0.036281005348,0.002440762529,0.002440762529,0.026807943919,0.025486268593,-0.001321675326,0.001321675326,0,0
649.fotonik3d_s-10881B,l1d_prefetcher-berti_l1i_prefetcher-entangling_l2c_replacement-PACIPV,0.033816055774,0.035947759256,0.002131703482,0.002131703482,0.026803064821,0.025545772517,-0.001257292304,0.001257292304,0,0
649.fotonik3d_s-10881B,l1d_prefetcher-berti_l1i_prefetcher-entangling_l2c_replacement-mockingjay,0.033840242819,0.036281005348,0.002440762529,0.002440762529,0.026807943919,0.025486268593,-0.001321675326,0.001321675326,1,0
649.fotonik3d_s-10881B,l1d_prefetcher-gaze_l1i_prefetcher-barca_l2c_replacement-PACIPV,0.260717592129,0.315919225122,0.055201632993,0.055201632993,0.593642248298,0.637786201152,0.044143952854,0.044143952854,0,0
649.fotonik3d_s-10881B,l1d_prefetcher-gaze_l1i_prefetcher-barca_l2c_replacement-mockingjay,0.260644672941,0.303789233495,0.043144560554,0.043144560554,0.593623669785,0.638488486786,0.044864817001,0.044864817001,0,0
649.fotonik3d_s-10881B,l1d_prefetcher-gaze_l1i_prefetcher-entangling_l2c_replacement-PACIPV,0.260717592129,0.315919225122,0.055201632993,0.055201632993,0.593642248298,0.637786201152,0.044143952854,0.044143952854,0,1
649.fotonik3d_s-10881B,l1d_prefetcher-gaze_l1i_prefetcher-entangling_l2c_replacement-mockingjay,0.260644672941,0.303789233495,0.043144560554,0.043144560554,0.593623669785,0.638488486786,0.044864817001,0.044864817001,0,0
654.roms_s-1007B,l1d_prefetcher-berti_l1i_prefetcher-barca_l2c_replacement-PACIPV,0.062860599740,0.093632236330,0.030771636590,0.030771636590,0.014811530448,0.008416991286,-0.006394539162,0.006394539162,0,0
654.roms_s-1007B,l1d_prefetcher-berti_l1i_prefetcher-barca_l2c_replacement-mockingjay,0.062860599740,0.093412771326,0.030552171586,0.030552171586,0.014811530448,0.008427577880,-0.006383952568,0.006383952568,0,0
654.roms_s-1007B,l1d_prefetcher-berti_l1i_prefetcher-entangling_l2c_replacement-PACIPV,0.062860599740,0.093632236330,0.030771636590,0.030771636590,0.014811530448,0.008416991286,-0.006394539162,0.006394539162,0,1
654.roms_s-1007B,l1d_prefetcher-berti_l1i_prefetcher-entangling_l2c_replacement-mockingjay,0.062860599740,0.093412771326,0.030552171586,0.030552171586,0.014811530448,0.008427577880,-0.006383952568,0.006383952568,1,0
654.roms_s-1007B,l1d_prefetcher-gaze_l1i_prefetcher-barca_l2c_replacement-PACIPV,0.219331937498,0.401961915753,0.182629978255,0.182629978255,0.526924202484,0.670355579079,0.143431376595,0.143431376595,0,0
654.roms_s-1007B,l1d_prefetcher-gaze_l1i_prefetcher-barca_l2c_replacement-mockingjay,0.219331937498,0.400252851766,0.180920914268,0.180920914268,0.526924202484,0.669132481506,0.142208279022,0.142208279022,0,0
654.roms_s-1007B,l1d_prefetcher-gaze_l1i_prefetcher-entangling_l2c_replacement-PACIPV,0.219331937498,0.401961915753,0.182629978255,0.182629978255,0.526924202484,0.670355579079,0.143431376595,0.143431376595,0,0
654.roms_s-1007B,l1d_prefetcher-gaze_l1i_prefetcher-entangling_l2c_replacement-mockingjay,0.219331937498,0.400252851766,0.180920914268,0.180920914268,0.526924202484,0.669132481506,0.142208279022,0.142208279022,0,0
657.xz_s-2302B,l1d_prefetcher-berti_l1i_prefetcher-barca_l2c_replacement-PACIPV,0.001117884594,0.006495541438,0.005377656844,0.005377656844,0.000281244742,0.010034391052,0.009753146310,0.009753146310,0,1
657.xz_s-2302B,l1d_prefetcher-berti_l1i_prefetcher-barca_l2c_replacement-mockingjay,0.001127041486,0.006513366561,0.005386325075,0.005386325075,0.000281860370,0.010094613489,0.009812753119,0.009812753119,0,0
657.xz_s-2302B,l1d_prefetcher-berti_l1i_prefetcher-entangling_l2c_replacement-PACIPV,0.001117863565,0.006479542412,0.005361678847,0.005361678847,0.000281244742,0.010068769949,0.009787525207,0.009787525207,0,0
657.xz_s-2302B,l1d_prefetcher-berti_l1i_prefetcher-entangling_l2c_replacement-mockingjay,0.001127021211,0.006588392229,0.005461371018,0.005461371018,0.000281860370,0.010120951619,0.009839091249,0.009839091249,0,0
657.xz_s-2302B,l1d_prefetcher-gaze_l1i_prefetcher-barca_l2c_replacement-PACIPV,0.010007327456,0.013451166968,0.003443839512,0.003443839512,0.279594110086,0.252404801654,-0.027189308432,0.027189308432,1,0
657.xz_s-2302B,l1d_prefetcher-gaze_l1i_prefetcher-barca_l2c_replacement-mockingjay,0.010007422324,0.013507090904,0.003499668580,0.003499668580,0.279594110086,0.252118811881,-0.027475298205,0.027475298205,0,0
657.xz_s-2302B,l1d_prefetcher-gaze_l1i_prefetcher-entangling_l2c_replacement-PACIPV,0.010008374704,0.013485468391,0.003477093687,0.003477093687,0.279341568898,0.253341820496,-0.025999748402,0.025999748402,0,0
657.xz_s-2302B,l1d_prefetcher-gaze_l1i_prefetcher-entangling_l2c_replacement-mockingjay,0.010008469569,0.013416159603,0.003407690034,0.003407690034,0.279341568898,0.252594603225,-0.026746965673,0.026746965673,0,0
